EmployeeNumber,Risk_%,Prediction,Status,Department
1,43.2,0,Safe,Sales
1,41.3,0,Safe,Sales
7,43.2,0,Safe,Sales
8,41.3,0,Safe,Sales
9,43.2,0,Safe,Sales
10,10.2,0,Safe,Sales
11,6.2,0,Safe,Sales
13,41.3,0,Safe,Sales
17,43.2,0,Safe,Sales
18,41.3,0,Safe,Sales
1,43.2,0,Safe,Sales
1,41.3,0,Safe,Sales
7,43.2,0,Safe,Sales
560,32.8,0,Safe,Sales
561,35.0,0,Safe,Sales
563,32.8,0,Safe,Sales
564,35.0,0,Safe,Sales
570,32.8,0,Safe,Sales
571,35.0,0,Safe,Sales
573,32.8,0,Safe,Sales
574,35.0,0,Safe,Sales
855,36.5,0,Safe,Research & Development
858,42.9,0,Safe,Research & Development
861,36.5,0,Safe,Research & Development
862,40.5,0,Safe,Research & Development
863,36.5,0,Safe,Research & Development
866,42.9,0,Safe,Research & Development
869,36.5,0,Safe,Research & Development
870,40.5,0,Safe,Research & Development
2989,40.2,0,Safe,Sales
2992,53.4,1,HIGH RISK,Sales
2995,31.4,0,Safe,Sales
2996,40.2,0,Safe,Sales
2997,40.2,0,Safe,Sales
3000,53.4,1,HIGH RISK,Sales
3003,31.4,0,Safe,Sales
3004,40.2,0,Safe,Sales
4899,42.1,0,Safe,Research & Development
4900,37.7,0,Safe,Research & Development
4904,42.1,0,Safe,Research & Development
4905,37.7,0,Safe,Research & Development
4907,42.1,0,Safe,Research & Development
4908,37.7,0,Safe,Research & Development
4912,37.7,0,Safe,Research & Development
5923,33.5,0,Safe,Sales
5925,36.4,0,Safe,Sales
5929,33.5,0,Safe,Sales
5930,36.4,0,Safe,Sales
5931,33.5,0,Safe,Sales
5933,36.4,0,Safe,Sales
5937,33.5,0,Safe,Sales
5938,36.4,0,Safe,Sales
6153,13.0,0,Safe,Research & Development
6154,14.2,0,Safe,Research & Development
6158,13.0,0,Safe,Research & Development
6159,14.2,0,Safe,Research & Development
6161,13.0,0,Safe,Research & Development
6162,14.2,0,Safe,Research & Development
6166,14.2,0,Safe,Research & Development
10478,9.2,0,Safe,Sales
10480,9.2,0,Safe,Sales
10481,9.2,0,Safe,Sales
10482,9.2,0,Safe,Sales
10486,9.2,0,Safe,Sales
10487,8.2,0,Safe,Sales
10489,9.2,0,Safe,Sales
10490,9.2,0,Safe,Sales
10714,46.4,1,HIGH RISK,Research & Development
10716,42.4,0,Safe,Research & Development
10720,46.4,1,HIGH RISK,Research & Development
10721,42.4,0,Safe,Research & Development
10722,46.4,1,HIGH RISK,Research & Development
10725,42.4,0,Safe,Research & Development
10729,46.4,1,HIGH RISK,Research & Development
10730,42.4,0,Safe,Research & Development
10812,3.6,0,Safe,Sales
10814,6.7,0,Safe,Sales
10817,6.7,0,Safe,Sales
10818,6.7,0,Safe,Sales
10820,3.6,0,Safe,Sales
10822,6.7,0,Safe,Sales
10825,6.7,0,Safe,Sales
10826,6.7,0,Safe,Sales
11837,26.6,0,Safe,Research & Development
12088,4.0,0,Safe,Sales
13848,47.1,1,HIGH RISK,Research & Development
13851,41.4,0,Safe,Research & Development
13852,41.6,0,Safe,Research & Development
13853,41.4,0,Safe,Research & Development
13856,47.1,1,HIGH RISK,Research & Development
13859,41.4,0,Safe,Research & Development
13860,41.6,0,Safe,Research & Development
13861,41.4,0,Safe,Research & Development
18404,10.8,0,Safe,Research & Development
21401,42.9,0,Safe,Research & Development
21403,41.3,0,Safe,Research & Development
21406,33.8,0,Safe,Research & Development
21407,33.4,0,Safe,Research & Development
21409,42.9,0,Safe,Research & Development
21411,41.3,0,Safe,Research & Development
21414,33.8,0,Safe,Research & Development
21415,33.4,0,Safe,Research & Development
118,8.3,0,Safe,Human Resources
120,8.1,0,Safe,Human Resources
121,7.1,0,Safe,Human Resources
122,7.1,0,Safe,Human Resources
131,8.3,0,Safe,Human Resources
132,6.2,0,Safe,Sales
135,8.1,0,Safe,Human Resources
136,7.1,0,Safe,Human Resources
137,7.1,0,Safe,Human Resources
141,23.8,0,Safe,Human Resources
142,23.8,0,Safe,Human Resources
146,15.2,0,Safe,Human Resources
147,15.2,0,Safe,Human Resources
154,23.8,0,Safe,Human Resources
157,23.8,0,Safe,Human Resources
161,15.2,0,Safe,Human Resources
162,15.2,0,Safe,Human Resources
188,15.4,0,Safe,Research & Development
369,7.5,0,Safe,Sales
400,8.3,0,Safe,Human Resources
402,6.7,0,Safe,Human Resources
403,8.3,0,Safe,Human Resources
404,6.7,0,Safe,Human Resources
410,8.3,0,Safe,Human Resources
412,6.7,0,Safe,Human Resources
413,8.3,0,Safe,Human Resources
414,6.7,0,Safe,Human Resources
1496,4.7,0,Safe,Sales
1498,10.2,0,Safe,Sales
1501,4.7,0,Safe,Sales
1502,10.2,0,Safe,Sales
1503,4.7,0,Safe,Sales
1505,10.2,0,Safe,Sales
1508,4.7,0,Safe,Sales
1509,10.2,0,Safe,Sales
1585,12.9,0,Safe,Research & Development
1587,10.5,0,Safe,Research & Development
1590,12.9,0,Safe,Research & Development
1591,16.8,0,Safe,Research & Development
1592,12.9,0,Safe,Research & Development
1594,10.5,0,Safe,Research & Development
1597,12.9,0,Safe,Research & Development
1598,16.8,0,Safe,Research & Development
1600,6.2,0,Safe,Research & Development
1602,5.3,0,Safe,Research & Development
1603,6.2,0,Safe,Research & Development
1604,5.3,0,Safe,Research & Development
1607,6.2,0,Safe,Research & Development
1609,5.3,0,Safe,Research & Development
1610,6.2,0,Safe,Research & Development
1611,5.3,0,Safe,Research & Development
1661,24.2,0,Safe,Research & Development
1663,26.0,0,Safe,Research & Development
1666,24.2,0,Safe,Research & Development
1667,26.0,0,Safe,Research & Development
1669,24.2,0,Safe,Research & Development
1671,26.0,0,Safe,Research & Development
1560,24.2,0,Safe,Research & Development
1675,26.0,0,Safe,Research & Development
1969,7.8,0,Safe,Sales
1970,8.0,0,Safe,Sales
1974,7.8,0,Safe,Sales
1975,8.0,0,Safe,Sales
1977,7.8,0,Safe,Sales
1978,8.0,0,Safe,Sales
1982,7.8,0,Safe,Sales
1983,8.0,0,Safe,Sales
2113,3.2,0,Safe,Research & Development
2114,4.0,0,Safe,Research & Development
2116,3.2,0,Safe,Research & Development
2117,4.0,0,Safe,Research & Development
2121,3.2,0,Safe,Research & Development
2122,5.5,0,Safe,Research & Development
2124,3.2,0,Safe,Research & Development
2125,4.0,0,Safe,Research & Development
2224,6.9,0,Safe,Sales
2227,6.9,0,Safe,Sales
2228,6.9,0,Safe,Sales
2229,6.9,0,Safe,Sales
2232,6.9,0,Safe,Sales
2235,6.9,0,Safe,Sales
2236,6.9,0,Safe,Sales
2237,6.9,0,Safe,Sales
2445,6.7,0,Safe,Research & Development
2447,5.9,0,Safe,Research & Development
2451,6.7,0,Safe,Research & Development
2452,5.9,0,Safe,Research & Development
2453,6.7,0,Safe,Research & Development
2455,5.9,0,Safe,Research & Development
2459,6.7,0,Safe,Research & Development
2460,5.9,0,Safe,Research & Development
2461,4.9,0,Safe,Research & Development
2464,4.5,0,Safe,Research & Development
2467,3.8,0,Safe,Research & Development
2468,3.7,0,Safe,Research & Development
2469,4.9,0,Safe,Research & Development
2472,4.5,0,Safe,Research & Development
2475,3.8,0,Safe,Research & Development
2476,3.7,0,Safe,Research & Development
2524,20.3,0,Safe,Sales
2525,21.6,0,Safe,Sales
2527,11.6,0,Safe,Sales
2528,12.4,0,Safe,Sales
2532,21.6,0,Safe,Sales
2534,11.6,0,Safe,Sales
2535,12.4,0,Safe,Sales
2736,13.2,0,Safe,Research & Development
2738,7.4,0,Safe,Research & Development
2740,13.2,0,Safe,Research & Development
2741,13.5,0,Safe,Research & Development
2744,13.2,0,Safe,Research & Development
2746,7.4,0,Safe,Research & Development
2748,13.2,0,Safe,Research & Development
2749,13.5,0,Safe,Research & Development
3103,11.8,0,Safe,Research & Development
3416,32.8,0,Safe,Sales
3418,17.0,0,Safe,Sales
3421,32.8,0,Safe,Sales
3422,17.0,0,Safe,Sales
3424,32.8,0,Safe,Sales
3426,17.0,0,Safe,Sales
3429,32.8,0,Safe,Sales
3430,17.0,0,Safe,Sales
3525,7.4,0,Safe,Sales
3526,6.3,0,Safe,Sales
3527,6.9,0,Safe,Sales
3528,6.9,0,Safe,Sales
3529,7.4,0,Safe,Sales
3530,7.3,0,Safe,Sales
3531,6.9,0,Safe,Sales
3532,6.9,0,Safe,Sales
3533,7.4,0,Safe,Sales
3534,6.3,0,Safe,Sales
3535,6.9,0,Safe,Sales
3536,6.9,0,Safe,Sales
3537,7.4,0,Safe,Sales
3538,7.3,0,Safe,Sales
3539,6.9,0,Safe,Sales
3540,6.9,0,Safe,Sales
3957,3.0,0,Safe,Research & Development
3960,4.0,0,Safe,Research & Development
3961,4.0,0,Safe,Research & Development
3962,4.0,0,Safe,Research & Development
3965,3.0,0,Safe,Research & Development
3968,4.0,0,Safe,Research & Development
3969,4.0,0,Safe,Research & Development
3970,4.0,0,Safe,Research & Development
4883,7.5,0,Safe,Sales
4885,7.5,0,Safe,Sales
4889,7.5,0,Safe,Sales
4890,7.5,0,Safe,Sales
4892,7.5,0,Safe,Sales
4896,7.5,0,Safe,Sales
4897,7.5,0,Safe,Sales
5389,5.5,0,Safe,Research & Development
5390,5.5,0,Safe,Research & Development
5392,5.5,0,Safe,Research & Development
5393,5.5,0,Safe,Research & Development
5397,5.5,0,Safe,Research & Development
5398,5.5,0,Safe,Research & Development
5400,5.5,0,Safe,Research & Development
5608,5.3,0,Safe,Research & Development
5611,4.1,0,Safe,Research & Development
5612,5.3,0,Safe,Research & Development
5613,4.1,0,Safe,Research & Development
5615,5.3,0,Safe,Research & Development
5618,4.1,0,Safe,Research & Development
5619,5.3,0,Safe,Research & Development
5620,4.1,0,Safe,Research & Development
5909,6.0,0,Safe,Research & Development
5911,5.4,0,Safe,Research & Development
5912,6.0,0,Safe,Research & Development
5913,5.4,0,Safe,Research & Development
5917,6.0,0,Safe,Research & Development
5919,5.4,0,Safe,Research & Development
5920,5.4,0,Safe,Research & Development
6514,22.1,0,Safe,Sales
6516,21.9,0,Safe,Sales
6520,22.1,0,Safe,Sales
6521,21.9,0,Safe,Sales
6522,22.1,0,Safe,Sales
6524,21.9,0,Safe,Sales
6528,22.1,0,Safe,Sales
6529,21.9,0,Safe,Sales
7045,22.6,0,Safe,Research & Development
7047,20.4,0,Safe,Research & Development
7050,22.6,0,Safe,Research & Development
7051,20.4,0,Safe,Research & Development
7052,22.6,0,Safe,Research & Development
7054,20.4,0,Safe,Research & Development
7057,20.4,0,Safe,Research & Development
7174,5.0,0,Safe,Sales
7177,2.8,0,Safe,Sales
7180,5.0,0,Safe,Sales
7181,4.4,0,Safe,Sales
7182,5.0,0,Safe,Sales
7185,2.8,0,Safe,Sales
7188,5.0,0,Safe,Sales
7189,4.4,0,Safe,Sales
7375,14.4,0,Safe,Research & Development
7377,11.6,0,Safe,Research & Development
7379,14.4,0,Safe,Research & Development
7380,11.6,0,Safe,Research & Development
7383,14.4,0,Safe,Research & Development
7384,11.6,0,Safe,Research & Development
7386,14.4,0,Safe,Research & Development
7387,11.6,0,Safe,Research & Development
7480,1.9,0,Safe,Sales
7483,2.4,0,Safe,Sales
7486,1.9,0,Safe,Sales
7487,2.4,0,Safe,Sales
7488,1.9,0,Safe,Sales
7490,2.4,0,Safe,Sales
7493,1.9,0,Safe,Sales
7494,2.4,0,Safe,Sales
8406,15.3,0,Safe,Sales
8408,5.0,0,Safe,Sales
8411,15.3,0,Safe,Sales
8412,11.2,0,Safe,Sales
8416,15.3,0,Safe,Sales
8418,5.0,0,Safe,Sales
8421,11.2,0,Safe,Sales
8584,3.9,0,Safe,Human Resources
8587,3.3,0,Safe,Human Resources
8588,3.9,0,Safe,Human Resources
8589,3.3,0,Safe,Human Resources
8592,3.9,0,Safe,Human Resources
8593,11.1,0,Safe,Human Resources
8594,5.3,0,Safe,Human Resources
8597,3.3,0,Safe,Human Resources
8598,3.9,0,Safe,Human Resources
8599,3.3,0,Safe,Human Resources
8637,0.4,0,Safe,Human Resources
8639,0.4,0,Safe,Human Resources
8643,0.4,0,Safe,Human Resources
8644,0.4,0,Safe,Human Resources
8645,0.4,0,Safe,Human Resources
8646,3.0,0,Safe,Human Resources
8647,2.5,0,Safe,Human Resources
8649,0.4,0,Safe,Human Resources
8653,0.4,0,Safe,Human Resources
8654,0.4,0,Safe,Human Resources
8856,3.7,0,Safe,Research & Development
8858,6.2,0,Safe,Research & Development
8861,8.3,0,Safe,Research & Development
8862,6.2,0,Safe,Research & Development
8864,3.7,0,Safe,Research & Development
8866,6.2,0,Safe,Research & Development
8869,6.2,0,Safe,Research & Development
9060,7.1,0,Safe,Research & Development
9062,13.6,0,Safe,Research & Development
9063,7.1,0,Safe,Research & Development
9064,13.6,0,Safe,Research & Development
9068,7.1,0,Safe,Research & Development
9070,13.6,0,Safe,Research & Development
9071,13.6,0,Safe,Research & Development
9829,23.0,0,Safe,Research & Development
9830,25.4,0,Safe,Research & Development
9568,10.3,0,Safe,Research & Development
9835,11.0,0,Safe,Research & Development
9837,23.0,0,Safe,Research & Development
9838,25.4,0,Safe,Research & Development
9842,11.0,0,Safe,Research & Development
10003,3.0,0,Safe,Research & Development
10005,2.2,0,Safe,Research & Development
10008,3.0,0,Safe,Research & Development
10009,2.2,0,Safe,Research & Development
10011,3.0,0,Safe,Research & Development
10013,2.2,0,Safe,Research & Development
10016,2.2,0,Safe,Research & Development
10018,5.0,0,Safe,Sales
10019,7.0,0,Safe,Sales
10021,5.0,0,Safe,Sales
10022,4.5,0,Safe,Sales
10026,5.0,0,Safe,Sales
10027,7.0,0,Safe,Sales
10029,4.5,0,Safe,Sales
10908,6.4,0,Safe,Sales
10909,7.2,0,Safe,Sales
10913,6.4,0,Safe,Sales
10914,7.2,0,Safe,Sales
10916,6.4,0,Safe,Sales
10917,7.2,0,Safe,Sales
10921,6.4,0,Safe,Sales
10922,7.2,0,Safe,Sales
11019,1.6,0,Safe,Research & Development
11022,0.9,0,Safe,Research & Development
11025,1.6,0,Safe,Research & Development
11026,1.9,0,Safe,Research & Development
11027,1.6,0,Safe,Research & Development
11030,0.9,0,Safe,Research & Development
11033,1.6,0,Safe,Research & Development
11034,1.9,0,Safe,Research & Development
11490,0.5,0,Safe,Research & Development
11493,0.5,0,Safe,Research & Development
11494,0.5,0,Safe,Research & Development
11495,0.5,0,Safe,Research & Development
11500,0.5,0,Safe,Research & Development
11501,0.5,0,Safe,Research & Development
11502,0.5,0,Safe,Research & Development
11803,4.0,0,Safe,Research & Development
11806,5.8,0,Safe,Research & Development
11807,6.9,0,Safe,Research & Development
11808,5.8,0,Safe,Research & Development
11811,4.0,0,Safe,Research & Development
11814,5.8,0,Safe,Research & Development
11815,6.9,0,Safe,Research & Development
11816,5.8,0,Safe,Research & Development
11875,4.8,0,Safe,Sales
11876,4.2,0,Safe,Sales
11878,4.8,0,Safe,Sales
11879,4.2,0,Safe,Sales
11883,4.8,0,Safe,Sales
11884,4.2,0,Safe,Sales
11886,4.8,0,Safe,Sales
11887,4.2,0,Safe,Sales
11960,0.4,0,Safe,Research & Development
11963,0.4,0,Safe,Research & Development
11966,0.3,0,Safe,Research & Development
11967,0.2,0,Safe,Research & Development
11968,0.4,0,Safe,Research & Development
11971,0.4,0,Safe,Research & Development
11974,0.3,0,Safe,Research & Development
11975,0.2,0,Safe,Research & Development
12159,13.0,0,Safe,Sales
12161,12.8,0,Safe,Sales
12162,13.0,0,Safe,Sales
12163,12.8,0,Safe,Sales
12167,13.0,0,Safe,Sales
12169,12.8,0,Safe,Sales
12170,13.0,0,Safe,Sales
12171,12.8,0,Safe,Sales
12333,5.9,0,Safe,Sales
12335,7.8,0,Safe,Sales
12338,5.9,0,Safe,Sales
12339,7.8,0,Safe,Sales
12341,5.9,0,Safe,Sales
12343,7.8,0,Safe,Sales
12346,5.9,0,Safe,Sales
12347,7.8,0,Safe,Sales
12435,9.1,0,Safe,Sales
12436,10.5,0,Safe,Sales
12438,10.5,0,Safe,Sales
12439,10.5,0,Safe,Sales
12443,9.1,0,Safe,Sales
12444,10.5,0,Safe,Sales
12446,10.5,0,Safe,Sales
12447,10.5,0,Safe,Sales
12562,10.0,0,Safe,Research & Development
12564,10.9,0,Safe,Research & Development
12568,10.0,0,Safe,Research & Development
12569,10.9,0,Safe,Research & Development
12570,10.0,0,Safe,Research & Development
12572,10.9,0,Safe,Research & Development
12576,10.0,0,Safe,Research & Development
12577,10.9,0,Safe,Research & Development
13309,2.2,0,Safe,Research & Development
13311,1.6,0,Safe,Research & Development
13313,2.2,0,Safe,Research & Development
13314,2.0,0,Safe,Research & Development
13317,2.2,0,Safe,Research & Development
13319,1.6,0,Safe,Research & Development
13321,2.2,0,Safe,Research & Development
13322,2.0,0,Safe,Research & Development
14543,1.8,0,Safe,Research & Development
14544,2.1,0,Safe,Research & Development
14548,1.8,0,Safe,Research & Development
14549,2.1,0,Safe,Research & Development
14551,1.8,0,Safe,Research & Development
14552,2.1,0,Safe,Research & Development
14556,1.8,0,Safe,Research & Development
14557,2.1,0,Safe,Research & Development
15217,14.9,0,Safe,Sales
15238,3.8,0,Safe,Sales
15241,8.2,0,Safe,Sales
15242,6.1,0,Safe,Sales
15243,8.2,0,Safe,Sales
15246,3.8,0,Safe,Sales
15249,8.2,0,Safe,Sales
15250,6.1,0,Safe,Sales
15251,8.2,0,Safe,Sales
15381,6.9,0,Safe,Sales
15383,7.6,0,Safe,Sales
15387,6.9,0,Safe,Sales
15388,7.6,0,Safe,Sales
15389,6.9,0,Safe,Sales
15391,7.6,0,Safe,Sales
15395,6.9,0,Safe,Sales
15396,7.6,0,Safe,Sales
15822,3.7,0,Safe,Research & Development
15825,2.6,0,Safe,Research & Development
15828,3.7,0,Safe,Research & Development
15829,3.4,0,Safe,Research & Development
15830,3.7,0,Safe,Research & Development
15833,2.6,0,Safe,Research & Development
15836,3.7,0,Safe,Research & Development
15837,3.4,0,Safe,Research & Development
16142,2.7,0,Safe,Research & Development
16144,6.4,0,Safe,Research & Development
16145,6.4,0,Safe,Research & Development
16146,6.4,0,Safe,Research & Development
16149,2.7,0,Safe,Research & Development
16151,6.4,0,Safe,Research & Development
16152,6.4,0,Safe,Research & Development
16153,6.4,0,Safe,Research & Development
16310,4.7,0,Safe,Research & Development
16311,5.2,0,Safe,Research & Development
16315,4.7,0,Safe,Research & Development
16316,5.2,0,Safe,Research & Development
16318,4.7,0,Safe,Research & Development
16319,5.2,0,Safe,Research & Development
16323,4.7,0,Safe,Research & Development
16324,5.2,0,Safe,Research & Development
16438,5.6,0,Safe,Research & Development
16440,4.4,0,Safe,Research & Development
16443,5.6,0,Safe,Research & Development
16444,4.4,0,Safe,Research & Development
16446,5.6,0,Safe,Research & Development
16448,4.4,0,Safe,Research & Development
16451,5.6,0,Safe,Research & Development
16452,4.4,0,Safe,Research & Development
16453,3.6,0,Safe,Research & Development
16455,3.6,0,Safe,Research & Development
16459,3.6,0,Safe,Research & Development
16460,3.6,0,Safe,Research & Development
16461,3.6,0,Safe,Research & Development
16463,3.6,0,Safe,Research & Development
16467,3.6,0,Safe,Research & Development
16468,3.6,0,Safe,Research & Development
17281,10.5,0,Safe,Sales
17494,2.0,0,Safe,Sales
17496,1.5,0,Safe,Sales
17497,2.0,0,Safe,Sales
17498,1.5,0,Safe,Sales
17502,2.0,0,Safe,Sales
17504,1.5,0,Safe,Sales
17505,2.0,0,Safe,Sales
17506,1.5,0,Safe,Sales
17794,3.5,0,Safe,Research & Development
17796,3.8,0,Safe,Research & Development
17799,3.5,0,Safe,Research & Development
17800,3.8,0,Safe,Research & Development
17803,3.8,0,Safe,Research & Development
17806,3.5,0,Safe,Research & Development
17807,3.8,0,Safe,Research & Development
18351,12.5,0,Safe,Research & Development
18538,6.1,0,Safe,Research & Development
18577,16.6,0,Safe,Research & Development
18802,15.4,0,Safe,Research & Development
19128,5.8,0,Safe,Sales
19131,5.2,0,Safe,Sales
19132,5.8,0,Safe,Sales
19133,6.5,0,Safe,Sales
19136,5.8,0,Safe,Sales
19139,5.2,0,Safe,Sales
19140,5.8,0,Safe,Sales
19141,6.5,0,Safe,Sales
19474,10.7,0,Safe,Sales
19477,11.7,0,Safe,Sales
19480,9.9,0,Safe,Sales
19481,11.7,0,Safe,Sales
19482,9.9,0,Safe,Sales
19485,11.7,0,Safe,Sales
19488,9.9,0,Safe,Sales
19489,11.7,0,Safe,Sales
19634,5.6,0,Safe,Human Resources
19636,2.7,0,Safe,Human Resources
19640,5.6,0,Safe,Human Resources
19641,4.2,0,Safe,Human Resources
19642,5.6,0,Safe,Human Resources
19644,2.7,0,Safe,Human Resources
19648,5.6,0,Safe,Human Resources
19649,4.2,0,Safe,Human Resources
20235,3.4,0,Safe,Research & Development
20238,3.4,0,Safe,Research & Development
20239,2.2,0,Safe,Research & Development
20240,2.2,0,Safe,Research & Development
20243,3.4,0,Safe,Research & Development
20246,3.4,0,Safe,Research & Development
20247,2.2,0,Safe,Research & Development
20248,2.2,0,Safe,Research & Development
20412,3.1,0,Safe,Research & Development
20414,2.4,0,Safe,Research & Development
20415,3.1,0,Safe,Research & Development
20416,2.4,0,Safe,Research & Development
20420,3.1,0,Safe,Research & Development
20422,2.4,0,Safe,Research & Development
20423,3.1,0,Safe,Research & Development
20424,2.4,0,Safe,Research & Development
20683,8.7,0,Safe,Research & Development
20685,7.0,0,Safe,Research & Development
20689,8.7,0,Safe,Research & Development
20690,7.0,0,Safe,Research & Development
20691,8.7,0,Safe,Research & Development
20693,7.0,0,Safe,Research & Development
20697,8.7,0,Safe,Research & Development
20698,7.0,0,Safe,Research & Development
20699,1.6,0,Safe,Sales
20701,1.6,0,Safe,Sales
20705,1.6,0,Safe,Sales
20706,1.6,0,Safe,Sales
20707,1.6,0,Safe,Sales
20709,1.6,0,Safe,Sales
20713,1.6,0,Safe,Sales
20714,1.6,0,Safe,Sales
21672,3.9,0,Safe,Sales
21674,3.9,0,Safe,Sales
21678,2.0,0,Safe,Sales
21679,2.0,0,Safe,Sales
21680,3.9,0,Safe,Sales
21682,3.9,0,Safe,Sales
21686,2.0,0,Safe,Sales
21687,2.0,0,Safe,Sales
21952,14.9,0,Safe,Research & Development
22454,5.8,0,Safe,Research & Development
22455,7.3,0,Safe,Research & Development
22457,5.8,0,Safe,Research & Development
22458,7.3,0,Safe,Research & Development
22462,5.8,0,Safe,Research & Development
22463,7.3,0,Safe,Research & Development
22465,5.8,0,Safe,Research & Development
22466,7.3,0,Safe,Research & Development
22711,4.6,0,Safe,Research & Development
22713,4.6,0,Safe,Research & Development
22717,2.6,0,Safe,Research & Development
22718,2.5,0,Safe,Research & Development
22719,4.6,0,Safe,Research & Development
22721,4.6,0,Safe,Research & Development
22725,2.6,0,Safe,Research & Development
22726,2.5,0,Safe,Research & Development
23106,4.8,0,Safe,Research & Development
23109,8.0,0,Safe,Research & Development
23110,4.8,0,Safe,Research & Development
23111,4.8,0,Safe,Research & Development
23114,4.8,0,Safe,Research & Development
23117,8.0,0,Safe,Research & Development
23118,4.8,0,Safe,Research & Development
23119,4.8,0,Safe,Research & Development
23154,13.8,0,Safe,Sales
23156,13.5,0,Safe,Sales
23158,13.8,0,Safe,Sales
23159,13.5,0,Safe,Sales
23162,13.8,0,Safe,Sales
23164,13.5,0,Safe,Sales
23166,13.8,0,Safe,Sales
23167,13.5,0,Safe,Sales
1,22.5,0,Safe,Human Resources
4,30.1,0,Safe,Human Resources
5,30.1,0,Safe,Human Resources
6,30.1,0,Safe,Human Resources
12,22.5,0,Safe,Human Resources
14,30.1,0,Safe,Human Resources
15,64.8,1,HIGH RISK,Human Resources
16,30.1,0,Safe,Human Resources
37,15.7,0,Safe,Research & Development
39,13.8,0,Safe,Research & Development
41,15.7,0,Safe,Research & Development
42,13.8,0,Safe,Research & Development
44,15.7,0,Safe,Research & Development
45,7.2,0,Safe,Research & Development
46,5.8,0,Safe,Research & Development
48,13.8,0,Safe,Research & Development
50,15.7,0,Safe,Research & Development
51,13.8,0,Safe,Research & Development
1,22.5,0,Safe,Human Resources
4,30.1,0,Safe,Human Resources
5,30.1,0,Safe,Human Resources
6,30.1,0,Safe,Human Resources
127,8.7,0,Safe,Human Resources
1707,11.9,0,Safe,Human Resources
1709,13.2,0,Safe,Human Resources
1713,14.5,0,Safe,Human Resources
1714,13.2,0,Safe,Human Resources
1716,13.2,0,Safe,Human Resources
1720,14.5,0,Safe,Human Resources
1721,13.2,0,Safe,Human Resources
4085,30.7,0,Safe,Research & Development
4088,31.2,0,Safe,Research & Development
4091,40.1,0,Safe,Research & Development
4092,37.7,0,Safe,Research & Development
4093,30.7,0,Safe,Research & Development
4096,27.8,0,Safe,Research & Development
4099,40.1,0,Safe,Research & Development
4100,37.7,0,Safe,Research & Development
5026,16.0,0,Safe,Sales
5027,17.1,0,Safe,Sales
5031,16.0,0,Safe,Sales
5032,18.2,0,Safe,Sales
5034,16.0,0,Safe,Sales
5035,17.1,0,Safe,Sales
5039,16.0,0,Safe,Sales
5040,18.2,0,Safe,Sales
11163,85.0,1,HIGH RISK,Sales
11165,84.6,1,HIGH RISK,Sales
11167,85.0,1,HIGH RISK,Sales
11168,84.6,1,HIGH RISK,Sales
11171,85.0,1,HIGH RISK,Sales
11173,84.6,1,HIGH RISK,Sales
11175,85.0,1,HIGH RISK,Sales
11176,84.6,1,HIGH RISK,Sales
11922,60.1,1,HIGH RISK,Research & Development
11924,58.2,1,HIGH RISK,Research & Development
11928,56.5,1,HIGH RISK,Research & Development
11929,52.4,1,HIGH RISK,Research & Development
11930,60.1,1,HIGH RISK,Research & Development
11932,58.2,1,HIGH RISK,Research & Development
11936,56.5,1,HIGH RISK,Research & Development
11937,52.4,1,HIGH RISK,Research & Development
14056,22.0,0,Safe,Research & Development
14058,12.8,0,Safe,Research & Development
14059,22.0,0,Safe,Research & Development
14060,21.5,0,Safe,Research & Development
14064,22.0,0,Safe,Research & Development
14066,12.8,0,Safe,Research & Development
14067,22.0,0,Safe,Research & Development
14068,21.5,0,Safe,Research & Development
16454,22.2,0,Safe,Research & Development
16456,22.4,0,Safe,Research & Development
16457,22.2,0,Safe,Research & Development
16458,22.4,0,Safe,Research & Development
16462,22.2,0,Safe,Research & Development
16464,22.4,0,Safe,Research & Development
16465,22.2,0,Safe,Research & Development
16466,22.4,0,Safe,Research & Development
19207,15.5,0,Safe,Research & Development
19209,15.5,0,Safe,Research & Development
19212,15.5,0,Safe,Research & Development
19213,15.5,0,Safe,Research & Development
19215,15.5,0,Safe,Research & Development
19217,15.5,0,Safe,Research & Development
19220,15.5,0,Safe,Research & Development
19221,15.5,0,Safe,Research & Development
20080,12.2,0,Safe,Research & Development
20082,11.0,0,Safe,Research & Development
20083,12.2,0,Safe,Research & Development
20084,11.0,0,Safe,Research & Development
20088,12.2,0,Safe,Research & Development
20090,11.0,0,Safe,Research & Development
20091,12.2,0,Safe,Research & Development
20092,11.0,0,Safe,Research & Development
20635,14.6,0,Safe,Research & Development
20638,14.6,0,Safe,Research & Development
20641,14.6,0,Safe,Research & Development
20642,14.6,0,Safe,Research & Development
20643,14.6,0,Safe,Research & Development
20646,6.2,0,Safe,Research & Development
20649,12.0,0,Safe,Research & Development
20650,14.6,0,Safe,Research & Development
226,10.9,0,Safe,Research & Development
227,5.6,0,Safe,Research & Development
275,12.6,0,Safe,Sales
887,17.3,0,Safe,Research & Development
889,18.4,0,Safe,Research & Development
893,10.7,0,Safe,Research & Development
894,11.3,0,Safe,Research & Development
895,17.3,0,Safe,Research & Development
897,18.4,0,Safe,Research & Development
901,10.7,0,Safe,Research & Development
902,11.3,0,Safe,Research & Development
920,29.2,0,Safe,Research & Development
922,29.2,0,Safe,Research & Development
925,29.2,0,Safe,Research & Development
926,29.2,0,Safe,Research & Development
928,29.2,0,Safe,Research & Development
930,29.2,0,Safe,Research & Development
933,24.2,0,Safe,Research & Development
934,29.2,0,Safe,Research & Development
1016,12.4,0,Safe,Research & Development
1018,12.4,0,Safe,Research & Development
1021,12.4,0,Safe,Research & Development
1022,12.4,0,Safe,Research & Development
1024,12.4,0,Safe,Research & Development
1026,12.4,0,Safe,Research & Development
1029,9.9,0,Safe,Research & Development
1030,12.4,0,Safe,Research & Development
1081,7.7,0,Safe,Research & Development
1083,9.2,0,Safe,Research & Development
1085,9.2,0,Safe,Research & Development
1086,9.2,0,Safe,Research & Development
1089,7.7,0,Safe,Research & Development
1091,9.2,0,Safe,Research & Development
1093,9.2,0,Safe,Research & Development
1094,9.2,0,Safe,Research & Development
1302,12.7,0,Safe,Research & Development
1304,7.2,0,Safe,Research & Development
1307,12.7,0,Safe,Research & Development
1308,13.4,0,Safe,Research & Development
1309,12.7,0,Safe,Research & Development
1311,7.2,0,Safe,Research & Development
1314,9.3,0,Safe,Research & Development
1315,13.4,0,Safe,Research & Development
1376,7.3,0,Safe,Research & Development
1377,5.7,0,Safe,Sales
1378,8.9,0,Safe,Sales
1379,7.7,0,Safe,Research & Development
1380,7.3,0,Safe,Research & Development
1381,8.4,0,Safe,Sales
1382,8.9,0,Safe,Sales
1383,7.7,0,Safe,Research & Development
1384,5.7,0,Safe,Sales
1385,8.9,0,Safe,Sales
1386,7.7,0,Safe,Research & Development
1387,7.3,0,Safe,Research & Development
1388,8.4,0,Safe,Sales
1389,8.9,0,Safe,Sales
1390,7.7,0,Safe,Research & Development
1767,6.9,0,Safe,Research & Development
1769,5.2,0,Safe,Research & Development
1773,6.9,0,Safe,Research & Development
1774,5.2,0,Safe,Research & Development
1776,5.2,0,Safe,Research & Development
1780,6.9,0,Safe,Research & Development
1781,5.2,0,Safe,Research & Development
1845,19.1,0,Safe,Research & Development
1847,19.1,0,Safe,Research & Development
1850,19.1,0,Safe,Research & Development
1851,19.1,0,Safe,Research & Development
1852,19.1,0,Safe,Research & Development
1854,19.1,0,Safe,Research & Development
1857,19.1,0,Safe,Research & Development
1858,19.1,0,Safe,Research & Development
1936,5.7,0,Safe,Sales
1938,8.7,0,Safe,Sales
1942,9.2,0,Safe,Sales
1943,8.7,0,Safe,Sales
1944,5.7,0,Safe,Sales
1946,8.7,0,Safe,Sales
1950,9.2,0,Safe,Sales
1951,8.7,0,Safe,Sales
2414,15.0,0,Safe,Research & Development
2415,11.0,0,Safe,Research & Development
2419,14.7,0,Safe,Research & Development
2420,14.6,0,Safe,Research & Development
2422,15.0,0,Safe,Research & Development
2423,11.0,0,Safe,Research & Development
2427,15.0,0,Safe,Research & Development
2428,14.6,0,Safe,Research & Development
2990,26.7,0,Safe,Research & Development
2991,38.7,0,Safe,Research & Development
2993,22.3,0,Safe,Research & Development
2994,30.5,0,Safe,Research & Development
2998,26.7,0,Safe,Research & Development
2999,38.7,0,Safe,Research & Development
3001,22.3,0,Safe,Research & Development
3002,22.6,0,Safe,Research & Development
3022,4.6,0,Safe,Research & Development
3023,4.6,0,Safe,Research & Development
3025,4.6,0,Safe,Research & Development
3026,4.6,0,Safe,Research & Development
3030,4.6,0,Safe,Research & Development
3031,4.6,0,Safe,Research & Development
3033,4.6,0,Safe,Research & Development
3034,4.6,0,Safe,Research & Development
3204,10.9,0,Safe,Research & Development
3207,11.1,0,Safe,Research & Development
3208,10.9,0,Safe,Research & Development
3209,11.1,0,Safe,Research & Development
3212,10.9,0,Safe,Research & Development
3215,11.1,0,Safe,Research & Development
3216,10.9,0,Safe,Research & Development
3217,11.1,0,Safe,Research & Development
3542,39.8,0,Safe,Research & Development
3543,38.5,0,Safe,Research & Development
3547,45.9,1,HIGH RISK,Research & Development
3548,38.5,0,Safe,Research & Development
3550,39.8,0,Safe,Research & Development
3551,38.5,0,Safe,Research & Development
3555,39.8,0,Safe,Research & Development
3556,38.5,0,Safe,Research & Development
3637,22.8,0,Safe,Research & Development
3640,25.3,0,Safe,Research & Development
3641,27.4,0,Safe,Research & Development
3642,25.3,0,Safe,Research & Development
3645,22.8,0,Safe,Research & Development
3648,25.3,0,Safe,Research & Development
3649,27.4,0,Safe,Research & Development
3650,25.3,0,Safe,Research & Development
3701,1.4,0,Safe,Sales
3703,1.6,0,Safe,Sales
3707,1.4,0,Safe,Sales
3708,1.6,0,Safe,Sales
3709,1.4,0,Safe,Sales
3711,1.6,0,Safe,Sales
3715,1.4,0,Safe,Sales
3716,3.3,0,Safe,Sales
3862,26.1,0,Safe,Research & Development
3864,28.0,0,Safe,Research & Development
3867,26.1,0,Safe,Research & Development
3868,25.6,0,Safe,Research & Development
3870,26.1,0,Safe,Research & Development
3872,28.0,0,Safe,Research & Development
3875,26.1,0,Safe,Research & Development
3876,25.6,0,Safe,Research & Development
4053,8.2,0,Safe,Research & Development
4055,8.2,0,Safe,Research & Development
4057,8.2,0,Safe,Research & Development
4058,8.2,0,Safe,Research & Development
4061,8.2,0,Safe,Research & Development
4063,8.2,0,Safe,Research & Development
4065,8.2,0,Safe,Research & Development
4066,8.2,0,Safe,Research & Development
4198,15.3,0,Safe,Research & Development
4200,16.6,0,Safe,Research & Development
4201,15.3,0,Safe,Research & Development
4202,16.6,0,Safe,Research & Development
4206,15.3,0,Safe,Research & Development
4208,16.6,0,Safe,Research & Development
4209,15.3,0,Safe,Research & Development
4210,16.6,0,Safe,Research & Development
4458,4.4,0,Safe,Sales
4460,5.0,0,Safe,Sales
4462,4.5,0,Safe,Sales
4463,5.0,0,Safe,Sales
4466,4.4,0,Safe,Sales
4468,5.0,0,Safe,Sales
4470,4.5,0,Safe,Sales
4471,5.0,0,Safe,Sales
4490,19.9,0,Safe,Research & Development
4492,21.7,0,Safe,Research & Development
4496,19.9,0,Safe,Research & Development
4497,21.7,0,Safe,Research & Development
4498,19.9,0,Safe,Research & Development
4500,21.7,0,Safe,Research & Development
4504,19.9,0,Safe,Research & Development
4505,21.7,0,Safe,Research & Development
4656,13.6,0,Safe,Research & Development
4658,14.5,0,Safe,Research & Development
4662,13.6,0,Safe,Research & Development
4663,14.5,0,Safe,Research & Development
4664,13.6,0,Safe,Research & Development
4666,14.5,0,Safe,Research & Development
4670,13.6,0,Safe,Research & Development
4671,14.5,0,Safe,Research & Development
4793,6.2,0,Safe,Research & Development
4795,6.8,0,Safe,Research & Development
4799,6.2,0,Safe,Research & Development
4800,6.8,0,Safe,Research & Development
4802,11.8,0,Safe,Research & Development
4806,6.2,0,Safe,Research & Development
4807,6.8,0,Safe,Research & Development
5514,6.3,0,Safe,Research & Development
5517,5.4,0,Safe,Research & Development
5518,6.3,0,Safe,Research & Development
5519,5.4,0,Safe,Research & Development
5521,6.3,0,Safe,Research & Development
5524,5.4,0,Safe,Research & Development
5525,6.3,0,Safe,Research & Development
5526,5.4,0,Safe,Research & Development
5671,25.2,0,Safe,Sales
5673,25.2,0,Safe,Sales
5674,25.2,0,Safe,Sales
5675,25.2,0,Safe,Sales
5679,25.2,0,Safe,Sales
5681,25.2,0,Safe,Sales
5682,25.2,0,Safe,Sales
5683,25.2,0,Safe,Sales
5718,2.0,0,Safe,Research & Development
5720,2.3,0,Safe,Research & Development
5722,2.0,0,Safe,Research & Development
5723,2.3,0,Safe,Research & Development
5726,2.0,0,Safe,Research & Development
5728,2.3,0,Safe,Research & Development
5730,2.0,0,Safe,Research & Development
5731,2.3,0,Safe,Research & Development
5892,10.3,0,Safe,Research & Development
5895,8.7,0,Safe,Research & Development
5898,8.5,0,Safe,Research & Development
5899,8.7,0,Safe,Research & Development
5900,10.3,0,Safe,Research & Development
5903,8.7,0,Safe,Research & Development
5906,8.5,0,Safe,Research & Development
5907,8.7,0,Safe,Research & Development
6052,30.2,0,Safe,Research & Development
6053,27.8,0,Safe,Research & Development
6058,32.1,0,Safe,Research & Development
6060,30.2,0,Safe,Research & Development
6061,27.8,0,Safe,Research & Development
6065,30.2,0,Safe,Research & Development
6066,32.1,0,Safe,Research & Development
6247,2.8,0,Safe,Research & Development
6250,2.8,0,Safe,Research & Development
6253,2.8,0,Safe,Research & Development
6254,2.8,0,Safe,Research & Development
6255,2.8,0,Safe,Research & Development
6258,2.8,0,Safe,Research & Development
6261,2.8,0,Safe,Research & Development
6262,2.8,0,Safe,Research & Development
6295,6.7,0,Safe,Research & Development
6297,5.7,0,Safe,Research & Development
6301,6.7,0,Safe,Research & Development
6302,5.7,0,Safe,Research & Development
6303,6.7,0,Safe,Research & Development
6305,8.3,0,Safe,Research & Development
6309,6.7,0,Safe,Research & Development
6310,5.7,0,Safe,Research & Development
6435,7.1,0,Safe,Research & Development
6438,6.4,0,Safe,Research & Development
6439,7.1,0,Safe,Research & Development
6440,6.4,0,Safe,Research & Development
6443,7.1,0,Safe,Research & Development
6446,6.4,0,Safe,Research & Development
6447,7.1,0,Safe,Research & Development
6448,6.4,0,Safe,Research & Development
7059,5.2,0,Safe,Research & Development
7060,4.1,0,Safe,Research & Development
7064,5.2,0,Safe,Research & Development
7065,5.1,0,Safe,Research & Development
7066,5.2,0,Safe,Research & Development
7067,4.1,0,Safe,Research & Development
7071,5.2,0,Safe,Research & Development
7072,5.1,0,Safe,Research & Development
7450,24.3,0,Safe,Research & Development
7452,14.0,0,Safe,Research & Development
7456,24.3,0,Safe,Research & Development
7457,22.8,0,Safe,Research & Development
7458,24.3,0,Safe,Research & Development
7459,14.0,0,Safe,Research & Development
7463,24.3,0,Safe,Research & Development
7464,22.8,0,Safe,Research & Development
7495,1.3,0,Safe,Sales
7498,1.5,0,Safe,Sales
7499,1.3,0,Safe,Sales
7500,1.5,0,Safe,Sales
7502,1.3,0,Safe,Sales
7505,1.5,0,Safe,Sales
7506,1.3,0,Safe,Sales
7507,1.5,0,Safe,Sales
7573,9.6,0,Safe,Research & Development
7575,8.5,0,Safe,Research & Development
7579,9.6,0,Safe,Research & Development
7580,8.5,0,Safe,Research & Development
7581,9.6,0,Safe,Research & Development
7583,8.5,0,Safe,Research & Development
7587,9.6,0,Safe,Research & Development
7588,8.5,0,Safe,Research & Development
7789,3.4,0,Safe,Sales
7791,3.4,0,Safe,Sales
7795,3.4,0,Safe,Sales
7796,3.4,0,Safe,Sales
7798,3.4,0,Safe,Sales
7802,3.4,0,Safe,Sales
7803,3.4,0,Safe,Sales
8103,3.1,0,Safe,Research & Development
8105,6.7,0,Safe,Research & Development
8109,6.7,0,Safe,Research & Development
8110,6.7,0,Safe,Research & Development
8111,3.1,0,Safe,Research & Development
8113,6.7,0,Safe,Research & Development
8117,6.7,0,Safe,Research & Development
8118,6.7,0,Safe,Research & Development
8167,9.1,0,Safe,Research & Development
8169,19.0,0,Safe,Research & Development
8170,20.5,0,Safe,Research & Development
8171,19.0,0,Safe,Research & Development
8175,9.1,0,Safe,Research & Development
8177,19.0,0,Safe,Research & Development
8178,20.5,0,Safe,Research & Development
8179,19.0,0,Safe,Research & Development
8358,8.4,0,Safe,Research & Development
8361,10.0,0,Safe,Research & Development
8364,10.0,0,Safe,Research & Development
8365,10.0,0,Safe,Research & Development
8366,8.4,0,Safe,Research & Development
8369,10.0,0,Safe,Research & Development
8372,10.0,0,Safe,Research & Development
8373,10.0,0,Safe,Research & Development
9268,7.5,0,Safe,Research & Development
9270,9.2,0,Safe,Research & Development
9272,7.5,0,Safe,Research & Development
9273,9.2,0,Safe,Research & Development
9276,7.5,0,Safe,Research & Development
9278,9.2,0,Safe,Research & Development
9280,7.5,0,Safe,Research & Development
9281,9.2,0,Safe,Research & Development
9908,6.3,0,Safe,Research & Development
9910,3.0,0,Safe,Research & Development
9911,6.3,0,Safe,Research & Development
9912,3.0,0,Safe,Research & Development
9916,6.3,0,Safe,Research & Development
9918,3.0,0,Safe,Research & Development
9919,6.3,0,Safe,Research & Development
9920,3.0,0,Safe,Research & Development
10080,6.1,0,Safe,Sales
10082,7.3,0,Safe,Sales
10084,6.1,0,Safe,Sales
10085,7.3,0,Safe,Sales
10088,6.1,0,Safe,Sales
10090,7.3,0,Safe,Sales
10092,6.1,0,Safe,Sales
10093,7.1,0,Safe,Sales
10399,2.2,0,Safe,Sales
10402,3.0,0,Safe,Sales
10403,2.2,0,Safe,Sales
10404,3.0,0,Safe,Sales
10406,2.2,0,Safe,Sales
10409,3.0,0,Safe,Sales
10410,2.2,0,Safe,Sales
10411,1.9,0,Safe,Sales
10461,21.6,0,Safe,Sales
10464,28.1,0,Safe,Sales
10465,21.6,0,Safe,Sales
10466,28.1,0,Safe,Sales
10469,21.6,0,Safe,Sales
10472,28.1,0,Safe,Sales
10473,21.6,0,Safe,Sales
10474,27.8,0,Safe,Sales
10545,4.1,0,Safe,Sales
10546,3.3,0,Safe,Sales
10550,4.1,0,Safe,Sales
10551,3.3,0,Safe,Sales
10553,4.1,0,Safe,Sales
10554,4.2,0,Safe,Sales
10555,3.3,0,Safe,Sales
10559,4.1,0,Safe,Sales
10560,3.3,0,Safe,Sales
11068,15.0,0,Safe,Sales
11069,15.0,0,Safe,Sales
11073,15.0,0,Safe,Sales
11074,15.0,0,Safe,Sales
11076,15.0,0,Safe,Sales
11077,15.0,0,Safe,Sales
11081,15.0,0,Safe,Sales
11082,15.0,0,Safe,Sales
11367,5.2,0,Safe,Sales
11369,6.4,0,Safe,Sales
11372,5.2,0,Safe,Sales
11373,6.4,0,Safe,Sales
11375,5.2,0,Safe,Sales
11377,6.4,0,Safe,Sales
11380,5.2,0,Safe,Sales
11381,8.9,0,Safe,Sales
12300,6.9,0,Safe,Research & Development
12302,6.0,0,Safe,Research & Development
12306,6.9,0,Safe,Research & Development
12307,6.0,0,Safe,Research & Development
12308,6.9,0,Safe,Research & Development
12310,6.0,0,Safe,Research & Development
12314,6.9,0,Safe,Research & Development
12315,6.0,0,Safe,Research & Development
12317,3.6,0,Safe,Sales
12318,3.8,0,Safe,Sales
12320,3.6,0,Safe,Sales
12321,3.8,0,Safe,Sales
12325,3.6,0,Safe,Sales
12326,3.8,0,Safe,Sales
12328,3.6,0,Safe,Sales
12329,3.8,0,Safe,Sales
12751,5.2,0,Safe,Sales
12753,5.2,0,Safe,Sales
12757,5.2,0,Safe,Sales
12758,5.2,0,Safe,Sales
12759,5.2,0,Safe,Sales
12761,5.2,0,Safe,Sales
12765,5.2,0,Safe,Sales
12766,5.2,0,Safe,Sales
13040,9.6,0,Safe,Research & Development
13042,7.1,0,Safe,Research & Development
13043,9.6,0,Safe,Research & Development
13044,7.1,0,Safe,Research & Development
13048,9.6,0,Safe,Research & Development
13050,7.1,0,Safe,Research & Development
13051,9.6,0,Safe,Research & Development
13052,7.1,0,Safe,Research & Development
13341,10.7,0,Safe,Research & Development
13344,7.6,0,Safe,Research & Development
13347,10.7,0,Safe,Research & Development
13348,7.6,0,Safe,Research & Development
13349,10.7,0,Safe,Research & Development
13352,7.6,0,Safe,Research & Development
13355,10.7,0,Safe,Research & Development
13356,7.6,0,Safe,Research & Development
13705,4.1,0,Safe,Research & Development
13707,4.8,0,Safe,Research & Development
13711,4.8,0,Safe,Research & Development
13712,4.8,0,Safe,Research & Development
13713,4.1,0,Safe,Research & Development
13715,4.8,0,Safe,Research & Development
13719,4.3,0,Safe,Research & Development
13720,4.8,0,Safe,Research & Development
14040,18.7,0,Safe,Research & Development
14041,20.4,0,Safe,Research & Development
14045,18.7,0,Safe,Research & Development
14046,20.4,0,Safe,Research & Development
14048,18.7,0,Safe,Research & Development
14049,20.4,0,Safe,Research & Development
14053,18.7,0,Safe,Research & Development
14054,23.6,0,Safe,Research & Development
14198,4.9,0,Safe,Sales
14200,5.8,0,Safe,Sales
14203,2.5,0,Safe,Sales
14204,2.8,0,Safe,Sales
14206,4.9,0,Safe,Sales
14208,5.8,0,Safe,Sales
14211,2.5,0,Safe,Sales
14212,2.8,0,Safe,Sales
14230,3.7,0,Safe,Research & Development
14231,6.0,0,Safe,Research & Development
14235,6.0,0,Safe,Research & Development
14236,6.0,0,Safe,Research & Development
14238,3.7,0,Safe,Research & Development
14239,6.0,0,Safe,Research & Development
14243,6.0,0,Safe,Research & Development
14244,6.0,0,Safe,Research & Development
14305,6.5,0,Safe,Research & Development
14307,10.7,0,Safe,Research & Development
14310,10.7,0,Safe,Research & Development
14312,6.5,0,Safe,Research & Development
14314,10.7,0,Safe,Research & Development
14317,11.4,0,Safe,Research & Development
14318,10.7,0,Safe,Research & Development
14511,8.7,0,Safe,Research & Development
14512,8.3,0,Safe,Research & Development
14516,8.7,0,Safe,Research & Development
14517,8.3,0,Safe,Research & Development
14519,8.7,0,Safe,Research & Development
14520,8.3,0,Safe,Research & Development
14524,8.7,0,Safe,Research & Development
14525,8.3,0,Safe,Research & Development
14606,5.2,0,Safe,Research & Development
14608,5.5,0,Safe,Research & Development
14611,3.6,0,Safe,Research & Development
14612,3.7,0,Safe,Research & Development
14614,5.2,0,Safe,Research & Development
14616,5.5,0,Safe,Research & Development
14619,3.6,0,Safe,Research & Development
14620,3.7,0,Safe,Research & Development
14690,8.3,0,Safe,Research & Development
14692,12.5,0,Safe,Research & Development
14695,9.9,0,Safe,Research & Development
14696,12.5,0,Safe,Research & Development
14698,8.3,0,Safe,Research & Development
14700,12.5,0,Safe,Research & Development
14703,9.9,0,Safe,Research & Development
14704,12.5,0,Safe,Research & Development
14833,3.8,0,Safe,Research & Development
14835,4.3,0,Safe,Research & Development
14836,3.8,0,Safe,Research & Development
14837,4.3,0,Safe,Research & Development
14841,3.8,0,Safe,Research & Development
14843,4.3,0,Safe,Research & Development
14844,3.8,0,Safe,Research & Development
14845,1.3,0,Safe,Research & Development
15088,1.6,0,Safe,Sales
15089,1.6,0,Safe,Sales
15093,3.9,0,Safe,Sales
15094,3.8,0,Safe,Sales
15096,1.6,0,Safe,Sales
15097,1.6,0,Safe,Sales
15101,3.9,0,Safe,Sales
15102,3.8,0,Safe,Sales
15838,5.0,0,Safe,Research & Development
15840,4.4,0,Safe,Research & Development
15842,5.0,0,Safe,Research & Development
15843,4.4,0,Safe,Research & Development
15846,5.0,0,Safe,Research & Development
15848,4.4,0,Safe,Research & Development
15850,5.7,0,Safe,Research & Development
15851,4.4,0,Safe,Research & Development
15983,6.4,0,Safe,Sales
15985,6.1,0,Safe,Sales
15988,6.4,0,Safe,Sales
15989,9.0,0,Safe,Sales
15991,6.4,0,Safe,Sales
15993,6.1,0,Safe,Sales
15996,6.4,0,Safe,Sales
15997,9.0,0,Safe,Sales
15999,16.0,0,Safe,Sales
16001,27.8,0,Safe,Sales
16002,26.2,0,Safe,Sales
16003,27.8,0,Safe,Sales
16007,16.0,0,Safe,Sales
16009,27.8,0,Safe,Sales
16010,26.2,0,Safe,Sales
16011,27.8,0,Safe,Sales
16030,7.0,0,Safe,Research & Development
16033,7.6,0,Safe,Research & Development
16036,9.3,0,Safe,Research & Development
16037,10.1,0,Safe,Research & Development
16038,7.0,0,Safe,Research & Development
16041,7.6,0,Safe,Research & Development
16044,12.7,0,Safe,Research & Development
16045,10.1,0,Safe,Research & Development
16357,4.9,0,Safe,Research & Development
16359,3.0,0,Safe,Research & Development
16363,4.9,0,Safe,Research & Development
16364,5.3,0,Safe,Research & Development
16365,4.9,0,Safe,Research & Development
16367,3.0,0,Safe,Research & Development
16371,6.3,0,Safe,Research & Development
16372,5.3,0,Safe,Research & Development
16920,11.1,0,Safe,Research & Development
16922,7.5,0,Safe,Research & Development
16925,11.1,0,Safe,Research & Development
16926,11.1,0,Safe,Research & Development
16928,11.1,0,Safe,Research & Development
16930,7.5,0,Safe,Research & Development
16933,11.1,0,Safe,Research & Development
16934,9.9,0,Safe,Research & Development
17432,27.4,0,Safe,Research & Development
17434,28.7,0,Safe,Research & Development
17436,27.4,0,Safe,Research & Development
17437,28.7,0,Safe,Research & Development
17440,27.4,0,Safe,Research & Development
17442,28.7,0,Safe,Research & Development
17444,27.1,0,Safe,Research & Development
17445,28.7,0,Safe,Research & Development
17701,5.5,0,Safe,Research & Development
17703,6.4,0,Safe,Research & Development
17706,5.5,0,Safe,Research & Development
17707,6.4,0,Safe,Research & Development
17709,5.5,0,Safe,Research & Development
17711,6.4,0,Safe,Research & Development
17714,5.5,0,Safe,Research & Development
17715,7.5,0,Safe,Research & Development
18112,10.8,0,Safe,Research & Development
18113,9.9,0,Safe,Research & Development
18115,10.8,0,Safe,Research & Development
18116,9.9,0,Safe,Research & Development
18119,10.8,0,Safe,Research & Development
18120,9.9,0,Safe,Research & Development
18122,10.8,0,Safe,Research & Development
18123,9.9,0,Safe,Research & Development
18458,7.3,0,Safe,Research & Development
18460,7.8,0,Safe,Research & Development
18461,7.3,0,Safe,Research & Development
18462,7.8,0,Safe,Research & Development
18466,7.3,0,Safe,Research & Development
18468,7.8,0,Safe,Research & Development
18469,7.3,0,Safe,Research & Development
18470,7.8,0,Safe,Research & Development
18504,13.0,0,Safe,Research & Development
18507,19.1,0,Safe,Research & Development
18510,18.9,0,Safe,Research & Development
18511,19.1,0,Safe,Research & Development
18512,13.0,0,Safe,Research & Development
18515,19.1,0,Safe,Research & Development
18518,21.2,0,Safe,Research & Development
18519,19.1,0,Safe,Research & Development
18598,19.9,0,Safe,Research & Development
18601,20.9,0,Safe,Research & Development
18604,19.9,0,Safe,Research & Development
18605,20.9,0,Safe,Research & Development
18606,19.9,0,Safe,Research & Development
18609,20.9,0,Safe,Research & Development
18612,14.8,0,Safe,Research & Development
18613,20.9,0,Safe,Research & Development
18840,8.2,0,Safe,Sales
18841,17.2,0,Safe,Sales
18845,16.2,0,Safe,Sales
18846,17.2,0,Safe,Sales
18848,8.2,0,Safe,Sales
18849,17.2,0,Safe,Sales
18853,16.2,0,Safe,Sales
18854,18.4,0,Safe,Sales
19362,12.1,0,Safe,Sales
19364,12.6,0,Safe,Sales
19368,12.1,0,Safe,Sales
19369,12.6,0,Safe,Sales
19370,12.1,0,Safe,Sales
19372,12.6,0,Safe,Sales
19376,11.6,0,Safe,Sales
19377,12.6,0,Safe,Sales
19459,7.4,0,Safe,Research & Development
19460,7.7,0,Safe,Research & Development
19464,7.4,0,Safe,Research & Development
19465,7.7,0,Safe,Research & Development
19467,7.4,0,Safe,Research & Development
19468,7.7,0,Safe,Research & Development
19472,7.4,0,Safe,Research & Development
19473,7.7,0,Safe,Research & Development
20220,9.1,0,Safe,Research & Development
20222,12.9,0,Safe,Research & Development
20225,13.4,0,Safe,Research & Development
20226,12.9,0,Safe,Research & Development
20228,9.1,0,Safe,Research & Development
20230,12.9,0,Safe,Research & Development
20233,13.4,0,Safe,Research & Development
20234,12.9,0,Safe,Research & Development
20395,10.5,0,Safe,Sales
20397,11.4,0,Safe,Sales
20399,10.5,0,Safe,Sales
20400,11.4,0,Safe,Sales
20403,10.5,0,Safe,Sales
20405,11.4,0,Safe,Sales
20407,8.0,0,Safe,Sales
20408,11.4,0,Safe,Sales
20459,3.4,0,Safe,Human Resources
20461,2.9,0,Safe,Human Resources
20465,3.4,0,Safe,Human Resources
20466,2.9,0,Safe,Human Resources
20467,3.4,0,Safe,Human Resources
20469,2.9,0,Safe,Human Resources
20473,4.5,0,Safe,Human Resources
20474,2.9,0,Safe,Human Resources
20508,3.2,0,Safe,Research & Development
20510,3.5,0,Safe,Research & Development
20513,3.2,0,Safe,Research & Development
20514,3.5,0,Safe,Research & Development
20516,3.2,0,Safe,Research & Development
20518,3.5,0,Safe,Research & Development
20521,3.2,0,Safe,Research & Development
20522,3.5,0,Safe,Research & Development
20796,0.6,0,Safe,Research & Development
20798,0.5,0,Safe,Research & Development
20799,0.3,0,Safe,Research & Development
20800,0.3,0,Safe,Research & Development
20804,0.6,0,Safe,Research & Development
20806,0.5,0,Safe,Research & Development
20807,0.3,0,Safe,Research & Development
20808,0.3,0,Safe,Research & Development
21195,9.0,0,Safe,Human Resources
21197,4.0,0,Safe,Human Resources
21200,9.0,0,Safe,Human Resources
21201,8.1,0,Safe,Human Resources
21203,9.0,0,Safe,Human Resources
21205,4.0,0,Safe,Human Resources
21208,9.0,0,Safe,Human Resources
21209,8.1,0,Safe,Human Resources
21480,9.4,0,Safe,Research & Development
21482,9.3,0,Safe,Research & Development
21486,7.4,0,Safe,Research & Development
21487,7.6,0,Safe,Research & Development
21488,9.4,0,Safe,Research & Development
21490,9.3,0,Safe,Research & Development
21494,4.5,0,Safe,Research & Development
21495,7.6,0,Safe,Research & Development
22102,5.4,0,Safe,Research & Development
22103,6.3,0,Safe,Research & Development
22107,5.4,0,Safe,Research & Development
22108,6.3,0,Safe,Research & Development
22110,5.4,0,Safe,Research & Development
22111,6.3,0,Safe,Research & Development
22115,5.4,0,Safe,Research & Development
22116,6.3,0,Safe,Research & Development
22823,0.9,0,Safe,Research & Development
22825,0.7,0,Safe,Research & Development
22826,0.9,0,Safe,Research & Development
22827,0.7,0,Safe,Research & Development
22831,0.9,0,Safe,Research & Development
22833,0.7,0,Safe,Research & Development
22834,0.9,0,Safe,Research & Development
22835,0.7,0,Safe,Research & Development
22904,2.8,0,Safe,Research & Development
22907,1.4,0,Safe,Research & Development
22910,1.8,0,Safe,Research & Development
22911,1.4,0,Safe,Research & Development
22912,2.8,0,Safe,Research & Development
22915,1.4,0,Safe,Research & Development
22918,1.1,0,Safe,Research & Development
22919,1.4,0,Safe,Research & Development
23515,12.7,0,Safe,Research & Development
6057,30.2,0,Safe,Research & Development
86,64.8,1,HIGH RISK,Research & Development
273,79.8,1,HIGH RISK,Research & Development
2494,58.6,1,HIGH RISK,Research & Development
2495,59.2,1,HIGH RISK,Research & Development
2497,85.5,1,HIGH RISK,Research & Development
2498,84.9,1,HIGH RISK,Research & Development
2502,59.2,1,HIGH RISK,Research & Development
2504,85.5,1,HIGH RISK,Research & Development
2505,84.9,1,HIGH RISK,Research & Development
4823,72.1,1,HIGH RISK,Research & Development
4826,72.0,1,HIGH RISK,Research & Development
4827,72.1,1,HIGH RISK,Research & Development
4828,76.1,1,HIGH RISK,Research & Development
4833,72.0,1,HIGH RISK,Research & Development
4834,72.1,1,HIGH RISK,Research & Development
4835,76.1,1,HIGH RISK,Research & Development
7345,7.5,0,Safe,Sales
7348,9.0,0,Safe,Sales
7349,9.1,0,Safe,Sales
7350,10.7,0,Safe,Sales
7353,7.5,0,Safe,Sales
7355,9.0,0,Safe,Sales
7356,9.1,0,Safe,Sales
7357,10.7,0,Safe,Sales
11036,7.3,0,Safe,Sales
11038,4.2,0,Safe,Sales
11039,1.8,0,Safe,Sales
11040,2.0,0,Safe,Sales
11044,7.3,0,Safe,Sales
11046,4.2,0,Safe,Sales
11047,1.8,0,Safe,Sales
11048,2.0,0,Safe,Sales
13277,75.3,1,HIGH RISK,Research & Development
13280,73.1,1,HIGH RISK,Research & Development
13281,80.0,1,HIGH RISK,Research & Development
13282,72.5,1,HIGH RISK,Research & Development
13285,75.3,1,HIGH RISK,Research & Development
13288,73.1,1,HIGH RISK,Research & Development
13289,80.0,1,HIGH RISK,Research & Development
13290,72.5,1,HIGH RISK,Research & Development
16888,30.4,0,Safe,Research & Development
16889,29.4,0,Safe,Research & Development
16891,52.3,1,HIGH RISK,Research & Development
16892,53.4,1,HIGH RISK,Research & Development
16896,30.4,0,Safe,Research & Development
16897,29.4,0,Safe,Research & Development
16899,52.3,1,HIGH RISK,Research & Development
16900,53.4,1,HIGH RISK,Research & Development
18372,13.3,0,Safe,Sales
18373,19.3,0,Safe,Sales
18375,6.4,0,Safe,Sales
18376,12.3,0,Safe,Sales
18379,13.3,0,Safe,Sales
18380,19.3,0,Safe,Sales
18382,6.4,0,Safe,Sales
18383,12.3,0,Safe,Sales
18425,35.9,0,Safe,Sales
18428,35.3,0,Safe,Sales
18429,35.8,0,Safe,Sales
18430,33.2,0,Safe,Sales
18433,35.9,0,Safe,Sales
18436,35.3,0,Safe,Sales
18437,35.8,0,Safe,Sales
18438,33.2,0,Safe,Sales
4898,26.3,0,Safe,Sales
4901,28.7,0,Safe,Sales
4902,26.3,0,Safe,Sales
4903,46.1,1,HIGH RISK,Sales
4906,26.3,0,Safe,Sales
4909,28.7,0,Safe,Sales
4910,26.3,0,Safe,Sales
4911,46.1,1,HIGH RISK,Sales
5247,37.7,0,Safe,Research & Development
5249,38.0,0,Safe,Research & Development
5250,11.1,0,Safe,Research & Development
5251,23.1,0,Safe,Research & Development
5255,37.7,0,Safe,Research & Development
5257,38.0,0,Safe,Research & Development
5258,11.1,0,Safe,Research & Development
5259,23.1,0,Safe,Research & Development
6942,8.1,0,Safe,Research & Development
6943,7.0,0,Safe,Research & Development
6945,5.6,0,Safe,Research & Development
6946,5.4,0,Safe,Research & Development
6948,8.1,0,Safe,Research & Development
6949,7.0,0,Safe,Research & Development
6951,5.6,0,Safe,Research & Development
6952,5.4,0,Safe,Research & Development
11653,22.0,0,Safe,Research & Development
11656,19.7,0,Safe,Research & Development
11657,19.7,0,Safe,Research & Development
11658,24.5,0,Safe,Research & Development
11663,19.7,0,Safe,Research & Development
11664,19.7,0,Safe,Research & Development
11665,24.5,0,Safe,Research & Development
14336,9.0,0,Safe,Sales
14337,9.0,0,Safe,Sales
14339,4.9,0,Safe,Sales
14340,5.8,0,Safe,Sales
14344,9.0,0,Safe,Sales
14345,9.0,0,Safe,Sales
14347,4.9,0,Safe,Sales
14348,5.8,0,Safe,Sales
15571,5.1,0,Safe,Research & Development
15573,5.1,0,Safe,Research & Development
15575,5.8,0,Safe,Research & Development
15576,5.8,0,Safe,Research & Development
15579,5.1,0,Safe,Research & Development
15581,5.1,0,Safe,Research & Development
15583,5.8,0,Safe,Research & Development
15584,5.8,0,Safe,Research & Development
19347,5.2,0,Safe,Research & Development
19348,5.2,0,Safe,Research & Development
19350,5.0,0,Safe,Research & Development
19351,5.7,0,Safe,Research & Development
19355,5.2,0,Safe,Research & Development
19356,5.2,0,Safe,Research & Development
19358,5.0,0,Safe,Research & Development
19359,5.7,0,Safe,Research & Development
20955,30.1,0,Safe,Research & Development
20957,31.4,0,Safe,Research & Development
20959,29.5,0,Safe,Research & Development
20960,30.4,0,Safe,Research & Development
20963,30.1,0,Safe,Research & Development
20965,31.4,0,Safe,Research & Development
20967,29.5,0,Safe,Research & Development
20968,30.4,0,Safe,Research & Development
95,58.4,1,HIGH RISK,Human Resources
97,58.4,1,HIGH RISK,Human Resources
100,58.4,1,HIGH RISK,Human Resources
101,58.4,1,HIGH RISK,Human Resources
108,58.4,1,HIGH RISK,Human Resources
112,58.4,1,HIGH RISK,Human Resources
115,58.4,1,HIGH RISK,Human Resources
116,58.4,1,HIGH RISK,Human Resources
507,19.7,0,Safe,Research & Development
509,19.9,0,Safe,Research & Development
513,19.7,0,Safe,Research & Development
514,19.9,0,Safe,Research & Development
515,19.7,0,Safe,Research & Development
516,8.6,0,Safe,Research & Development
517,11.5,0,Safe,Research & Development
519,19.9,0,Safe,Research & Development
523,19.7,0,Safe,Research & Development
524,19.9,0,Safe,Research & Development
1332,24.9,0,Safe,Research & Development
1333,26.2,0,Safe,Research & Development
1337,26.2,0,Safe,Research & Development
1338,26.2,0,Safe,Research & Development
1339,24.9,0,Safe,Research & Development
1340,26.2,0,Safe,Research & Development
1344,26.2,0,Safe,Research & Development
1345,26.2,0,Safe,Research & Development
1874,24.5,0,Safe,Research & Development
1876,24.5,0,Safe,Research & Development
1878,21.5,0,Safe,Research & Development
1879,21.5,0,Safe,Research & Development
1882,24.5,0,Safe,Research & Development
1884,24.5,0,Safe,Research & Development
1886,21.5,0,Safe,Research & Development
1887,21.5,0,Safe,Research & Development
6115,70.6,1,HIGH RISK,Sales
6118,70.6,1,HIGH RISK,Sales
6121,70.6,1,HIGH RISK,Sales
6122,70.6,1,HIGH RISK,Sales
6125,70.6,1,HIGH RISK,Sales
6128,60.1,1,HIGH RISK,Sales
6129,70.6,1,HIGH RISK,Sales
6701,11.0,0,Safe,Sales
6703,41.8,0,Safe,Sales
6705,17.2,0,Safe,Sales
6706,41.8,0,Safe,Sales
6710,41.8,0,Safe,Sales
6712,17.7,0,Safe,Sales
6713,41.8,0,Safe,Sales
7073,31.9,0,Safe,Human Resources
7076,21.1,0,Safe,Human Resources
7079,31.9,0,Safe,Human Resources
7080,21.1,0,Safe,Human Resources
7081,31.9,0,Safe,Human Resources
7084,21.1,0,Safe,Human Resources
7087,27.6,0,Safe,Human Resources
7088,21.1,0,Safe,Human Resources
9012,19.6,0,Safe,Research & Development
9014,19.6,0,Safe,Research & Development
9015,19.6,0,Safe,Research & Development
9016,19.6,0,Safe,Research & Development
9020,19.6,0,Safe,Research & Development
9022,19.6,0,Safe,Research & Development
9023,19.6,0,Safe,Research & Development
9024,19.6,0,Safe,Research & Development
10844,58.6,1,HIGH RISK,Sales
10846,64.8,1,HIGH RISK,Sales
10849,58.6,1,HIGH RISK,Sales
10850,64.8,1,HIGH RISK,Sales
10852,58.6,1,HIGH RISK,Sales
10854,64.8,1,HIGH RISK,Sales
10857,58.6,1,HIGH RISK,Sales
10858,64.8,1,HIGH RISK,Sales
10924,3.5,0,Safe,Sales
10925,5.0,0,Safe,Sales
10927,5.0,0,Safe,Sales
10928,5.0,0,Safe,Sales
10932,3.5,0,Safe,Sales
10933,5.0,0,Safe,Sales
10935,5.0,0,Safe,Sales
10936,5.0,0,Safe,Sales
12800,19.7,0,Safe,Research & Development
12801,20.9,0,Safe,Research & Development
12805,9.4,0,Safe,Research & Development
12806,9.9,0,Safe,Research & Development
12808,19.7,0,Safe,Research & Development
12809,20.9,0,Safe,Research & Development
12813,9.4,0,Safe,Research & Development
12814,9.9,0,Safe,Research & Development
16633,38.1,0,Safe,Human Resources
16635,38.1,0,Safe,Human Resources
16637,38.1,0,Safe,Human Resources
16638,38.1,0,Safe,Human Resources
16641,38.1,0,Safe,Human Resources
16643,38.1,0,Safe,Human Resources
16645,38.1,0,Safe,Human Resources
16646,38.1,0,Safe,Human Resources
16935,10.2,0,Safe,Sales
16938,22.8,0,Safe,Sales
16939,10.2,0,Safe,Sales
16940,10.3,0,Safe,Sales
16943,10.2,0,Safe,Sales
16946,22.8,0,Safe,Sales
16947,10.2,0,Safe,Sales
16948,10.3,0,Safe,Sales
17943,11.9,0,Safe,Sales
17945,11.9,0,Safe,Sales
17948,11.9,0,Safe,Sales
17949,11.9,0,Safe,Sales
17952,11.9,0,Safe,Sales
17955,11.9,0,Safe,Sales
17956,11.9,0,Safe,Sales
20619,14.5,0,Safe,Research & Development
20621,14.3,0,Safe,Research & Development
20625,14.5,0,Safe,Research & Development
20626,14.3,0,Safe,Research & Development
20627,14.5,0,Safe,Research & Development
20629,14.3,0,Safe,Research & Development
20633,14.5,0,Safe,Research & Development
20634,14.3,0,Safe,Research & Development
21624,24.8,0,Safe,Research & Development
21627,39.9,0,Safe,Research & Development
21630,24.8,0,Safe,Research & Development
21631,26.9,0,Safe,Research & Development
21632,24.8,0,Safe,Research & Development
21635,39.9,0,Safe,Research & Development
21638,24.8,0,Safe,Research & Development
21639,26.9,0,Safe,Research & Development
22855,15.7,0,Safe,Human Resources
22856,15.6,0,Safe,Human Resources
22858,15.7,0,Safe,Human Resources
22859,15.6,0,Safe,Human Resources
22863,15.7,0,Safe,Human Resources
22864,15.6,0,Safe,Human Resources
22866,15.7,0,Safe,Human Resources
22867,15.6,0,Safe,Human Resources
23381,32.9,0,Safe,Research & Development
23382,39.9,0,Safe,Research & Development
23384,32.9,0,Safe,Research & Development
23385,39.9,0,Safe,Research & Development
23389,32.9,0,Safe,Research & Development
23390,39.9,0,Safe,Research & Development
23392,32.9,0,Safe,Research & Development
23393,39.9,0,Safe,Research & Development
153,4.4,0,Safe,Research & Development
203,4.1,0,Safe,Research & Development
217,8.6,0,Safe,Human Resources
218,8.6,0,Safe,Human Resources
220,8.6,0,Safe,Human Resources
221,8.6,0,Safe,Human Resources
230,8.6,0,Safe,Human Resources
233,8.6,0,Safe,Human Resources
235,8.6,0,Safe,Human Resources
236,8.6,0,Safe,Human Resources
287,8.6,0,Safe,Research & Development
290,9.2,0,Safe,Research & Development
293,8.6,0,Safe,Research & Development
294,9.2,0,Safe,Research & Development
295,8.6,0,Safe,Research & Development
296,15.9,0,Safe,Research & Development
299,4.2,0,Safe,Research & Development
305,9.2,0,Safe,Research & Development
308,8.6,0,Safe,Research & Development
309,9.2,0,Safe,Research & Development
471,6.2,0,Safe,Research & Development
473,6.3,0,Safe,Research & Development
477,6.2,0,Safe,Research & Development
478,6.3,0,Safe,Research & Development
479,6.2,0,Safe,Research & Development
480,2.3,0,Safe,Research & Development
481,4.0,0,Safe,Research & Development
483,6.3,0,Safe,Research & Development
487,6.2,0,Safe,Research & Development
488,6.3,0,Safe,Research & Development
792,3.4,0,Safe,Research & Development
794,3.4,0,Safe,Research & Development
797,3.4,0,Safe,Research & Development
798,3.4,0,Safe,Research & Development
800,3.4,0,Safe,Research & Development
802,3.4,0,Safe,Research & Development
805,3.4,0,Safe,Research & Development
806,3.4,0,Safe,Research & Development
871,23.6,0,Safe,Sales
874,54.2,1,HIGH RISK,Sales
877,23.6,0,Safe,Sales
878,28.0,0,Safe,Sales
879,23.6,0,Safe,Sales
882,54.2,1,HIGH RISK,Sales
885,23.6,0,Safe,Sales
886,28.0,0,Safe,Sales
1362,9.3,0,Safe,Research & Development
1364,9.9,0,Safe,Research & Development
1365,9.3,0,Safe,Research & Development
1366,9.9,0,Safe,Research & Development
1369,9.3,0,Safe,Research & Development
1371,9.9,0,Safe,Research & Development
1372,9.3,0,Safe,Research & Development
1373,9.9,0,Safe,Research & Development
1465,29.3,0,Safe,Research & Development
1467,29.3,0,Safe,Research & Development
1471,29.3,0,Safe,Research & Development
1472,29.3,0,Safe,Research & Development
1474,29.3,0,Safe,Research & Development
1478,29.3,0,Safe,Research & Development
1479,29.3,0,Safe,Research & Development
1752,6.2,0,Safe,Research & Development
1755,5.2,0,Safe,Research & Development
1758,6.2,0,Safe,Research & Development
1759,5.2,0,Safe,Research & Development
1762,5.2,0,Safe,Research & Development
1765,6.2,0,Safe,Research & Development
1766,5.2,0,Safe,Research & Development
1800,7.2,0,Safe,Research & Development
1802,6.4,0,Safe,Research & Development
1803,7.2,0,Safe,Research & Development
1804,6.4,0,Safe,Research & Development
1807,7.2,0,Safe,Research & Development
1809,6.4,0,Safe,Research & Development
1810,7.2,0,Safe,Research & Development
1811,6.4,0,Safe,Research & Development
1920,6.6,0,Safe,Research & Development
1923,6.5,0,Safe,Research & Development
1926,6.6,0,Safe,Research & Development
1927,6.5,0,Safe,Research & Development
1928,6.6,0,Safe,Research & Development
1931,6.5,0,Safe,Research & Development
1934,6.6,0,Safe,Research & Development
1935,6.5,0,Safe,Research & Development
1952,1.1,0,Safe,Research & Development
1954,1.1,0,Safe,Research & Development
1957,1.1,0,Safe,Research & Development
1960,1.1,0,Safe,Research & Development
1962,1.1,0,Safe,Research & Development
1964,1.1,0,Safe,Research & Development
1965,1.1,0,Safe,Research & Development
2145,11.3,0,Safe,Research & Development
2147,25.0,0,Safe,Research & Development
2150,25.0,0,Safe,Research & Development
2151,25.0,0,Safe,Research & Development
2153,11.3,0,Safe,Research & Development
2155,25.0,0,Safe,Research & Development
2158,25.0,0,Safe,Research & Development
2159,25.0,0,Safe,Research & Development
2628,4.9,0,Safe,Sales
2630,5.6,0,Safe,Sales
2634,4.9,0,Safe,Sales
2635,5.6,0,Safe,Sales
2636,4.9,0,Safe,Sales
2637,5.6,0,Safe,Sales
2641,4.9,0,Safe,Sales
2642,5.6,0,Safe,Sales
2976,6.2,0,Safe,Research & Development
2979,5.9,0,Safe,Research & Development
2980,5.9,0,Safe,Research & Development
2982,6.2,0,Safe,Research & Development
2985,5.9,0,Safe,Research & Development
2986,6.2,0,Safe,Research & Development
2987,5.9,0,Safe,Research & Development
3085,15.1,0,Safe,Research & Development
3088,15.1,0,Safe,Research & Development
3089,15.1,0,Safe,Research & Development
3090,15.1,0,Safe,Research & Development
3093,15.1,0,Safe,Research & Development
3096,15.1,0,Safe,Research & Development
3097,15.1,0,Safe,Research & Development
3098,15.1,0,Safe,Research & Development
3315,8.2,0,Safe,Research & Development
3318,9.9,0,Safe,Research & Development
3319,8.2,0,Safe,Research & Development
3320,9.9,0,Safe,Research & Development
3323,8.2,0,Safe,Research & Development
3326,9.9,0,Safe,Research & Development
3327,8.2,0,Safe,Research & Development
3328,9.9,0,Safe,Research & Development
3332,16.7,0,Safe,Research & Development
3333,14.8,0,Safe,Research & Development
3335,16.7,0,Safe,Research & Development
3336,14.8,0,Safe,Research & Development
3340,16.7,0,Safe,Research & Development
3341,14.8,0,Safe,Research & Development
3343,16.7,0,Safe,Research & Development
3344,14.8,0,Safe,Research & Development
3510,17.1,0,Safe,Sales
3512,17.6,0,Safe,Sales
3515,17.1,0,Safe,Sales
3516,17.6,0,Safe,Sales
3518,17.1,0,Safe,Sales
3520,17.6,0,Safe,Sales
3523,17.1,0,Safe,Sales
3524,17.6,0,Safe,Sales
3606,6.0,0,Safe,Research & Development
3607,5.1,0,Safe,Research & Development
3609,6.0,0,Safe,Research & Development
3610,5.1,0,Safe,Research & Development
3614,6.0,0,Safe,Research & Development
3615,5.1,0,Safe,Research & Development
3617,6.0,0,Safe,Research & Development
3618,5.1,0,Safe,Research & Development
3718,2.0,0,Safe,Research & Development
3720,0.9,0,Safe,Research & Development
3723,2.0,0,Safe,Research & Development
3724,1.8,0,Safe,Research & Development
3726,2.0,0,Safe,Research & Development
3728,0.9,0,Safe,Research & Development
3731,2.0,0,Safe,Research & Development
3732,1.8,0,Safe,Research & Development
4037,2.7,0,Safe,Research & Development
4039,2.4,0,Safe,Research & Development
4043,2.7,0,Safe,Research & Development
4044,2.4,0,Safe,Research & Development
4045,2.7,0,Safe,Research & Development
4047,2.4,0,Safe,Research & Development
4051,4.7,0,Safe,Research & Development
4052,2.4,0,Safe,Research & Development
4118,8.5,0,Safe,Research & Development
4119,9.0,0,Safe,Research & Development
4123,8.5,0,Safe,Research & Development
4124,9.0,0,Safe,Research & Development
4126,8.5,0,Safe,Research & Development
4127,9.0,0,Safe,Research & Development
4131,8.5,0,Safe,Research & Development
4132,9.0,0,Safe,Research & Development
4182,8.2,0,Safe,Research & Development
4183,8.2,0,Safe,Research & Development
4185,8.2,0,Safe,Research & Development
4186,8.2,0,Safe,Research & Development
4190,8.2,0,Safe,Research & Development
4191,8.2,0,Safe,Research & Development
4193,8.2,0,Safe,Research & Development
4194,8.2,0,Safe,Research & Development
4261,19.6,0,Safe,Sales
4263,19.1,0,Safe,Sales
4264,19.6,0,Safe,Sales
4265,19.1,0,Safe,Sales
4269,19.6,0,Safe,Sales
4271,19.1,0,Safe,Sales
4272,19.6,0,Safe,Sales
4273,19.1,0,Safe,Sales
4491,21.3,0,Safe,Research & Development
4493,33.4,0,Safe,Research & Development
4494,33.4,0,Safe,Research & Development
4495,33.4,0,Safe,Research & Development
4499,21.3,0,Safe,Research & Development
4501,33.4,0,Safe,Research & Development
4502,33.4,0,Safe,Research & Development
4503,33.4,0,Safe,Research & Development
4930,35.9,0,Safe,Research & Development
4932,38.8,0,Safe,Research & Development
4935,35.9,0,Safe,Research & Development
4936,38.8,0,Safe,Research & Development
4938,35.9,0,Safe,Research & Development
4940,38.8,0,Safe,Research & Development
4943,35.9,0,Safe,Research & Development
4944,38.8,0,Safe,Research & Development
5499,9.5,0,Safe,Sales
5501,10.8,0,Safe,Sales
5504,9.5,0,Safe,Sales
5505,10.8,0,Safe,Sales
5507,9.5,0,Safe,Sales
5509,10.8,0,Safe,Sales
5512,9.5,0,Safe,Sales
5513,10.8,0,Safe,Sales
5655,16.3,0,Safe,Research & Development
5657,15.8,0,Safe,Research & Development
5660,16.3,0,Safe,Research & Development
5661,15.8,0,Safe,Research & Development
5663,16.3,0,Safe,Research & Development
5665,15.8,0,Safe,Research & Development
5668,16.3,0,Safe,Research & Development
5669,15.8,0,Safe,Research & Development
5703,9.5,0,Safe,Research & Development
5704,9.7,0,Safe,Research & Development
5706,5.9,0,Safe,Research & Development
5707,6.6,0,Safe,Research & Development
5711,9.5,0,Safe,Research & Development
5712,9.7,0,Safe,Research & Development
5714,5.9,0,Safe,Research & Development
5715,6.6,0,Safe,Research & Development
5861,6.2,0,Safe,Research & Development
5862,7.2,0,Safe,Research & Development
5866,2.3,0,Safe,Research & Development
5867,2.6,0,Safe,Research & Development
5869,6.2,0,Safe,Research & Development
5870,7.2,0,Safe,Research & Development
5874,2.3,0,Safe,Research & Development
5875,2.6,0,Safe,Research & Development
5940,3.4,0,Safe,Sales
5941,2.4,0,Safe,Sales
5943,3.4,0,Safe,Sales
5944,2.4,0,Safe,Sales
5948,3.4,0,Safe,Sales
5949,2.4,0,Safe,Sales
5951,3.4,0,Safe,Sales
5952,2.4,0,Safe,Sales
6356,3.6,0,Safe,Sales
6359,2.3,0,Safe,Sales
6360,2.3,0,Safe,Sales
6363,3.6,0,Safe,Sales
6366,2.3,0,Safe,Sales
6367,3.3,0,Safe,Sales
6368,2.3,0,Safe,Sales
6579,17.7,0,Safe,Human Resources
6581,17.7,0,Safe,Human Resources
6582,16.9,0,Safe,Human Resources
6583,16.9,0,Safe,Human Resources
6587,17.7,0,Safe,Human Resources
6589,17.7,0,Safe,Human Resources
6590,16.9,0,Safe,Human Resources
6591,16.9,0,Safe,Human Resources
6837,6.7,0,Safe,Research & Development
6838,5.8,0,Safe,Research & Development
6840,6.7,0,Safe,Research & Development
6841,5.8,0,Safe,Research & Development
6844,6.7,0,Safe,Research & Development
6845,5.8,0,Safe,Research & Development
6847,6.7,0,Safe,Research & Development
6848,5.8,0,Safe,Research & Development
6954,4.0,0,Safe,Research & Development
6956,3.9,0,Safe,Research & Development
6960,4.0,0,Safe,Research & Development
6961,3.9,0,Safe,Research & Development
6963,3.9,0,Safe,Research & Development
6967,3.1,0,Safe,Research & Development
6968,3.9,0,Safe,Research & Development
7285,11.1,0,Safe,Research & Development
7286,11.1,0,Safe,Research & Development
7290,11.1,0,Safe,Research & Development
7291,11.1,0,Safe,Research & Development
7293,11.1,0,Safe,Research & Development
7294,11.1,0,Safe,Research & Development
7298,11.1,0,Safe,Research & Development
7299,11.1,0,Safe,Research & Development
7420,7.4,0,Safe,Sales
7423,17.4,0,Safe,Sales
7424,14.4,0,Safe,Sales
7425,17.4,0,Safe,Sales
7428,7.4,0,Safe,Sales
7430,17.4,0,Safe,Sales
7431,13.4,0,Safe,Sales
7432,17.4,0,Safe,Sales
7714,10.1,0,Safe,Research & Development
7716,12.8,0,Safe,Research & Development
7718,10.1,0,Safe,Research & Development
7719,12.8,0,Safe,Research & Development
7723,12.8,0,Safe,Research & Development
7725,14.2,0,Safe,Research & Development
7726,12.8,0,Safe,Research & Development
7881,6.8,0,Safe,Research & Development
7883,6.0,0,Safe,Research & Development
7884,6.8,0,Safe,Research & Development
7885,6.0,0,Safe,Research & Development
7889,6.8,0,Safe,Research & Development
7891,6.0,0,Safe,Research & Development
7892,6.8,0,Safe,Research & Development
7893,6.0,0,Safe,Research & Development
7911,12.8,0,Safe,Sales
7913,22.1,0,Safe,Sales
7915,12.8,0,Safe,Sales
7916,22.1,0,Safe,Sales
7919,12.8,0,Safe,Sales
7921,22.1,0,Safe,Sales
7923,7.8,0,Safe,Sales
7924,22.1,0,Safe,Sales
8055,6.5,0,Safe,Research & Development
8057,4.5,0,Safe,Research & Development
8059,8.3,0,Safe,Research & Development
8060,7.5,0,Safe,Research & Development
8063,6.5,0,Safe,Research & Development
8065,4.5,0,Safe,Research & Development
8067,10.8,0,Safe,Research & Development
8068,7.5,0,Safe,Research & Development
8072,8.7,0,Safe,Research & Development
8073,9.1,0,Safe,Research & Development
8075,8.7,0,Safe,Research & Development
8076,9.1,0,Safe,Research & Development
8080,8.7,0,Safe,Research & Development
8081,9.1,0,Safe,Research & Development
8083,8.7,0,Safe,Research & Development
8084,9.1,0,Safe,Research & Development
8263,5.4,0,Safe,Research & Development
8264,3.8,0,Safe,Research & Development
8268,5.4,0,Safe,Research & Development
8269,5.4,0,Safe,Research & Development
8271,5.4,0,Safe,Research & Development
8272,3.8,0,Safe,Research & Development
8276,5.4,0,Safe,Research & Development
8277,5.4,0,Safe,Research & Development
8389,9.7,0,Safe,Research & Development
8392,9.0,0,Safe,Research & Development
8393,9.7,0,Safe,Research & Development
8394,9.0,0,Safe,Research & Development
8397,9.7,0,Safe,Research & Development
8400,9.0,0,Safe,Research & Development
8401,6.0,0,Safe,Research & Development
8402,9.0,0,Safe,Research & Development
8513,21.4,0,Safe,Research & Development
8515,21.2,0,Safe,Research & Development
8518,21.4,0,Safe,Research & Development
8519,21.2,0,Safe,Research & Development
8523,21.4,0,Safe,Research & Development
8525,21.2,0,Safe,Research & Development
8528,21.4,0,Safe,Research & Development
8529,21.2,0,Safe,Research & Development
8823,20.4,0,Safe,Research & Development
8825,16.1,0,Safe,Research & Development
8829,20.4,0,Safe,Research & Development
8830,16.1,0,Safe,Research & Development
8831,20.4,0,Safe,Research & Development
8833,16.1,0,Safe,Research & Development
8837,20.4,0,Safe,Research & Development
8838,16.1,0,Safe,Research & Development
8871,23.9,0,Safe,Sales
8873,28.9,0,Safe,Sales
8874,35.9,0,Safe,Sales
8875,28.9,0,Safe,Sales
8879,23.9,0,Safe,Sales
8881,28.9,0,Safe,Sales
8882,35.9,0,Safe,Sales
8883,28.9,0,Safe,Sales
8903,52.7,1,HIGH RISK,Sales
8904,46.0,1,HIGH RISK,Sales
8908,52.7,1,HIGH RISK,Sales
8909,46.0,1,HIGH RISK,Sales
8911,52.7,1,HIGH RISK,Sales
8912,46.0,1,HIGH RISK,Sales
8916,52.7,1,HIGH RISK,Sales
8917,46.0,1,HIGH RISK,Sales
8995,1.5,0,Safe,Research & Development
8998,1.4,0,Safe,Research & Development
8999,1.5,0,Safe,Research & Development
9000,1.4,0,Safe,Research & Development
9003,1.5,0,Safe,Research & Development
9006,1.4,0,Safe,Research & Development
9007,1.5,0,Safe,Research & Development
9008,1.4,0,Safe,Research & Development
9105,7.5,0,Safe,Sales
9107,6.8,0,Safe,Sales
9109,4.2,0,Safe,Sales
9110,3.7,0,Safe,Sales
9113,7.5,0,Safe,Sales
9115,6.8,0,Safe,Sales
9117,4.2,0,Safe,Sales
9118,3.7,0,Safe,Sales
9222,7.7,0,Safe,Research & Development
9224,12.3,0,Safe,Research & Development
9228,12.3,0,Safe,Research & Development
9229,12.3,0,Safe,Research & Development
9230,7.7,0,Safe,Research & Development
9232,12.3,0,Safe,Research & Development
9236,12.3,0,Safe,Research & Development
9237,12.3,0,Safe,Research & Development
9300,5.7,0,Safe,Research & Development
6325,6.8,0,Safe,Research & Development
9304,5.7,0,Safe,Research & Development
9305,6.8,0,Safe,Research & Development
9308,5.7,0,Safe,Research & Development
9310,6.8,0,Safe,Research & Development
9312,5.7,0,Safe,Research & Development
9313,6.8,0,Safe,Research & Development
9364,10.6,0,Safe,Sales
9365,4.2,0,Safe,Sales
9366,4.2,0,Safe,Sales
9367,10.6,0,Safe,Sales
9368,10.6,0,Safe,Sales
9369,4.2,0,Safe,Sales
9370,4.2,0,Safe,Sales
9371,10.6,0,Safe,Sales
9372,10.6,0,Safe,Sales
9373,4.2,0,Safe,Sales
9374,4.2,0,Safe,Sales
9375,10.6,0,Safe,Sales
9376,10.6,0,Safe,Sales
9377,4.2,0,Safe,Sales
6325,4.2,0,Safe,Sales
9379,10.6,0,Safe,Sales
9732,20.7,0,Safe,Research & Development
9734,24.1,0,Safe,Research & Development
9736,20.7,0,Safe,Research & Development
9737,24.1,0,Safe,Research & Development
9740,20.7,0,Safe,Research & Development
9742,24.1,0,Safe,Research & Development
9744,20.7,0,Safe,Research & Development
9745,24.1,0,Safe,Research & Development
9843,4.0,0,Safe,Human Resources
9846,4.0,0,Safe,Human Resources
9849,4.0,0,Safe,Human Resources
9850,4.0,0,Safe,Human Resources
9851,4.0,0,Safe,Human Resources
9854,4.0,0,Safe,Human Resources
9857,4.0,0,Safe,Human Resources
9858,4.0,0,Safe,Human Resources
10224,5.0,0,Safe,Sales
10226,5.6,0,Safe,Sales
10229,5.2,0,Safe,Sales
10230,5.6,0,Safe,Sales
10232,5.0,0,Safe,Sales
10234,5.6,0,Safe,Sales
10237,5.2,0,Safe,Sales
10238,5.6,0,Safe,Sales
10446,15.4,0,Safe,Sales
10448,15.9,0,Safe,Sales
10449,7.2,0,Safe,Sales
10450,7.2,0,Safe,Sales
10454,15.4,0,Safe,Sales
10456,15.9,0,Safe,Sales
10457,7.2,0,Safe,Sales
10458,7.2,0,Safe,Sales
10779,23.5,0,Safe,Research & Development
10781,23.5,0,Safe,Research & Development
10785,23.5,0,Safe,Research & Development
10786,23.5,0,Safe,Research & Development
10787,23.5,0,Safe,Research & Development
10789,23.5,0,Safe,Research & Development
10793,23.5,0,Safe,Research & Development
10794,23.5,0,Safe,Research & Development
10892,1.8,0,Safe,Sales
10893,2.0,0,Safe,Sales
10895,1.8,0,Safe,Sales
10896,2.0,0,Safe,Sales
10900,1.8,0,Safe,Sales
10901,2.0,0,Safe,Sales
10903,1.8,0,Safe,Sales
10904,2.0,0,Safe,Sales
11521,4.9,0,Safe,Sales
11522,4.6,0,Safe,Sales
11524,4.9,0,Safe,Sales
11525,4.9,0,Safe,Sales
11528,4.9,0,Safe,Sales
11529,4.6,0,Safe,Sales
11531,4.9,0,Safe,Sales
11532,4.9,0,Safe,Sales
11820,2.9,0,Safe,Sales
11822,2.9,0,Safe,Sales
11823,2.9,0,Safe,Sales
11824,2.9,0,Safe,Sales
11828,2.9,0,Safe,Sales
11830,2.9,0,Safe,Sales
11831,2.9,0,Safe,Sales
11832,2.9,0,Safe,Sales
12143,17.3,0,Safe,Sales
12145,23.3,0,Safe,Sales
12147,20.5,0,Safe,Sales
12148,23.3,0,Safe,Sales
12151,17.3,0,Safe,Sales
12153,23.3,0,Safe,Sales
12155,20.5,0,Safe,Sales
12156,23.3,0,Safe,Sales
12237,5.9,0,Safe,Sales
12240,10.5,0,Safe,Sales
12243,5.9,0,Safe,Sales
12244,10.5,0,Safe,Sales
12245,5.9,0,Safe,Sales
12248,10.5,0,Safe,Sales
12251,5.9,0,Safe,Sales
12252,10.5,0,Safe,Sales
12515,14.8,0,Safe,Sales
12516,20.9,0,Safe,Sales
12520,22.2,0,Safe,Sales
12521,20.9,0,Safe,Sales
12523,14.8,0,Safe,Sales
12524,20.9,0,Safe,Sales
12528,22.2,0,Safe,Sales
12529,20.9,0,Safe,Sales
12627,5.4,0,Safe,Sales
12629,5.2,0,Safe,Sales
12630,5.4,0,Safe,Sales
12631,5.2,0,Safe,Sales
12634,5.4,0,Safe,Sales
12636,5.2,0,Safe,Sales
12637,5.4,0,Safe,Sales
12638,5.2,0,Safe,Sales
12735,32.4,0,Safe,Research & Development
12737,32.4,0,Safe,Research & Development
12739,32.4,0,Safe,Research & Development
12740,32.4,0,Safe,Research & Development
12743,32.4,0,Safe,Research & Development
12745,32.4,0,Safe,Research & Development
12747,32.4,0,Safe,Research & Development
12748,32.4,0,Safe,Research & Development
12768,7.9,0,Safe,Research & Development
12770,7.9,0,Safe,Research & Development
12773,7.9,0,Safe,Research & Development
12774,7.9,0,Safe,Research & Development
12776,7.9,0,Safe,Research & Development
12778,7.9,0,Safe,Research & Development
12781,7.9,0,Safe,Research & Development
12782,7.9,0,Safe,Research & Development
12879,8.2,0,Safe,Research & Development
12882,9.9,0,Safe,Research & Development
12883,10.0,0,Safe,Research & Development
12884,9.9,0,Safe,Research & Development
12887,8.2,0,Safe,Research & Development
12890,9.9,0,Safe,Research & Development
12891,10.0,0,Safe,Research & Development
12892,9.9,0,Safe,Research & Development
13103,7.8,0,Safe,Research & Development
13104,7.1,0,Safe,Research & Development
13106,5.5,0,Safe,Research & Development
13107,5.4,0,Safe,Research & Development
13111,7.8,0,Safe,Research & Development
13112,7.1,0,Safe,Research & Development
13114,5.5,0,Safe,Research & Development
13115,5.4,0,Safe,Research & Development
13182,10.2,0,Safe,Research & Development
13184,12.5,0,Safe,Research & Development
13188,14.3,0,Safe,Research & Development
13189,12.5,0,Safe,Research & Development
13190,10.2,0,Safe,Research & Development
13192,12.5,0,Safe,Research & Development
13196,14.3,0,Safe,Research & Development
13197,12.5,0,Safe,Research & Development
13278,14.5,0,Safe,Research & Development
13279,14.5,0,Safe,Research & Development
13283,13.1,0,Safe,Research & Development
13284,13.1,0,Safe,Research & Development
13286,14.5,0,Safe,Research & Development
13287,14.5,0,Safe,Research & Development
13291,13.1,0,Safe,Research & Development
13292,13.1,0,Safe,Research & Development
12686,2.8,0,Safe,Sales
13375,2.7,0,Safe,Sales
13377,3.0,0,Safe,Sales
13378,2.7,0,Safe,Sales
13381,3.0,0,Safe,Sales
13383,2.7,0,Safe,Sales
13385,3.0,0,Safe,Sales
13386,2.7,0,Safe,Sales
13580,5.4,0,Safe,Research & Development
13582,2.9,0,Safe,Research & Development
13586,2.4,0,Safe,Research & Development
13587,2.4,0,Safe,Research & Development
13588,5.4,0,Safe,Research & Development
13590,2.4,0,Safe,Research & Development
13594,2.4,0,Safe,Research & Development
13595,2.4,0,Safe,Research & Development
13597,11.1,0,Safe,Research & Development
13599,11.1,0,Safe,Research & Development
13600,11.1,0,Safe,Research & Development
13601,11.1,0,Safe,Research & Development
13605,11.1,0,Safe,Research & Development
13607,11.1,0,Safe,Research & Development
13608,11.1,0,Safe,Research & Development
13609,11.1,0,Safe,Research & Development
13785,6.9,0,Safe,Research & Development
13787,7.1,0,Safe,Research & Development
13790,6.9,0,Safe,Research & Development
13791,7.1,0,Safe,Research & Development
13793,6.9,0,Safe,Research & Development
13795,7.1,0,Safe,Research & Development
13798,6.9,0,Safe,Research & Development
13799,7.1,0,Safe,Research & Development
14510,3.2,0,Safe,Research & Development
14513,3.1,0,Safe,Research & Development
14514,3.2,0,Safe,Research & Development
14515,3.1,0,Safe,Research & Development
14518,3.2,0,Safe,Research & Development
14521,3.1,0,Safe,Research & Development
14522,3.2,0,Safe,Research & Development
14523,3.1,0,Safe,Research & Development
14689,2.6,0,Safe,Sales
14691,2.9,0,Safe,Sales
14693,2.6,0,Safe,Sales
14694,2.9,0,Safe,Sales
14697,2.6,0,Safe,Sales
14699,2.9,0,Safe,Sales
14701,2.6,0,Safe,Sales
14702,2.9,0,Safe,Sales
14737,2.3,0,Safe,Research & Development
14740,2.2,0,Safe,Research & Development
14743,2.3,0,Safe,Research & Development
14744,2.2,0,Safe,Research & Development
14745,2.3,0,Safe,Research & Development
14748,2.2,0,Safe,Research & Development
14751,2.3,0,Safe,Research & Development
14752,2.2,0,Safe,Research & Development
14784,11.2,0,Safe,Human Resources
14787,9.5,0,Safe,Human Resources
14788,11.2,0,Safe,Human Resources
14789,9.5,0,Safe,Human Resources
14792,11.2,0,Safe,Human Resources
14795,9.5,0,Safe,Human Resources
14796,11.2,0,Safe,Human Resources
14797,9.5,0,Safe,Human Resources
15349,11.2,0,Safe,Research & Development
15352,11.2,0,Safe,Research & Development
15355,11.2,0,Safe,Research & Development
15356,11.2,0,Safe,Research & Development
15357,11.2,0,Safe,Research & Development
15360,11.2,0,Safe,Research & Development
15363,11.2,0,Safe,Research & Development
15364,11.2,0,Safe,Research & Development
15430,4.2,0,Safe,Research & Development
15432,2.6,0,Safe,Research & Development
15433,4.2,0,Safe,Research & Development
15434,4.3,0,Safe,Research & Development
15438,4.2,0,Safe,Research & Development
15440,2.6,0,Safe,Research & Development
15441,4.2,0,Safe,Research & Development
15442,4.3,0,Safe,Research & Development
15445,6.9,0,Safe,Sales
15447,9.4,0,Safe,Sales
15449,6.9,0,Safe,Sales
15450,9.4,0,Safe,Sales
15453,6.9,0,Safe,Sales
15455,9.4,0,Safe,Sales
15457,6.9,0,Safe,Sales
15458,9.4,0,Safe,Sales
15493,8.0,0,Safe,Research & Development
15495,7.7,0,Safe,Research & Development
15496,5.9,0,Safe,Research & Development
15497,5.9,0,Safe,Research & Development
15501,8.0,0,Safe,Research & Development
15503,7.7,0,Safe,Research & Development
15504,5.9,0,Safe,Research & Development
15505,5.9,0,Safe,Research & Development
15649,26.5,0,Safe,Research & Development
15651,27.8,0,Safe,Research & Development
15655,17.3,0,Safe,Research & Development
15656,17.5,0,Safe,Research & Development
15657,26.5,0,Safe,Research & Development
15659,27.8,0,Safe,Research & Development
15663,17.3,0,Safe,Research & Development
15664,17.5,0,Safe,Research & Development
15681,23.7,0,Safe,Research & Development
15682,8.7,0,Safe,Research & Development
15683,8.6,0,Safe,Research & Development
15684,23.5,0,Safe,Research & Development
15685,23.7,0,Safe,Research & Development
15686,8.7,0,Safe,Research & Development
15687,8.6,0,Safe,Research & Development
15688,23.5,0,Safe,Research & Development
15689,23.7,0,Safe,Research & Development
15690,8.7,0,Safe,Research & Development
15691,8.6,0,Safe,Research & Development
15692,23.5,0,Safe,Research & Development
15693,23.7,0,Safe,Research & Development
15694,8.7,0,Safe,Research & Development
15695,8.6,0,Safe,Research & Development
15696,23.5,0,Safe,Research & Development
15743,4.4,0,Safe,Research & Development
15745,4.1,0,Safe,Research & Development
15749,4.4,0,Safe,Research & Development
15750,4.1,0,Safe,Research & Development
15751,4.4,0,Safe,Research & Development
15753,4.1,0,Safe,Research & Development
15757,4.4,0,Safe,Research & Development
15758,4.1,0,Safe,Research & Development
16246,9.1,0,Safe,Research & Development
16248,13.9,0,Safe,Research & Development
16250,14.6,0,Safe,Research & Development
16251,13.9,0,Safe,Research & Development
16254,9.1,0,Safe,Research & Development
16256,13.9,0,Safe,Research & Development
16258,14.6,0,Safe,Research & Development
16259,13.9,0,Safe,Research & Development
16437,7.0,0,Safe,Research & Development
16439,5.3,0,Safe,Research & Development
16441,7.0,0,Safe,Research & Development
16442,5.3,0,Safe,Research & Development
16445,7.0,0,Safe,Research & Development
16447,5.3,0,Safe,Research & Development
16449,7.0,0,Safe,Research & Development
16450,5.3,0,Safe,Research & Development
16776,11.1,0,Safe,Sales
16779,10.1,0,Safe,Sales
16780,11.1,0,Safe,Sales
16781,10.1,0,Safe,Sales
16784,11.1,0,Safe,Sales
16787,10.1,0,Safe,Sales
16788,11.1,0,Safe,Sales
16789,10.1,0,Safe,Sales
16887,14.5,0,Safe,Research & Development
16890,21.7,0,Safe,Research & Development
16893,23.9,0,Safe,Research & Development
16894,21.7,0,Safe,Research & Development
16895,14.5,0,Safe,Research & Development
16898,21.7,0,Safe,Research & Development
16901,23.9,0,Safe,Research & Development
16902,21.7,0,Safe,Research & Development
17014,6.3,0,Safe,Research & Development
17015,5.6,0,Safe,Research & Development
17019,6.3,0,Safe,Research & Development
17020,6.3,0,Safe,Research & Development
17022,6.3,0,Safe,Research & Development
17023,6.3,0,Safe,Research & Development
17027,6.3,0,Safe,Research & Development
17028,6.3,0,Safe,Research & Development
17305,6.8,0,Safe,Research & Development
17307,6.3,0,Safe,Research & Development
17308,6.8,0,Safe,Research & Development
17309,6.3,0,Safe,Research & Development
17313,6.8,0,Safe,Research & Development
17315,5.6,0,Safe,Research & Development
17316,6.8,0,Safe,Research & Development
17317,6.3,0,Safe,Research & Development
17352,27.9,0,Safe,Sales
17354,33.4,0,Safe,Sales
17356,27.9,0,Safe,Sales
17357,33.4,0,Safe,Sales
17360,27.9,0,Safe,Sales
17362,33.4,0,Safe,Sales
17364,27.9,0,Safe,Sales
17365,33.4,0,Safe,Sales
17400,2.3,0,Safe,Sales
17403,2.2,0,Safe,Sales
17406,1.2,0,Safe,Sales
17407,1.0,0,Safe,Sales
17408,2.3,0,Safe,Sales
17411,2.2,0,Safe,Sales
17414,1.2,0,Safe,Sales
17415,1.0,0,Safe,Sales
17526,8.7,0,Safe,Sales
17527,8.7,0,Safe,Sales
17531,8.7,0,Safe,Sales
17532,8.7,0,Safe,Sales
17534,8.7,0,Safe,Sales
17535,8.7,0,Safe,Sales
17539,8.7,0,Safe,Sales
17540,8.7,0,Safe,Sales
17621,12.0,0,Safe,Research & Development
17623,11.2,0,Safe,Research & Development
17626,12.0,0,Safe,Research & Development
17627,11.2,0,Safe,Research & Development
17629,12.0,0,Safe,Research & Development
17631,11.2,0,Safe,Research & Development
17634,12.0,0,Safe,Research & Development
17635,11.2,0,Safe,Research & Development
17836,11.6,0,Safe,Research & Development
17838,9.7,0,Safe,Research & Development
17840,14.2,0,Safe,Research & Development
17841,13.0,0,Safe,Research & Development
17844,11.6,0,Safe,Research & Development
17845,9.7,0,Safe,Research & Development
17847,14.2,0,Safe,Research & Development
17848,13.0,0,Safe,Research & Development
17031,8.5,0,Safe,Research & Development
17871,6.8,0,Safe,Research & Development
17873,8.5,0,Safe,Research & Development
17874,6.8,0,Safe,Research & Development
17876,8.5,0,Safe,Research & Development
17877,6.8,0,Safe,Research & Development
17879,8.5,0,Safe,Research & Development
17880,6.8,0,Safe,Research & Development
17928,9.9,0,Safe,Research & Development
17930,9.9,0,Safe,Research & Development
17931,9.9,0,Safe,Research & Development
17932,9.9,0,Safe,Research & Development
17937,9.9,0,Safe,Research & Development
17938,9.9,0,Safe,Research & Development
17939,9.9,0,Safe,Research & Development
18079,17.7,0,Safe,Research & Development
18081,16.5,0,Safe,Research & Development
18083,17.7,0,Safe,Research & Development
18084,16.5,0,Safe,Research & Development
18087,17.7,0,Safe,Research & Development
18089,16.5,0,Safe,Research & Development
18091,17.7,0,Safe,Research & Development
18092,16.5,0,Safe,Research & Development
18186,0.5,0,Safe,Research & Development
18187,0.4,0,Safe,Research & Development
18189,0.5,0,Safe,Research & Development
18190,0.4,0,Safe,Research & Development
18193,0.5,0,Safe,Research & Development
18194,0.4,0,Safe,Research & Development
18196,0.5,0,Safe,Research & Development
18197,0.4,0,Safe,Research & Development
18305,11.0,0,Safe,Research & Development
18308,11.0,0,Safe,Research & Development
18309,11.0,0,Safe,Research & Development
18310,11.0,0,Safe,Research & Development
18315,7.8,0,Safe,Research & Development
18316,11.0,0,Safe,Research & Development
18317,11.0,0,Safe,Research & Development
18785,7.5,0,Safe,Research & Development
18786,3.8,0,Safe,Research & Development
18788,3.7,0,Safe,Research & Development
18789,3.8,0,Safe,Research & Development
18793,7.5,0,Safe,Research & Development
18794,3.8,0,Safe,Research & Development
18796,3.7,0,Safe,Research & Development
18797,3.8,0,Safe,Research & Development
18855,7.4,0,Safe,Research & Development
18858,7.9,0,Safe,Research & Development
18859,7.4,0,Safe,Research & Development
18860,7.9,0,Safe,Research & Development
18863,7.4,0,Safe,Research & Development
18866,7.9,0,Safe,Research & Development
18867,7.4,0,Safe,Research & Development
18868,7.9,0,Safe,Research & Development
19014,2.0,0,Safe,Research & Development
19016,2.1,0,Safe,Research & Development
19019,2.0,0,Safe,Research & Development
19020,2.1,0,Safe,Research & Development
19022,2.0,0,Safe,Research & Development
19024,2.1,0,Safe,Research & Development
19027,2.0,0,Safe,Research & Development
19028,2.1,0,Safe,Research & Development
19314,1.6,0,Safe,Research & Development
19317,1.6,0,Safe,Research & Development
19320,1.6,0,Safe,Research & Development
19321,1.6,0,Safe,Research & Development
19322,1.6,0,Safe,Research & Development
19325,1.6,0,Safe,Research & Development
19328,1.6,0,Safe,Research & Development
19329,1.6,0,Safe,Research & Development
19378,38.6,0,Safe,Research & Development
19380,44.0,1,HIGH RISK,Research & Development
19384,38.6,0,Safe,Research & Development
19385,44.0,1,HIGH RISK,Research & Development
19386,38.6,0,Safe,Research & Development
19388,44.0,1,HIGH RISK,Research & Development
19392,38.6,0,Safe,Research & Development
19393,44.0,1,HIGH RISK,Research & Development
19539,34.3,0,Safe,Sales
19540,32.5,0,Safe,Sales
19544,34.3,0,Safe,Sales
19545,32.5,0,Safe,Sales
19547,34.3,0,Safe,Sales
19548,32.5,0,Safe,Sales
19552,34.3,0,Safe,Sales
19553,32.5,0,Safe,Sales
19667,7.6,0,Safe,Sales
19668,7.6,0,Safe,Sales
19672,7.6,0,Safe,Sales
19673,7.6,0,Safe,Sales
19675,7.6,0,Safe,Sales
19676,7.6,0,Safe,Sales
19680,7.6,0,Safe,Sales
19681,7.6,0,Safe,Sales
20016,1.1,0,Safe,Research & Development
20018,0.5,0,Safe,Research & Development
20020,1.1,0,Safe,Research & Development
20021,1.3,0,Safe,Research & Development
20024,1.1,0,Safe,Research & Development
20026,0.5,0,Safe,Research & Development
20028,1.1,0,Safe,Research & Development
20029,1.3,0,Safe,Research & Development
20064,24.3,0,Safe,Research & Development
20065,24.7,0,Safe,Research & Development
20069,18.6,0,Safe,Research & Development
20070,18.5,0,Safe,Research & Development
20072,24.3,0,Safe,Research & Development
20073,24.7,0,Safe,Research & Development
20077,18.6,0,Safe,Research & Development
20078,18.5,0,Safe,Research & Development
20190,1.8,0,Safe,Research & Development
20191,1.6,0,Safe,Research & Development
20193,1.3,0,Safe,Research & Development
20194,1.3,0,Safe,Research & Development
20198,1.8,0,Safe,Research & Development
20199,1.6,0,Safe,Research & Development
20201,1.3,0,Safe,Research & Development
20202,1.3,0,Safe,Research & Development
20251,11.7,0,Safe,Sales
20254,13.3,0,Safe,Sales
20255,11.7,0,Safe,Sales
20256,13.3,0,Safe,Sales
20259,11.7,0,Safe,Sales
20262,13.3,0,Safe,Sales
20263,11.7,0,Safe,Sales
20264,13.3,0,Safe,Sales
20299,13.0,0,Safe,Sales
20302,12.3,0,Safe,Sales
20303,13.0,0,Safe,Sales
20304,12.3,0,Safe,Sales
20307,13.0,0,Safe,Sales
20310,12.3,0,Safe,Sales
20311,13.0,0,Safe,Sales
20312,12.3,0,Safe,Sales
20540,14.2,0,Safe,Sales
20541,12.7,0,Safe,Sales
20543,14.2,0,Safe,Sales
20544,12.7,0,Safe,Sales
20548,14.2,0,Safe,Sales
20549,12.7,0,Safe,Sales
20551,14.2,0,Safe,Sales
20552,12.7,0,Safe,Sales
20779,5.1,0,Safe,Sales
20782,5.6,0,Safe,Sales
20783,2.1,0,Safe,Sales
20784,2.1,0,Safe,Sales
20787,5.1,0,Safe,Sales
20790,5.6,0,Safe,Sales
20791,2.1,0,Safe,Sales
20792,2.1,0,Safe,Sales
20972,11.1,0,Safe,Research & Development
20973,11.1,0,Safe,Research & Development
20977,11.1,0,Safe,Research & Development
20978,11.1,0,Safe,Research & Development
20980,11.1,0,Safe,Research & Development
20981,11.1,0,Safe,Research & Development
20985,11.1,0,Safe,Research & Development
20986,11.1,0,Safe,Research & Development
21004,3.0,0,Safe,Sales
21006,3.3,0,Safe,Sales
21007,1.7,0,Safe,Sales
21008,1.9,0,Safe,Sales
21012,3.0,0,Safe,Sales
21014,3.3,0,Safe,Sales
21015,1.7,0,Safe,Sales
21016,1.9,0,Safe,Sales
21275,3.2,0,Safe,Research & Development
21277,3.5,0,Safe,Research & Development
21278,3.2,0,Safe,Research & Development
21279,3.5,0,Safe,Research & Development
21283,3.2,0,Safe,Research & Development
21285,3.5,0,Safe,Research & Development
21286,3.2,0,Safe,Research & Development
21287,3.5,0,Safe,Research & Development
21448,2.4,0,Safe,Sales
21451,2.4,0,Safe,Sales
21454,2.4,0,Safe,Sales
21455,2.4,0,Safe,Sales
21456,2.4,0,Safe,Sales
21459,2.4,0,Safe,Sales
21462,2.4,0,Safe,Sales
21463,2.4,0,Safe,Sales
21720,17.7,0,Safe,Sales
21723,12.1,0,Safe,Sales
21724,17.7,0,Safe,Sales
21725,16.6,0,Safe,Sales
21728,17.7,0,Safe,Sales
21731,12.1,0,Safe,Sales
21732,17.7,0,Safe,Sales
21733,16.6,0,Safe,Sales
21870,4.0,0,Safe,Research & Development
21872,1.9,0,Safe,Research & Development
21876,4.0,0,Safe,Research & Development
21877,3.9,0,Safe,Research & Development
21878,4.0,0,Safe,Research & Development
21880,1.9,0,Safe,Research & Development
21884,4.0,0,Safe,Research & Development
21885,3.9,0,Safe,Research & Development
22133,20.3,0,Safe,Sales
22134,20.4,0,Safe,Sales
22135,20.8,0,Safe,Sales
22136,21.6,0,Safe,Sales
22137,12.3,0,Safe,Sales
22138,10.6,0,Safe,Sales
22139,11.9,0,Safe,Sales
22140,10.7,0,Safe,Sales
22141,20.3,0,Safe,Sales
22142,20.4,0,Safe,Sales
22143,20.8,0,Safe,Sales
22144,21.6,0,Safe,Sales
22145,12.3,0,Safe,Sales
22146,10.6,0,Safe,Sales
22147,11.9,0,Safe,Sales
22148,10.7,0,Safe,Sales
22149,13.4,0,Safe,Sales
22151,14.6,0,Safe,Sales
22155,13.4,0,Safe,Sales
22156,14.6,0,Safe,Sales
22157,13.4,0,Safe,Sales
22159,14.6,0,Safe,Sales
22163,13.4,0,Safe,Sales
22164,14.6,0,Safe,Sales
22662,4.7,0,Safe,Research & Development
22664,9.0,0,Safe,Research & Development
22667,4.7,0,Safe,Research & Development
22668,9.0,0,Safe,Research & Development
22670,4.7,0,Safe,Research & Development
22672,9.0,0,Safe,Research & Development
22675,4.7,0,Safe,Research & Development
22676,9.0,0,Safe,Research & Development
22760,14.9,0,Safe,Research & Development
22762,17.8,0,Safe,Research & Development
22765,14.9,0,Safe,Research & Development
22766,17.8,0,Safe,Research & Development
22768,14.9,0,Safe,Research & Development
22770,17.8,0,Safe,Research & Development
22773,14.9,0,Safe,Research & Development
22774,17.8,0,Safe,Research & Development
22776,4.4,0,Safe,Research & Development
22777,4.7,0,Safe,Research & Development
22779,4.4,0,Safe,Research & Development
22780,4.7,0,Safe,Research & Development
22784,4.4,0,Safe,Research & Development
22785,4.7,0,Safe,Research & Development
22787,4.4,0,Safe,Research & Development
22788,4.7,0,Safe,Research & Development
22953,11.8,0,Safe,Sales
22955,16.2,0,Safe,Sales
22956,17.0,0,Safe,Sales
22957,16.2,0,Safe,Sales
22961,11.8,0,Safe,Sales
22963,16.2,0,Safe,Sales
22964,17.0,0,Safe,Sales
22965,16.2,0,Safe,Sales
22969,1.3,0,Safe,Sales
22971,1.7,0,Safe,Sales
22974,1.3,0,Safe,Sales
22975,1.7,0,Safe,Sales
22977,1.3,0,Safe,Sales
22979,1.7,0,Safe,Sales
22982,1.3,0,Safe,Sales
22983,1.7,0,Safe,Sales
23091,9.3,0,Safe,Research & Development
23093,6.7,0,Safe,Research & Development
23094,9.3,0,Safe,Research & Development
23095,6.7,0,Safe,Research & Development
23099,9.3,0,Safe,Research & Development
23101,6.7,0,Safe,Research & Development
23102,9.3,0,Safe,Research & Development
23103,6.7,0,Safe,Research & Development
23122,9.4,0,Safe,Sales
23125,6.4,0,Safe,Sales
23128,5.7,0,Safe,Sales
23129,6.4,0,Safe,Sales
23130,9.4,0,Safe,Sales
23133,6.4,0,Safe,Sales
23136,5.7,0,Safe,Sales
23137,6.4,0,Safe,Sales
23301,5.2,0,Safe,Sales
23303,6.8,0,Safe,Sales
23304,6.7,0,Safe,Sales
23305,6.8,0,Safe,Sales
23309,5.2,0,Safe,Sales
23311,20.4,0,Safe,Sales
23312,6.7,0,Safe,Sales
23313,6.8,0,Safe,Sales
23492,20.2,0,Safe,Research & Development
23495,8.8,0,Safe,Research & Development
23498,20.2,0,Safe,Research & Development
23499,18.9,0,Safe,Research & Development
23500,20.2,0,Safe,Research & Development
23503,8.8,0,Safe,Research & Development
23506,20.2,0,Safe,Research & Development
23507,18.9,0,Safe,Research & Development
23513,6.2,0,Safe,Research & Development
23514,3.6,0,Safe,Sales
107,1.8,0,Safe,Research & Development
382,73.4,1,HIGH RISK,Human Resources
384,73.4,1,HIGH RISK,Human Resources
387,72.2,1,HIGH RISK,Human Resources
388,71.6,1,HIGH RISK,Human Resources
392,73.4,1,HIGH RISK,Human Resources
394,73.4,1,HIGH RISK,Human Resources
397,72.2,1,HIGH RISK,Human Resources
398,71.6,1,HIGH RISK,Human Resources
677,8.6,0,Safe,Research & Development
679,13.7,0,Safe,Research & Development
681,13.6,0,Safe,Research & Development
682,15.4,0,Safe,Research & Development
685,8.6,0,Safe,Research & Development
687,13.7,0,Safe,Research & Development
689,13.6,0,Safe,Research & Development
690,15.4,0,Safe,Research & Development
3574,4.8,0,Safe,Research & Development
3576,9.0,0,Safe,Research & Development
3577,4.7,0,Safe,Research & Development
3578,4.5,0,Safe,Research & Development
3582,4.8,0,Safe,Research & Development
3584,9.0,0,Safe,Research & Development
3585,4.7,0,Safe,Research & Development
3586,4.5,0,Safe,Research & Development
3878,3.9,0,Safe,Sales
3880,3.9,0,Safe,Sales
3881,2.4,0,Safe,Sales
3882,1.9,0,Safe,Sales
3886,3.9,0,Safe,Sales
3888,3.9,0,Safe,Sales
3889,2.4,0,Safe,Sales
3890,1.9,0,Safe,Sales
6216,21.4,0,Safe,Research & Development
6218,26.7,0,Safe,Research & Development
6219,28.1,0,Safe,Research & Development
6220,30.9,0,Safe,Research & Development
6224,21.4,0,Safe,Research & Development
6226,26.7,0,Safe,Research & Development
6227,28.1,0,Safe,Research & Development
6228,30.9,0,Safe,Research & Development
6686,11.0,0,Safe,Sales
6688,16.7,0,Safe,Sales
6690,7.5,0,Safe,Sales
6691,8.6,0,Safe,Sales
6695,16.7,0,Safe,Sales
6697,7.5,0,Safe,Sales
6698,8.6,0,Safe,Sales
7684,2.1,0,Safe,Research & Development
7687,3.2,0,Safe,Research & Development
7688,3.0,0,Safe,Research & Development
7689,3.8,0,Safe,Research & Development
7694,3.2,0,Safe,Research & Development
7695,3.0,0,Safe,Research & Development
7696,3.8,0,Safe,Research & Development
8405,49.8,1,HIGH RISK,Sales
8407,38.9,0,Safe,Sales
8409,26.3,0,Safe,Sales
8410,16.4,0,Safe,Sales
8413,49.8,1,HIGH RISK,Sales
8414,13.3,0,Safe,Sales
8415,19.0,0,Safe,Sales
8417,38.9,0,Safe,Sales
8419,26.3,0,Safe,Sales
8420,16.4,0,Safe,Sales
12864,14.9,0,Safe,Research & Development
12865,15.1,0,Safe,Research & Development
12867,14.9,0,Safe,Research & Development
12868,18.0,0,Safe,Research & Development
12872,14.9,0,Safe,Research & Development
12873,15.1,0,Safe,Research & Development
12875,14.9,0,Safe,Research & Development
12876,18.0,0,Safe,Research & Development
13959,13.9,0,Safe,Research & Development
13962,23.9,0,Safe,Research & Development
13963,37.1,0,Safe,Research & Development
13964,35.3,0,Safe,Research & Development
13967,13.9,0,Safe,Research & Development
13970,23.9,0,Safe,Research & Development
13971,37.1,0,Safe,Research & Development
13972,35.3,0,Safe,Research & Development
16966,46.8,1,HIGH RISK,Research & Development
16968,35.6,0,Safe,Research & Development
16970,23.0,0,Safe,Research & Development
16972,21.3,0,Safe,Research & Development
16974,46.8,1,HIGH RISK,Research & Development
16976,35.6,0,Safe,Research & Development
16978,23.0,0,Safe,Research & Development
16980,21.3,0,Safe,Research & Development
17958,28.3,0,Safe,Research & Development
17959,28.1,0,Safe,Research & Development
17961,18.6,0,Safe,Research & Development
17962,17.3,0,Safe,Research & Development
17966,28.1,0,Safe,Research & Development
17968,18.6,0,Safe,Research & Development
17969,17.3,0,Safe,Research & Development
19538,72.9,1,HIGH RISK,Human Resources
19541,72.9,1,HIGH RISK,Human Resources
19542,72.9,1,HIGH RISK,Human Resources
19543,71.3,1,HIGH RISK,Human Resources
19546,72.9,1,HIGH RISK,Human Resources
19549,72.9,1,HIGH RISK,Human Resources
19550,72.9,1,HIGH RISK,Human Resources
19551,71.3,1,HIGH RISK,Human Resources
22006,19.7,0,Safe,Sales
22007,17.7,0,Safe,Sales
22009,19.7,0,Safe,Sales
22010,22.5,0,Safe,Sales
22014,19.7,0,Safe,Sales
22015,17.7,0,Safe,Sales
22017,19.7,0,Safe,Sales
22018,22.5,0,Safe,Sales
326,8.8,0,Safe,Sales
433,3.4,0,Safe,Research & Development
436,7.4,0,Safe,Research & Development
437,8.2,0,Safe,Research & Development
438,7.9,0,Safe,Research & Development
441,3.4,0,Safe,Research & Development
442,4.1,0,Safe,Research & Development
443,11.5,0,Safe,Research & Development
446,7.4,0,Safe,Research & Development
447,8.2,0,Safe,Research & Development
448,7.9,0,Safe,Research & Development
1347,6.2,0,Safe,Research & Development
1349,3.1,0,Safe,Research & Development
1350,2.4,0,Safe,Research & Development
1351,1.8,0,Safe,Research & Development
1354,6.2,0,Safe,Research & Development
1356,3.1,0,Safe,Research & Development
1357,2.4,0,Safe,Research & Development
1358,1.8,0,Safe,Research & Development
1644,15.3,0,Safe,Sales
1646,14.8,0,Safe,Sales
1648,10.7,0,Safe,Sales
1649,10.4,0,Safe,Sales
1652,15.3,0,Safe,Sales
1654,14.8,0,Safe,Sales
1656,10.7,0,Safe,Sales
1657,10.4,0,Safe,Sales
1904,7.7,0,Safe,Research & Development
1907,7.7,0,Safe,Research & Development
1908,7.7,0,Safe,Research & Development
1909,7.1,0,Safe,Research & Development
1912,7.7,0,Safe,Research & Development
1915,7.7,0,Safe,Research & Development
1916,7.7,0,Safe,Research & Development
1917,7.1,0,Safe,Research & Development
4309,5.4,0,Safe,Research & Development
4311,5.0,0,Safe,Research & Development
4312,1.5,0,Safe,Research & Development
4313,1.8,0,Safe,Research & Development
4317,5.4,0,Safe,Research & Development
4319,5.0,0,Safe,Research & Development
4320,1.5,0,Safe,Research & Development
4321,1.8,0,Safe,Research & Development
4673,1.9,0,Safe,Research & Development
4674,1.7,0,Safe,Research & Development
4676,1.7,0,Safe,Research & Development
4677,1.3,0,Safe,Research & Development
4681,1.9,0,Safe,Research & Development
4682,1.7,0,Safe,Research & Development
4684,1.7,0,Safe,Research & Development
4685,1.3,0,Safe,Research & Development
6152,9.6,0,Safe,Sales
6155,11.1,0,Safe,Sales
6156,16.8,0,Safe,Sales
6157,21.2,0,Safe,Sales
6160,9.6,0,Safe,Sales
6163,11.1,0,Safe,Sales
6164,16.8,0,Safe,Sales
6165,21.2,0,Safe,Sales
7451,15.9,0,Safe,Sales
7453,15.7,0,Safe,Sales
7454,7.2,0,Safe,Sales
7455,8.3,0,Safe,Sales
7460,15.7,0,Safe,Sales
7461,7.2,0,Safe,Sales
7462,8.3,0,Safe,Sales
7541,4.0,0,Safe,Sales
7544,8.3,0,Safe,Sales
7545,9.4,0,Safe,Sales
7546,15.4,0,Safe,Sales
7549,4.0,0,Safe,Sales
7552,8.3,0,Safe,Sales
7553,9.4,0,Safe,Sales
7554,15.4,0,Safe,Sales
7605,4.1,0,Safe,Research & Development
7608,3.9,0,Safe,Research & Development
7609,5.3,0,Safe,Research & Development
7610,4.3,0,Safe,Research & Development
7613,4.1,0,Safe,Research & Development
7616,3.9,0,Safe,Research & Development
7617,5.3,0,Safe,Research & Development
7618,4.3,0,Safe,Research & Development
7637,24.3,0,Safe,Research & Development
7640,24.3,0,Safe,Research & Development
7641,21.6,0,Safe,Research & Development
7642,19.2,0,Safe,Research & Development
7645,24.3,0,Safe,Research & Development
7648,24.3,0,Safe,Research & Development
7649,21.6,0,Safe,Research & Development
7650,19.2,0,Safe,Research & Development
9412,17.7,0,Safe,Research & Development
9415,14.6,0,Safe,Research & Development
9416,13.9,0,Safe,Research & Development
9417,11.8,0,Safe,Research & Development
9420,17.7,0,Safe,Research & Development
9423,14.6,0,Safe,Research & Development
9424,13.9,0,Safe,Research & Development
9425,11.8,0,Safe,Research & Development
9749,2.3,0,Safe,Research & Development
9750,2.1,0,Safe,Research & Development
9752,3.2,0,Safe,Research & Development
9753,3.2,0,Safe,Research & Development
9757,2.3,0,Safe,Research & Development
9758,2.1,0,Safe,Research & Development
9760,3.2,0,Safe,Research & Development
9761,3.2,0,Safe,Research & Development
10271,3.6,0,Safe,Research & Development
10273,3.6,0,Safe,Research & Development
10275,1.8,0,Safe,Research & Development
10276,1.4,0,Safe,Research & Development
10279,3.6,0,Safe,Research & Development
10281,3.6,0,Safe,Research & Development
10283,1.8,0,Safe,Research & Development
10284,1.4,0,Safe,Research & Development
10860,16.4,0,Safe,Sales
10861,16.4,0,Safe,Sales
10863,15.8,0,Safe,Sales
10864,16.4,0,Safe,Sales
10868,16.4,0,Safe,Sales
10869,16.4,0,Safe,Sales
10871,15.8,0,Safe,Sales
10872,16.4,0,Safe,Sales
11608,2.2,0,Safe,Research & Development
11611,2.2,0,Safe,Research & Development
11612,2.9,0,Safe,Research & Development
11613,2.6,0,Safe,Research & Development
11618,2.2,0,Safe,Research & Development
11619,2.9,0,Safe,Research & Development
11620,2.6,0,Safe,Research & Development
13484,11.5,0,Safe,Research & Development
13487,9.2,0,Safe,Research & Development
13490,5.0,0,Safe,Research & Development
13491,3.7,0,Safe,Research & Development
13492,11.5,0,Safe,Research & Development
13495,9.2,0,Safe,Research & Development
13498,5.0,0,Safe,Research & Development
13499,3.7,0,Safe,Research & Development
15104,8.4,0,Safe,Sales
15106,4.6,0,Safe,Sales
15107,5.4,0,Safe,Sales
15108,3.6,0,Safe,Sales
15112,8.4,0,Safe,Sales
15114,4.6,0,Safe,Sales
15115,5.4,0,Safe,Sales
15116,3.6,0,Safe,Sales
15136,19.0,0,Safe,Research & Development
15137,20.0,0,Safe,Research & Development
15139,8.6,0,Safe,Research & Development
15140,7.7,0,Safe,Research & Development
15144,19.0,0,Safe,Research & Development
15145,20.0,0,Safe,Research & Development
15147,8.6,0,Safe,Research & Development
15148,7.7,0,Safe,Research & Development
16358,7.7,0,Safe,Research & Development
16360,7.7,0,Safe,Research & Development
16361,3.9,0,Safe,Research & Development
16362,4.5,0,Safe,Research & Development
16366,7.7,0,Safe,Research & Development
16368,7.7,0,Safe,Research & Development
16369,3.9,0,Safe,Research & Development
16370,4.5,0,Safe,Research & Development
16405,3.8,0,Safe,Sales
16407,4.1,0,Safe,Sales
16409,4.5,0,Safe,Sales
16410,4.9,0,Safe,Sales
16413,3.8,0,Safe,Sales
16415,4.1,0,Safe,Sales
16417,4.5,0,Safe,Sales
16418,4.9,0,Safe,Sales
16967,26.4,0,Safe,Research & Development
16969,25.3,0,Safe,Research & Development
16971,10.6,0,Safe,Research & Development
16973,11.1,0,Safe,Research & Development
16975,26.4,0,Safe,Research & Development
16977,25.3,0,Safe,Research & Development
16979,10.6,0,Safe,Research & Development
16981,11.1,0,Safe,Research & Development
16982,22.1,0,Safe,Sales
16985,36.8,0,Safe,Sales
16986,26.1,0,Safe,Sales
16987,39.0,0,Safe,Sales
16990,22.1,0,Safe,Sales
16993,36.8,0,Safe,Sales
16994,26.1,0,Safe,Sales
16995,39.0,0,Safe,Sales
17557,17.3,0,Safe,Research & Development
17560,29.0,0,Safe,Research & Development
17561,29.4,0,Safe,Research & Development
17562,29.7,0,Safe,Research & Development
17565,17.3,0,Safe,Research & Development
17568,29.0,0,Safe,Research & Development
17569,29.4,0,Safe,Research & Development
17570,29.7,0,Safe,Research & Development
17779,2.7,0,Safe,Sales
17781,2.5,0,Safe,Sales
17782,2.2,0,Safe,Sales
17783,2.6,0,Safe,Sales
17788,2.5,0,Safe,Sales
17789,2.2,0,Safe,Sales
17790,2.6,0,Safe,Sales
18675,16.2,0,Safe,Research & Development
18677,7.0,0,Safe,Research & Development
18679,12.6,0,Safe,Research & Development
18680,9.8,0,Safe,Research & Development
18683,16.2,0,Safe,Research & Development
18685,7.0,0,Safe,Research & Development
18687,12.6,0,Safe,Research & Development
18688,9.8,0,Safe,Research & Development
18888,1.2,0,Safe,Research & Development
18890,2.0,0,Safe,Research & Development
18891,1.5,0,Safe,Research & Development
18892,1.4,0,Safe,Research & Development
18896,1.2,0,Safe,Research & Development
18898,2.0,0,Safe,Research & Development
18899,1.5,0,Safe,Research & Development
18900,1.4,0,Safe,Research & Development
18936,2.1,0,Safe,Research & Development
18938,1.9,0,Safe,Research & Development
18939,0.5,0,Safe,Research & Development
18940,0.5,0,Safe,Research & Development
18943,2.1,0,Safe,Research & Development
18945,1.9,0,Safe,Research & Development
18946,0.5,0,Safe,Research & Development
18947,0.5,0,Safe,Research & Development
18982,4.2,0,Safe,Human Resources
18984,3.8,0,Safe,Human Resources
18985,4.1,0,Safe,Human Resources
18986,4.4,0,Safe,Human Resources
18990,4.2,0,Safe,Human Resources
18992,3.8,0,Safe,Human Resources
18993,4.1,0,Safe,Human Resources
18994,4.4,0,Safe,Human Resources
19458,5.6,0,Safe,Research & Development
19461,5.8,0,Safe,Research & Development
19462,5.1,0,Safe,Research & Development
19463,5.1,0,Safe,Research & Development
19466,5.6,0,Safe,Research & Development
19469,5.8,0,Safe,Research & Development
19470,5.1,0,Safe,Research & Development
19471,5.1,0,Safe,Research & Development
19666,8.2,0,Safe,Research & Development
19669,8.2,0,Safe,Research & Development
19670,13.9,0,Safe,Research & Development
19671,10.4,0,Safe,Research & Development
19674,8.2,0,Safe,Research & Development
19677,8.2,0,Safe,Research & Development
19678,13.9,0,Safe,Research & Development
19679,10.4,0,Safe,Research & Development
19905,4.0,0,Safe,Human Resources
19908,4.0,0,Safe,Human Resources
19909,12.3,0,Safe,Human Resources
19910,12.3,0,Safe,Human Resources
19913,4.0,0,Safe,Human Resources
19916,4.0,0,Safe,Human Resources
19917,12.3,0,Safe,Human Resources
19918,12.3,0,Safe,Human Resources
20096,10.9,0,Safe,Research & Development
20097,10.6,0,Safe,Research & Development
20099,9.8,0,Safe,Research & Development
20100,10.9,0,Safe,Research & Development
20104,10.9,0,Safe,Research & Development
20105,10.6,0,Safe,Research & Development
20107,9.8,0,Safe,Research & Development
20108,10.9,0,Safe,Research & Development
20174,6.6,0,Safe,Sales
20175,2.9,0,Safe,Sales
20177,5.9,0,Safe,Sales
20178,2.9,0,Safe,Sales
20182,6.6,0,Safe,Sales
20183,2.9,0,Safe,Sales
20185,5.9,0,Safe,Sales
20186,2.9,0,Safe,Sales
20444,10.0,0,Safe,Research & Development
20446,11.3,0,Safe,Research & Development
20447,9.6,0,Safe,Research & Development
20448,11.5,0,Safe,Research & Development
20452,10.0,0,Safe,Research & Development
20454,11.3,0,Safe,Research & Development
20455,9.6,0,Safe,Research & Development
20456,11.5,0,Safe,Research & Development
22499,15.9,0,Safe,Research & Development
22501,15.9,0,Safe,Research & Development
22503,12.2,0,Safe,Research & Development
22504,11.7,0,Safe,Research & Development
22507,15.9,0,Safe,Research & Development
22509,15.9,0,Safe,Research & Development
22511,12.2,0,Safe,Research & Development
22512,11.7,0,Safe,Research & Development
23000,40.9,0,Safe,Research & Development
23002,54.2,1,HIGH RISK,Research & Development
23005,29.2,0,Safe,Research & Development
23006,38.6,0,Safe,Research & Development
23008,40.9,0,Safe,Research & Development
23010,54.2,1,HIGH RISK,Research & Development
23013,29.2,0,Safe,Research & Development
23014,38.6,0,Safe,Research & Development
23123,2.0,0,Safe,Research & Development
23124,2.1,0,Safe,Research & Development
23126,1.3,0,Safe,Research & Development
23127,1.4,0,Safe,Research & Development
23131,2.0,0,Safe,Research & Development
23132,2.1,0,Safe,Research & Development
23134,1.3,0,Safe,Research & Development
23135,1.4,0,Safe,Research & Development
110,16.1,0,Safe,Research & Development
186,14.6,0,Safe,Sales
661,13.1,0,Safe,Sales
663,14.1,0,Safe,Sales
667,13.1,0,Safe,Sales
668,14.1,0,Safe,Sales
669,13.1,0,Safe,Sales
671,14.1,0,Safe,Sales
675,13.1,0,Safe,Sales
676,14.1,0,Safe,Sales
5309,5.9,0,Safe,Sales
5311,4.3,0,Safe,Sales
5313,5.9,0,Safe,Sales
5314,5.9,0,Safe,Sales
5317,5.9,0,Safe,Sales
5319,4.3,0,Safe,Sales
5321,5.9,0,Safe,Sales
5782,39.2,0,Safe,Research & Development
5784,46.0,1,HIGH RISK,Research & Development
5787,39.2,0,Safe,Research & Development
5788,46.0,1,HIGH RISK,Research & Development
5790,39.2,0,Safe,Research & Development
5792,46.0,1,HIGH RISK,Research & Development
5795,39.2,0,Safe,Research & Development
5796,46.0,1,HIGH RISK,Research & Development
7316,36.1,0,Safe,Research & Development
7318,39.5,0,Safe,Research & Development
7321,36.1,0,Safe,Research & Development
7322,37.4,0,Safe,Research & Development
7325,39.5,0,Safe,Research & Development
7328,36.1,0,Safe,Research & Development
7329,37.4,0,Safe,Research & Development
10748,6.3,0,Safe,Research & Development
10751,4.1,0,Safe,Research & Development
10754,5.1,0,Safe,Research & Development
10755,4.1,0,Safe,Research & Development
10756,6.3,0,Safe,Research & Development
10759,4.1,0,Safe,Research & Development
10762,5.1,0,Safe,Research & Development
13039,60.2,1,HIGH RISK,Research & Development
13041,55.1,1,HIGH RISK,Research & Development
13045,60.2,1,HIGH RISK,Research & Development
13046,55.1,1,HIGH RISK,Research & Development
13047,60.2,1,HIGH RISK,Research & Development
13049,55.1,1,HIGH RISK,Research & Development
13053,60.2,1,HIGH RISK,Research & Development
13054,55.1,1,HIGH RISK,Research & Development
14480,13.0,0,Safe,Sales
14482,12.7,0,Safe,Sales
14483,13.0,0,Safe,Sales
14484,12.7,0,Safe,Sales
14488,13.0,0,Safe,Sales
14490,12.7,0,Safe,Sales
14491,13.0,0,Safe,Sales
14492,12.7,0,Safe,Sales
15055,17.3,0,Safe,Research & Development
15058,19.2,0,Safe,Research & Development
15061,17.3,0,Safe,Research & Development
15062,19.2,0,Safe,Research & Development
15063,17.3,0,Safe,Research & Development
15066,19.2,0,Safe,Research & Development
15069,17.3,0,Safe,Research & Development
15070,19.2,0,Safe,Research & Development
16079,11.5,0,Safe,Research & Development
16080,12.4,0,Safe,Research & Development
16084,11.5,0,Safe,Research & Development
16085,12.4,0,Safe,Research & Development
16087,11.5,0,Safe,Research & Development
16088,12.4,0,Safe,Research & Development
16092,11.5,0,Safe,Research & Development
16523,34.2,0,Safe,Research & Development
16525,35.6,0,Safe,Research & Development
16527,34.2,0,Safe,Research & Development
16529,31.4,0,Safe,Research & Development
16531,34.2,0,Safe,Research & Development
16533,35.6,0,Safe,Research & Development
16535,34.2,0,Safe,Research & Development
16537,31.4,0,Safe,Research & Development
17463,14.8,0,Safe,Research & Development
17464,14.8,0,Safe,Research & Development
17468,14.8,0,Safe,Research & Development
17469,14.8,0,Safe,Research & Development
17471,14.8,0,Safe,Research & Development
17472,14.8,0,Safe,Research & Development
17476,14.8,0,Safe,Research & Development
17477,14.8,0,Safe,Research & Development
21385,16.5,0,Safe,Sales
21386,32.9,0,Safe,Sales
21390,16.5,0,Safe,Sales
21391,32.9,0,Safe,Sales
21393,16.5,0,Safe,Sales
21394,32.9,0,Safe,Sales
21398,16.5,0,Safe,Sales
21399,32.9,0,Safe,Sales
164,25.0,0,Safe,Human Resources
165,25.0,0,Safe,Human Resources
169,13.9,0,Safe,Human Resources
170,13.9,0,Safe,Human Resources
177,25.0,0,Safe,Human Resources
180,25.0,0,Safe,Human Resources
184,13.9,0,Safe,Human Resources
185,13.9,0,Safe,Human Resources
1541,5.9,0,Safe,Sales
1542,7.3,0,Safe,Sales
1544,5.9,0,Safe,Sales
1545,7.3,0,Safe,Sales
1548,5.9,0,Safe,Sales
1549,7.3,0,Safe,Sales
1551,5.9,0,Safe,Sales
2288,5.0,0,Safe,Sales
2290,5.5,0,Safe,Sales
2294,5.0,0,Safe,Sales
2295,5.5,0,Safe,Sales
2296,5.0,0,Safe,Sales
2298,5.5,0,Safe,Sales
2302,5.0,0,Safe,Sales
3086,13.8,0,Safe,Research & Development
3087,13.8,0,Safe,Research & Development
3091,13.8,0,Safe,Research & Development
3092,13.8,0,Safe,Research & Development
3094,13.8,0,Safe,Research & Development
3095,13.8,0,Safe,Research & Development
3099,13.8,0,Safe,Research & Development
3100,13.8,0,Safe,Research & Development
3101,36.4,0,Safe,Human Resources
3449,6.0,0,Safe,Research & Development
3452,4.6,0,Safe,Research & Development
3453,6.0,0,Safe,Research & Development
3455,4.6,0,Safe,Research & Development
3457,6.0,0,Safe,Research & Development
3460,4.6,0,Safe,Research & Development
3925,5.2,0,Safe,Research & Development
3927,2.9,0,Safe,Research & Development
3931,5.2,0,Safe,Research & Development
3932,3.8,0,Safe,Research & Development
3933,5.2,0,Safe,Research & Development
3935,2.9,0,Safe,Research & Development
3939,5.2,0,Safe,Research & Development
3940,3.8,0,Safe,Research & Development
4101,12.9,0,Safe,Research & Development
4103,12.9,0,Safe,Research & Development
4107,6.1,0,Safe,Research & Development
4108,6.1,0,Safe,Research & Development
4109,12.9,0,Safe,Research & Development
4111,12.9,0,Safe,Research & Development
4115,6.1,0,Safe,Research & Development
4116,6.1,0,Safe,Research & Development
4780,36.5,0,Safe,Human Resources
4781,39.5,0,Safe,Human Resources
4785,36.5,0,Safe,Human Resources
4786,39.5,0,Safe,Human Resources
4787,36.5,0,Safe,Human Resources
4788,39.5,0,Safe,Human Resources
4792,36.5,0,Safe,Human Resources
4945,21.6,0,Safe,Research & Development
4947,21.6,0,Safe,Research & Development
4951,21.6,0,Safe,Research & Development
4952,21.6,0,Safe,Research & Development
4953,21.6,0,Safe,Research & Development
4955,21.6,0,Safe,Research & Development
4959,21.6,0,Safe,Research & Development
4960,21.6,0,Safe,Research & Development
5090,8.3,0,Safe,Sales
5091,8.2,0,Safe,Sales
5095,8.3,0,Safe,Sales
5096,8.2,0,Safe,Sales
5098,8.3,0,Safe,Sales
5099,8.2,0,Safe,Sales
5103,8.3,0,Safe,Sales
5104,1.1,0,Safe,Research & Development
5106,1.1,0,Safe,Research & Development
5108,1.1,0,Safe,Research & Development
5109,1.1,0,Safe,Research & Development
5112,1.1,0,Safe,Research & Development
5114,1.1,0,Safe,Research & Development
5116,1.1,0,Safe,Research & Development
5117,1.1,0,Safe,Research & Development
5294,1.9,0,Safe,Research & Development
5297,1.9,0,Safe,Research & Development
5298,1.9,0,Safe,Research & Development
5299,1.9,0,Safe,Research & Development
5302,1.9,0,Safe,Research & Development
5305,1.9,0,Safe,Research & Development
5306,1.9,0,Safe,Research & Development
5325,4.8,0,Safe,Research & Development
5326,9.3,0,Safe,Research & Development
5330,9.7,0,Safe,Research & Development
5331,9.3,0,Safe,Research & Development
5333,4.8,0,Safe,Research & Development
5334,9.3,0,Safe,Research & Development
5338,9.7,0,Safe,Research & Development
5339,9.3,0,Safe,Research & Development
5798,1.3,0,Safe,Research & Development
5800,1.5,0,Safe,Research & Development
5803,1.3,0,Safe,Research & Development
5804,1.5,0,Safe,Research & Development
5806,1.3,0,Safe,Research & Development
5808,1.5,0,Safe,Research & Development
5811,1.3,0,Safe,Research & Development
6467,3.5,0,Safe,Research & Development
6469,3.5,0,Safe,Research & Development
6473,3.5,0,Safe,Research & Development
6474,3.5,0,Safe,Research & Development
6475,3.5,0,Safe,Research & Development
6477,3.5,0,Safe,Research & Development
6481,3.5,0,Safe,Research & Development
6732,7.4,0,Safe,Research & Development
6734,3.9,0,Safe,Research & Development
6735,7.4,0,Safe,Research & Development
6736,6.7,0,Safe,Research & Development
6739,7.4,0,Safe,Research & Development
6741,3.9,0,Safe,Research & Development
6742,7.4,0,Safe,Research & Development
6743,6.7,0,Safe,Research & Development
7030,9.6,0,Safe,Sales
7032,14.8,0,Safe,Sales
7035,9.6,0,Safe,Sales
7036,14.8,0,Safe,Sales
7037,9.6,0,Safe,Sales
7039,14.8,0,Safe,Sales
7042,9.6,0,Safe,Sales
7043,14.8,0,Safe,Sales
7090,1.2,0,Safe,Research & Development
7092,1.1,0,Safe,Research & Development
7093,1.2,0,Safe,Research & Development
7094,1.1,0,Safe,Research & Development
7098,1.2,0,Safe,Research & Development
7100,1.1,0,Safe,Research & Development
7101,1.2,0,Safe,Research & Development
7222,2.4,0,Safe,Research & Development
7224,1.4,0,Safe,Research & Development
7228,2.4,0,Safe,Research & Development
7229,2.4,0,Safe,Research & Development
7230,2.4,0,Safe,Research & Development
7232,1.4,0,Safe,Research & Development
7236,2.4,0,Safe,Research & Development
7606,3.0,0,Safe,Research & Development
7607,3.3,0,Safe,Research & Development
7611,3.0,0,Safe,Research & Development
7612,3.3,0,Safe,Research & Development
7614,3.0,0,Safe,Research & Development
7615,3.3,0,Safe,Research & Development
7619,3.0,0,Safe,Research & Development
7620,3.3,0,Safe,Research & Development
8422,4.4,0,Safe,Research & Development
8424,4.1,0,Safe,Research & Development
8428,4.4,0,Safe,Research & Development
8429,4.1,0,Safe,Research & Development
8430,4.4,0,Safe,Research & Development
8431,1.6,0,Safe,Research & Development
8432,12.2,0,Safe,Research & Development
8434,4.1,0,Safe,Research & Development
8438,4.4,0,Safe,Research & Development
8439,4.1,0,Safe,Research & Development
8760,18.0,0,Safe,Research & Development
8761,14.6,0,Safe,Research & Development
8765,9.1,0,Safe,Research & Development
8766,7.4,0,Safe,Research & Development
8768,18.0,0,Safe,Research & Development
8769,14.6,0,Safe,Research & Development
8773,9.1,0,Safe,Research & Development
8774,7.4,0,Safe,Research & Development
8855,8.3,0,Safe,Human Resources
8857,4.7,0,Safe,Human Resources
8859,8.3,0,Safe,Human Resources
8860,4.7,0,Safe,Human Resources
8863,8.3,0,Safe,Human Resources
8865,4.7,0,Safe,Human Resources
8867,8.3,0,Safe,Human Resources
8868,4.7,0,Safe,Human Resources
9028,19.2,0,Safe,Sales
9030,21.7,0,Safe,Sales
9033,19.2,0,Safe,Sales
9034,21.7,0,Safe,Sales
9036,19.2,0,Safe,Sales
9038,21.7,0,Safe,Sales
9041,19.2,0,Safe,Sales
9042,21.7,0,Safe,Sales
9493,6.2,0,Safe,Sales
9495,7.0,0,Safe,Sales
9498,6.2,0,Safe,Sales
9499,7.0,0,Safe,Sales
9501,6.2,0,Safe,Sales
9503,7.0,0,Safe,Sales
9506,6.2,0,Safe,Sales
9507,7.0,0,Safe,Sales
9892,0.1,0,Safe,Research & Development
9893,0.2,0,Safe,Research & Development
9895,0.2,0,Safe,Research & Development
9896,0.2,0,Safe,Research & Development
9900,0.1,0,Safe,Research & Development
9901,0.2,0,Safe,Research & Development
9903,0.2,0,Safe,Research & Development
9904,0.2,0,Safe,Research & Development
9940,23.1,0,Safe,Research & Development
9942,25.1,0,Safe,Research & Development
9945,15.0,0,Safe,Research & Development
9946,15.3,0,Safe,Research & Development
9568,23.1,0,Safe,Research & Development
9950,25.1,0,Safe,Research & Development
9953,15.0,0,Safe,Research & Development
10493,3.1,0,Safe,Human Resources
10495,2.4,0,Safe,Human Resources
10499,3.1,0,Safe,Human Resources
10500,2.2,0,Safe,Human Resources
10501,3.1,0,Safe,Human Resources
10504,2.4,0,Safe,Human Resources
10508,3.1,0,Safe,Human Resources
10509,2.2,0,Safe,Human Resources
11322,6.1,0,Safe,Sales
11324,6.6,0,Safe,Sales
11326,6.1,0,Safe,Sales
11327,6.6,0,Safe,Sales
11330,6.1,0,Safe,Sales
11332,6.6,0,Safe,Sales
11334,6.1,0,Safe,Sales
11819,5.0,0,Safe,Research & Development
11821,3.2,0,Safe,Research & Development
11825,5.0,0,Safe,Research & Development
11826,5.0,0,Safe,Research & Development
11827,5.0,0,Safe,Research & Development
11829,3.2,0,Safe,Research & Development
11833,5.0,0,Safe,Research & Development
11834,5.0,0,Safe,Research & Development
11835,18.2,0,Safe,Sales
12072,8.9,0,Safe,Research & Development
12075,5.9,0,Safe,Research & Development
12076,8.9,0,Safe,Research & Development
12077,8.9,0,Safe,Research & Development
12080,8.9,0,Safe,Research & Development
12083,5.9,0,Safe,Research & Development
12084,8.9,0,Safe,Research & Development
12085,8.9,0,Safe,Research & Development
12086,5.7,0,Safe,Sales
12563,7.9,0,Safe,Sales
12565,8.3,0,Safe,Sales
12566,7.6,0,Safe,Sales
12567,8.3,0,Safe,Sales
12571,7.9,0,Safe,Sales
12573,8.3,0,Safe,Sales
12574,7.6,0,Safe,Sales
12575,8.3,0,Safe,Sales
12688,7.2,0,Safe,Sales
12690,17.6,0,Safe,Sales
12693,7.2,0,Safe,Sales
12694,8.4,0,Safe,Sales
12696,7.2,0,Safe,Sales
12698,17.6,0,Safe,Sales
12701,7.2,0,Safe,Sales
12702,8.4,0,Safe,Sales
13087,4.8,0,Safe,Research & Development
13090,4.6,0,Safe,Research & Development
13093,8.1,0,Safe,Research & Development
13094,4.6,0,Safe,Research & Development
13095,4.8,0,Safe,Research & Development
13098,4.6,0,Safe,Research & Development
13101,8.1,0,Safe,Research & Development
14008,9.0,0,Safe,Research & Development
14009,9.0,0,Safe,Research & Development
14013,9.0,0,Safe,Research & Development
14014,9.0,0,Safe,Research & Development
14016,9.0,0,Safe,Research & Development
14017,9.0,0,Safe,Research & Development
14021,9.0,0,Safe,Research & Development
14022,9.0,0,Safe,Research & Development
14368,18.2,0,Safe,Research & Development
14369,16.4,0,Safe,Research & Development
14371,18.2,0,Safe,Research & Development
14372,16.4,0,Safe,Research & Development
14376,18.2,0,Safe,Research & Development
14377,16.4,0,Safe,Research & Development
14379,18.2,0,Safe,Research & Development
14380,16.4,0,Safe,Research & Development
14384,0.4,0,Safe,Research & Development
14386,0.3,0,Safe,Research & Development
14387,0.4,0,Safe,Research & Development
14388,0.3,0,Safe,Research & Development
14392,0.4,0,Safe,Research & Development
14394,0.3,0,Safe,Research & Development
14395,0.4,0,Safe,Research & Development
14396,0.3,0,Safe,Research & Development
14464,4.9,0,Safe,Research & Development
14466,4.5,0,Safe,Research & Development
14469,4.9,0,Safe,Research & Development
14470,4.5,0,Safe,Research & Development
14472,4.9,0,Safe,Research & Development
14474,4.5,0,Safe,Research & Development
14477,4.9,0,Safe,Research & Development
14478,4.5,0,Safe,Research & Development
15007,10.0,0,Safe,Research & Development
15009,7.9,0,Safe,Research & Development
15011,10.0,0,Safe,Research & Development
15012,7.9,0,Safe,Research & Development
15015,10.0,0,Safe,Research & Development
15017,7.9,0,Safe,Research & Development
15019,10.0,0,Safe,Research & Development
15020,7.9,0,Safe,Research & Development
15199,17.6,0,Safe,Research & Development
15202,37.5,0,Safe,Research & Development
15205,37.5,0,Safe,Research & Development
15206,37.5,0,Safe,Research & Development
15207,17.6,0,Safe,Research & Development
15210,37.5,0,Safe,Research & Development
15213,37.5,0,Safe,Research & Development
15214,37.5,0,Safe,Research & Development
15215,10.1,0,Safe,Research & Development
15790,6.2,0,Safe,Sales
15793,3.3,0,Safe,Sales
15794,6.2,0,Safe,Sales
15795,6.5,0,Safe,Sales
15798,6.2,0,Safe,Sales
15801,3.3,0,Safe,Sales
15802,6.2,0,Safe,Sales
15803,6.5,0,Safe,Sales
15886,2.1,0,Safe,Research & Development
15888,1.8,0,Safe,Research & Development
15892,1.5,0,Safe,Research & Development
15893,1.4,0,Safe,Research & Development
15894,2.1,0,Safe,Research & Development
15896,1.8,0,Safe,Research & Development
15900,1.5,0,Safe,Research & Development
15901,1.4,0,Safe,Research & Development
16524,11.4,0,Safe,Research & Development
16526,9.7,0,Safe,Research & Development
16528,12.3,0,Safe,Research & Development
16530,11.3,0,Safe,Research & Development
16532,11.4,0,Safe,Research & Development
16534,9.7,0,Safe,Research & Development
16536,12.3,0,Safe,Research & Development
17266,5.4,0,Safe,Research & Development
17268,5.1,0,Safe,Research & Development
17270,5.4,0,Safe,Research & Development
17271,5.1,0,Safe,Research & Development
17273,5.4,0,Safe,Research & Development
17275,5.1,0,Safe,Research & Development
17277,5.4,0,Safe,Research & Development
17278,5.1,0,Safe,Research & Development
17279,1.6,0,Safe,Sales
17447,6.8,0,Safe,Research & Development
17449,6.1,0,Safe,Research & Development
17452,6.8,0,Safe,Research & Development
17453,6.1,0,Safe,Research & Development
17455,6.8,0,Safe,Research & Development
17457,6.1,0,Safe,Research & Development
17460,6.8,0,Safe,Research & Development
17461,6.1,0,Safe,Research & Development
17972,2.0,0,Safe,Sales
17974,2.0,0,Safe,Sales
17975,2.0,0,Safe,Sales
17976,2.0,0,Safe,Sales
17979,2.0,0,Safe,Sales
17981,2.0,0,Safe,Sales
17982,2.0,0,Safe,Sales
18231,1.2,0,Safe,Sales
18232,1.5,0,Safe,Sales
18236,1.2,0,Safe,Sales
18237,1.5,0,Safe,Sales
18238,1.2,0,Safe,Sales
18239,1.5,0,Safe,Sales
18243,1.2,0,Safe,Sales
18244,1.5,0,Safe,Sales
18321,5.8,0,Safe,Research & Development
18322,5.8,0,Safe,Research & Development
18324,5.8,0,Safe,Research & Development
18325,5.8,0,Safe,Research & Development
18328,5.8,0,Safe,Research & Development
18329,5.8,0,Safe,Research & Development
18331,5.8,0,Safe,Research & Development
18334,5.5,0,Safe,Research & Development
18336,2.9,0,Safe,Research & Development
18340,5.5,0,Safe,Research & Development
18341,4.8,0,Safe,Research & Development
18343,5.6,0,Safe,Research & Development
18347,5.5,0,Safe,Research & Development
18348,4.8,0,Safe,Research & Development
18349,14.6,0,Safe,Research & Development
18387,5.8,0,Safe,Research & Development
18388,6.3,0,Safe,Research & Development
18392,4.2,0,Safe,Research & Development
18393,4.5,0,Safe,Research & Development
18395,5.8,0,Safe,Research & Development
18396,6.3,0,Safe,Research & Development
18400,4.2,0,Safe,Research & Development
18401,4.5,0,Safe,Research & Development
18402,6.4,0,Safe,Sales
18410,13.1,0,Safe,Research & Development
18411,14.3,0,Safe,Research & Development
18415,13.1,0,Safe,Research & Development
18416,14.3,0,Safe,Research & Development
18418,13.1,0,Safe,Research & Development
18419,14.3,0,Safe,Research & Development
18423,13.1,0,Safe,Research & Development
18424,14.3,0,Safe,Research & Development
18457,2.0,0,Safe,Research & Development
18459,2.0,0,Safe,Research & Development
18463,2.0,0,Safe,Research & Development
18464,2.2,0,Safe,Research & Development
18465,2.0,0,Safe,Research & Development
18467,2.0,0,Safe,Research & Development
18471,2.0,0,Safe,Research & Development
18520,11.7,0,Safe,Research & Development
18523,11.7,0,Safe,Research & Development
18526,11.7,0,Safe,Research & Development
18527,11.7,0,Safe,Research & Development
18528,11.7,0,Safe,Research & Development
18531,11.7,0,Safe,Research & Development
18534,11.7,0,Safe,Research & Development
18535,11.7,0,Safe,Research & Development
18536,8.2,0,Safe,Sales
18560,5.1,0,Safe,Research & Development
18562,4.8,0,Safe,Research & Development
18565,5.1,0,Safe,Research & Development
18566,4.3,0,Safe,Research & Development
18568,5.1,0,Safe,Research & Development
18570,4.8,0,Safe,Research & Development
18573,5.1,0,Safe,Research & Development
18574,4.3,0,Safe,Research & Development
18575,24.5,0,Safe,Research & Development
18784,5.3,0,Safe,Research & Development
18787,5.0,0,Safe,Research & Development
18790,2.4,0,Safe,Research & Development
18791,2.3,0,Safe,Research & Development
18792,5.3,0,Safe,Research & Development
18795,5.0,0,Safe,Research & Development
18798,2.4,0,Safe,Research & Development
18799,2.3,0,Safe,Research & Development
18800,2.7,0,Safe,Research & Development
19161,4.5,0,Safe,Research & Development
19162,5.4,0,Safe,Research & Development
19166,2.8,0,Safe,Research & Development
19167,3.0,0,Safe,Research & Development
19169,4.5,0,Safe,Research & Development
19170,5.4,0,Safe,Research & Development
19174,2.8,0,Safe,Research & Development
19587,6.4,0,Safe,Research & Development
19588,12.2,0,Safe,Research & Development
19590,10.3,0,Safe,Research & Development
19591,12.2,0,Safe,Research & Development
19595,6.4,0,Safe,Research & Development
19596,12.2,0,Safe,Research & Development
19598,10.3,0,Safe,Research & Development
19599,12.2,0,Safe,Research & Development
19826,8.4,0,Safe,Research & Development
19828,7.8,0,Safe,Research & Development
19832,8.4,0,Safe,Research & Development
19833,7.8,0,Safe,Research & Development
19834,8.4,0,Safe,Research & Development
19836,7.8,0,Safe,Research & Development
19840,8.4,0,Safe,Research & Development
19841,7.8,0,Safe,Research & Development
20033,9.8,0,Safe,Research & Development
20035,8.7,0,Safe,Research & Development
20038,9.8,0,Safe,Research & Development
20039,8.7,0,Safe,Research & Development
20041,9.8,0,Safe,Research & Development
20043,8.7,0,Safe,Research & Development
20046,9.8,0,Safe,Research & Development
20523,10.3,0,Safe,Research & Development
20526,9.0,0,Safe,Research & Development
20529,6.6,0,Safe,Research & Development
20530,5.8,0,Safe,Research & Development
20531,10.3,0,Safe,Research & Development
20534,9.0,0,Safe,Research & Development
20537,6.6,0,Safe,Research & Development
20538,5.8,0,Safe,Research & Development
20651,6.2,0,Safe,Sales
20654,6.7,0,Safe,Sales
20655,6.2,0,Safe,Sales
20656,6.7,0,Safe,Sales
20659,6.2,0,Safe,Sales
20662,6.7,0,Safe,Sales
20663,6.2,0,Safe,Sales
20664,6.7,0,Safe,Sales
21227,11.8,0,Safe,Research & Development
21228,23.3,0,Safe,Research & Development
21232,11.8,0,Safe,Research & Development
21233,15.0,0,Safe,Research & Development
21235,11.8,0,Safe,Research & Development
21236,23.3,0,Safe,Research & Development
21240,11.8,0,Safe,Research & Development
21241,15.0,0,Safe,Research & Development
21338,4.8,0,Safe,Research & Development
21341,2.8,0,Safe,Research & Development
21344,4.8,0,Safe,Research & Development
21345,5.0,0,Safe,Research & Development
21346,4.8,0,Safe,Research & Development
21349,2.8,0,Safe,Research & Development
21352,4.8,0,Safe,Research & Development
21353,5.0,0,Safe,Research & Development
21689,8.6,0,Safe,Research & Development
21690,5.0,0,Safe,Research & Development
21692,8.6,0,Safe,Research & Development
21693,5.0,0,Safe,Research & Development
21697,8.6,0,Safe,Research & Development
21698,5.0,0,Safe,Research & Development
21700,8.6,0,Safe,Research & Development
21701,5.0,0,Safe,Research & Development
21838,5.5,0,Safe,Sales
21841,6.2,0,Safe,Sales
21844,5.5,0,Safe,Sales
21845,6.2,0,Safe,Sales
21846,5.5,0,Safe,Sales
21849,6.2,0,Safe,Sales
21852,5.5,0,Safe,Sales
21853,6.2,0,Safe,Sales
21934,4.9,0,Safe,Research & Development
21937,4.9,0,Safe,Research & Development
21940,3.7,0,Safe,Research & Development
21941,3.7,0,Safe,Research & Development
21942,4.9,0,Safe,Research & Development
21945,4.9,0,Safe,Research & Development
21948,3.7,0,Safe,Research & Development
21949,3.7,0,Safe,Research & Development
21950,21.5,0,Safe,Research & Development
22166,6.8,0,Safe,Research & Development
22168,3.6,0,Safe,Research & Development
22171,6.8,0,Safe,Research & Development
22172,7.3,0,Safe,Research & Development
22174,6.8,0,Safe,Research & Development
22176,3.6,0,Safe,Research & Development
22179,6.8,0,Safe,Research & Development
22180,7.3,0,Safe,Research & Development
22438,6.7,0,Safe,Sales
22440,8.4,0,Safe,Sales
22444,6.7,0,Safe,Sales
22445,8.4,0,Safe,Sales
22446,6.7,0,Safe,Sales
22448,8.4,0,Safe,Sales
22452,6.7,0,Safe,Sales
22854,5.2,0,Safe,Research & Development
22857,4.9,0,Safe,Research & Development
22860,5.2,0,Safe,Research & Development
22861,4.9,0,Safe,Research & Development
22862,5.2,0,Safe,Research & Development
22865,4.9,0,Safe,Research & Development
22868,5.2,0,Safe,Research & Development
22869,4.9,0,Safe,Research & Development
22984,1.5,0,Safe,Research & Development
22986,1.5,0,Safe,Research & Development
22988,1.5,0,Safe,Research & Development
22989,1.5,0,Safe,Research & Development
22992,1.5,0,Safe,Research & Development
22994,1.5,0,Safe,Research & Development
22996,1.5,0,Safe,Research & Development
23380,18.5,0,Safe,Sales
23383,20.6,0,Safe,Sales
23386,18.5,0,Safe,Sales
23387,20.6,0,Safe,Sales
23388,18.5,0,Safe,Sales
23391,20.6,0,Safe,Sales
23394,18.5,0,Safe,Sales
23395,20.6,0,Safe,Sales
23444,15.3,0,Safe,Research & Development
23446,14.6,0,Safe,Research & Development
23450,15.3,0,Safe,Research & Development
23451,14.6,0,Safe,Research & Development
23452,15.3,0,Safe,Research & Development
23454,14.6,0,Safe,Research & Development
23458,15.3,0,Safe,Research & Development
23459,14.6,0,Safe,Research & Development
23508,4.6,0,Safe,Research & Development
130,30.6,0,Safe,Sales
418,32.4,0,Safe,Human Resources
419,32.8,0,Safe,Human Resources
420,32.4,0,Safe,Human Resources
421,32.8,0,Safe,Human Resources
427,32.4,0,Safe,Human Resources
429,32.8,0,Safe,Human Resources
430,32.4,0,Safe,Human Resources
431,32.8,0,Safe,Human Resources
3509,10.1,0,Safe,Research & Development
3511,9.5,0,Safe,Research & Development
3513,10.1,0,Safe,Research & Development
3514,10.2,0,Safe,Research & Development
3517,10.1,0,Safe,Research & Development
3519,9.5,0,Safe,Research & Development
3521,10.1,0,Safe,Research & Development
3522,10.2,0,Safe,Research & Development
3541,42.0,0,Safe,Sales
3544,53.2,1,HIGH RISK,Sales
3545,50.3,1,HIGH RISK,Sales
3546,53.2,1,HIGH RISK,Sales
3549,42.0,0,Safe,Sales
3552,53.2,1,HIGH RISK,Sales
3553,50.3,1,HIGH RISK,Sales
3554,53.2,1,HIGH RISK,Sales
3590,24.6,0,Safe,Sales
3592,27.6,0,Safe,Sales
3593,24.6,0,Safe,Sales
3594,27.6,0,Safe,Sales
3598,24.6,0,Safe,Sales
3600,27.6,0,Safe,Sales
3601,24.6,0,Safe,Sales
3602,27.6,0,Safe,Sales
5199,23.6,0,Safe,Research & Development
5201,25.6,0,Safe,Research & Development
5204,23.6,0,Safe,Research & Development
5205,25.6,0,Safe,Research & Development
5207,23.6,0,Safe,Research & Development
5209,25.6,0,Safe,Research & Development
5212,23.6,0,Safe,Research & Development
5213,25.6,0,Safe,Research & Development
6231,19.1,0,Safe,Research & Development
6233,8.6,0,Safe,Research & Development
6235,11.3,0,Safe,Research & Development
6236,6.1,0,Safe,Research & Development
6239,19.1,0,Safe,Research & Development
6241,8.6,0,Safe,Research & Development
6243,11.3,0,Safe,Research & Development
6244,6.1,0,Safe,Research & Development
7699,40.6,0,Safe,Sales
7701,56.5,1,HIGH RISK,Sales
7703,40.6,0,Safe,Sales
7704,56.5,1,HIGH RISK,Sales
7708,56.5,1,HIGH RISK,Sales
7710,40.6,0,Safe,Sales
7711,56.5,1,HIGH RISK,Sales
7850,19.4,0,Safe,Sales
7852,19.2,0,Safe,Sales
7853,19.4,0,Safe,Sales
7854,19.2,0,Safe,Sales
7857,19.4,0,Safe,Sales
7859,19.2,0,Safe,Sales
7860,19.4,0,Safe,Sales
7861,19.2,0,Safe,Sales
10511,22.4,0,Safe,Sales
10513,20.0,0,Safe,Sales
10514,22.4,0,Safe,Sales
10515,20.0,0,Safe,Sales
10519,22.4,0,Safe,Sales
10520,17.3,0,Safe,Sales
10522,20.0,0,Safe,Sales
10523,22.4,0,Safe,Sales
10524,20.0,0,Safe,Sales
11548,31.9,0,Safe,Research & Development
11550,31.9,0,Safe,Research & Development
11552,31.9,0,Safe,Research & Development
11553,31.9,0,Safe,Research & Development
11557,31.9,0,Safe,Research & Development
11559,31.9,0,Safe,Research & Development
11560,31.9,0,Safe,Research & Development
11726,54.8,1,HIGH RISK,Research & Development
11728,56.8,1,HIGH RISK,Research & Development
11730,54.8,1,HIGH RISK,Research & Development
11731,56.8,1,HIGH RISK,Research & Development
11735,56.8,1,HIGH RISK,Research & Development
11737,54.8,1,HIGH RISK,Research & Development
11738,13.3,0,Safe,Research & Development
16406,25.1,0,Safe,Research & Development
16408,22.1,0,Safe,Research & Development
16411,25.1,0,Safe,Research & Development
16412,28.7,0,Safe,Research & Development
16414,25.1,0,Safe,Research & Development
16416,22.1,0,Safe,Research & Development
16419,25.1,0,Safe,Research & Development
16420,28.7,0,Safe,Research & Development
17700,7.8,0,Safe,Sales
17702,9.2,0,Safe,Sales
17704,7.8,0,Safe,Sales
17705,9.2,0,Safe,Sales
17708,7.8,0,Safe,Sales
17710,9.2,0,Safe,Sales
17712,7.8,0,Safe,Sales
17713,9.2,0,Safe,Sales
19443,7.9,0,Safe,Sales
19445,8.8,0,Safe,Sales
19446,7.9,0,Safe,Sales
19447,8.8,0,Safe,Sales
19451,7.9,0,Safe,Sales
19453,8.8,0,Safe,Sales
19454,7.9,0,Safe,Sales
19455,8.8,0,Safe,Sales
19920,23.5,0,Safe,Human Resources
19923,21.0,0,Safe,Human Resources
19926,23.5,0,Safe,Human Resources
19927,21.0,0,Safe,Human Resources
19928,23.5,0,Safe,Human Resources
19931,21.0,0,Safe,Human Resources
19934,23.5,0,Safe,Human Resources
19935,21.0,0,Safe,Human Resources
21384,28.5,0,Safe,Sales
21387,47.7,1,HIGH RISK,Sales
21388,28.5,0,Safe,Sales
21389,47.7,1,HIGH RISK,Sales
21392,28.5,0,Safe,Sales
21395,47.7,1,HIGH RISK,Sales
21396,28.5,0,Safe,Sales
21397,47.7,1,HIGH RISK,Sales
21625,13.5,0,Safe,Research & Development
21626,15.8,0,Safe,Research & Development
21628,7.7,0,Safe,Research & Development
21629,8.5,0,Safe,Research & Development
21633,13.5,0,Safe,Research & Development
21634,15.8,0,Safe,Research & Development
21636,7.7,0,Safe,Research & Development
21637,8.5,0,Safe,Research & Development
21958,7.2,0,Safe,Research & Development
21959,6.5,0,Safe,Research & Development
21961,7.2,0,Safe,Research & Development
21962,8.3,0,Safe,Research & Development
21966,7.2,0,Safe,Research & Development
21967,6.5,0,Safe,Research & Development
21969,7.2,0,Safe,Research & Development
21970,8.3,0,Safe,Research & Development
54,3.4,0,Safe,Human Resources
35,1.9,0,Safe,Human Resources
35,3.4,0,Safe,Human Resources
58,3.7,0,Safe,Human Resources
64,3.4,0,Safe,Human Resources
66,1.9,0,Safe,Human Resources
67,3.4,0,Safe,Human Resources
68,3.7,0,Safe,Human Resources
140,11.2,0,Safe,Research & Development
143,11.2,0,Safe,Research & Development
144,8.9,0,Safe,Research & Development
145,8.9,0,Safe,Research & Development
148,11.2,0,Safe,Research & Development
149,24.7,0,Safe,Research & Development
152,3.7,0,Safe,Research & Development
158,11.2,0,Safe,Research & Development
159,8.9,0,Safe,Research & Development
160,8.9,0,Safe,Research & Development
232,4.7,0,Safe,Sales
374,2.2,0,Safe,Human Resources
628,12.2,0,Safe,Research & Development
630,4.8,0,Safe,Research & Development
631,12.2,0,Safe,Research & Development
632,10.6,0,Safe,Research & Development
636,12.2,0,Safe,Research & Development
638,4.8,0,Safe,Research & Development
639,12.2,0,Safe,Research & Development
640,10.6,0,Safe,Research & Development
643,1.6,0,Safe,Research & Development
645,1.6,0,Safe,Research & Development
647,1.6,0,Safe,Research & Development
648,1.6,0,Safe,Research & Development
651,1.6,0,Safe,Research & Development
653,1.6,0,Safe,Research & Development
655,1.6,0,Safe,Research & Development
656,1.6,0,Safe,Research & Development
839,6.6,0,Safe,Research & Development
841,6.1,0,Safe,Research & Development
843,3.2,0,Safe,Research & Development
844,2.9,0,Safe,Research & Development
847,6.6,0,Safe,Research & Development
849,6.1,0,Safe,Research & Development
851,3.2,0,Safe,Research & Development
852,2.9,0,Safe,Research & Development
1178,16.7,0,Safe,Research & Development
1179,16.1,0,Safe,Research & Development
1181,16.7,0,Safe,Research & Development
1182,16.1,0,Safe,Research & Development
1188,16.7,0,Safe,Research & Development
1189,16.1,0,Safe,Research & Development
1191,16.7,0,Safe,Research & Development
1192,16.1,0,Safe,Research & Development
1242,28.8,0,Safe,Research & Development
1243,45.5,1,HIGH RISK,Research & Development
1245,48.2,1,HIGH RISK,Research & Development
1246,45.5,1,HIGH RISK,Research & Development
1249,28.8,0,Safe,Research & Development
1250,45.5,1,HIGH RISK,Research & Development
1252,48.2,1,HIGH RISK,Research & Development
1253,45.5,1,HIGH RISK,Research & Development
1406,3.3,0,Safe,Research & Development
1408,4.3,0,Safe,Research & Development
1410,4.3,0,Safe,Research & Development
1411,4.3,0,Safe,Research & Development
1415,4.3,0,Safe,Research & Development
1417,4.3,0,Safe,Research & Development
1418,4.3,0,Safe,Research & Development
1422,6.1,0,Safe,Research & Development
1424,6.4,0,Safe,Research & Development
1425,6.1,0,Safe,Research & Development
1426,6.4,0,Safe,Research & Development
1429,6.1,0,Safe,Research & Development
1431,6.4,0,Safe,Research & Development
1432,6.1,0,Safe,Research & Development
1433,6.4,0,Safe,Research & Development
1525,13.7,0,Safe,Research & Development
1527,12.8,0,Safe,Research & Development
1529,13.7,0,Safe,Research & Development
1530,12.8,0,Safe,Research & Development
1534,12.8,0,Safe,Research & Development
1536,13.7,0,Safe,Research & Development
1537,12.8,0,Safe,Research & Development
1570,19.3,0,Safe,Research & Development
1571,12.8,0,Safe,Research & Development
1573,9.6,0,Safe,Research & Development
1574,12.8,0,Safe,Research & Development
1577,19.3,0,Safe,Research & Development
1578,12.8,0,Safe,Research & Development
1580,9.6,0,Safe,Research & Development
1581,12.8,0,Safe,Research & Development
1584,2.4,0,Safe,Sales
1586,1.3,0,Safe,Sales
1588,2.4,0,Safe,Sales
1589,2.9,0,Safe,Sales
1593,1.3,0,Safe,Sales
1595,2.4,0,Safe,Sales
1596,2.9,0,Safe,Sales
1677,1.2,0,Safe,Sales
1678,1.0,0,Safe,Sales
1680,1.2,0,Safe,Sales
1681,1.0,0,Safe,Sales
1684,1.2,0,Safe,Sales
1685,1.0,0,Safe,Sales
1687,1.2,0,Safe,Sales
1688,1.0,0,Safe,Sales
1921,8.1,0,Safe,Research & Development
1922,7.8,0,Safe,Research & Development
1924,8.1,0,Safe,Research & Development
1925,7.8,0,Safe,Research & Development
1929,8.1,0,Safe,Research & Development
1930,7.8,0,Safe,Research & Development
1932,8.1,0,Safe,Research & Development
1933,7.8,0,Safe,Research & Development
2016,2.7,0,Safe,Research & Development
2019,2.9,0,Safe,Research & Development
2020,2.2,0,Safe,Research & Development
2021,2.2,0,Safe,Research & Development
2024,2.7,0,Safe,Research & Development
2027,2.9,0,Safe,Research & Development
2028,2.2,0,Safe,Research & Development
2029,2.2,0,Safe,Research & Development
2319,2.7,0,Safe,Human Resources
2321,2.7,0,Safe,Human Resources
2323,2.7,0,Safe,Human Resources
2324,2.7,0,Safe,Human Resources
2327,2.7,0,Safe,Human Resources
2329,2.7,0,Safe,Human Resources
2331,2.7,0,Safe,Human Resources
2332,2.7,0,Safe,Human Resources
2381,13.3,0,Safe,Research & Development
2384,14.0,0,Safe,Research & Development
2385,13.3,0,Safe,Research & Development
2386,14.0,0,Safe,Research & Development
2389,13.3,0,Safe,Research & Development
2392,14.0,0,Safe,Research & Development
2393,13.3,0,Safe,Research & Development
2394,14.0,0,Safe,Research & Development
2413,1.4,0,Safe,Research & Development
2416,1.3,0,Safe,Research & Development
2417,1.4,0,Safe,Research & Development
2418,1.3,0,Safe,Research & Development
2421,1.4,0,Safe,Research & Development
2424,1.3,0,Safe,Research & Development
2425,1.4,0,Safe,Research & Development
2426,1.3,0,Safe,Research & Development
2429,10.2,0,Safe,Research & Development
2431,11.0,0,Safe,Research & Development
2433,10.2,0,Safe,Research & Development
2434,11.0,0,Safe,Research & Development
2437,10.2,0,Safe,Research & Development
2439,11.0,0,Safe,Research & Development
2441,10.2,0,Safe,Research & Development
2442,20.0,0,Safe,Research & Development
2752,0.8,0,Safe,Sales
2754,2.1,0,Safe,Sales
2756,2.1,0,Safe,Sales
2757,2.1,0,Safe,Sales
2760,0.8,0,Safe,Sales
2762,2.1,0,Safe,Sales
2764,2.1,0,Safe,Sales
2765,2.1,0,Safe,Sales
2848,2.1,0,Safe,Research & Development
2850,2.1,0,Safe,Research & Development
2852,2.1,0,Safe,Research & Development
2853,2.1,0,Safe,Research & Development
2856,2.1,0,Safe,Research & Development
2858,2.1,0,Safe,Research & Development
2860,2.1,0,Safe,Research & Development
2861,2.1,0,Safe,Research & Development
3173,9.0,0,Safe,Research & Development
3174,9.3,0,Safe,Research & Development
3176,9.0,0,Safe,Research & Development
3177,9.3,0,Safe,Research & Development
3181,9.0,0,Safe,Research & Development
3182,9.3,0,Safe,Research & Development
3184,9.0,0,Safe,Research & Development
3185,9.3,0,Safe,Research & Development
3252,5.3,0,Safe,Research & Development
3254,1.8,0,Safe,Research & Development
3255,5.3,0,Safe,Research & Development
3256,2.7,0,Safe,Research & Development
3260,5.3,0,Safe,Research & Development
3262,1.8,0,Safe,Research & Development
3263,5.3,0,Safe,Research & Development
3264,2.7,0,Safe,Research & Development
3461,9.3,0,Safe,Research & Development
3463,9.3,0,Safe,Research & Development
3465,5.4,0,Safe,Research & Development
3466,5.4,0,Safe,Research & Development
3469,9.3,0,Safe,Research & Development
3471,9.3,0,Safe,Research & Development
3473,5.4,0,Safe,Research & Development
3474,5.4,0,Safe,Research & Development
4245,12.1,0,Safe,Research & Development
4246,7.5,0,Safe,Research & Development
4248,7.5,0,Safe,Research & Development
4249,7.5,0,Safe,Research & Development
4253,12.1,0,Safe,Research & Development
4254,7.5,0,Safe,Research & Development
4256,7.5,0,Safe,Research & Development
4257,17.2,0,Safe,Research & Development
4555,2.0,0,Safe,Research & Development
4557,2.0,0,Safe,Research & Development
4558,2.0,0,Safe,Research & Development
4559,2.0,0,Safe,Research & Development
4563,2.0,0,Safe,Research & Development
4565,2.0,0,Safe,Research & Development
4566,2.0,0,Safe,Research & Development
4567,2.0,0,Safe,Research & Development
5262,1.6,0,Safe,Research & Development
5263,0.4,0,Safe,Research & Development
5264,0.5,0,Safe,Research & Development
5265,1.7,0,Safe,Research & Development
5266,1.6,0,Safe,Research & Development
5267,0.4,0,Safe,Research & Development
5268,0.5,0,Safe,Research & Development
5269,1.7,0,Safe,Research & Development
5270,1.6,0,Safe,Research & Development
5271,0.4,0,Safe,Research & Development
5272,0.5,0,Safe,Research & Development
5273,1.7,0,Safe,Research & Development
5274,1.6,0,Safe,Research & Development
5275,0.4,0,Safe,Research & Development
5276,0.5,0,Safe,Research & Development
5277,1.7,0,Safe,Research & Development
5482,1.7,0,Safe,Sales
5485,2.1,0,Safe,Sales
5488,1.7,0,Safe,Sales
5489,2.1,0,Safe,Sales
5490,1.7,0,Safe,Sales
5493,2.1,0,Safe,Sales
5496,1.7,0,Safe,Sales
5497,2.1,0,Safe,Sales
5733,5.9,0,Safe,Sales
5736,5.9,0,Safe,Sales
5737,5.9,0,Safe,Sales
5738,5.9,0,Safe,Sales
5741,5.9,0,Safe,Sales
5744,5.9,0,Safe,Sales
5745,5.9,0,Safe,Sales
5746,5.9,0,Safe,Sales
6167,14.2,0,Safe,Sales
6168,8.6,0,Safe,Sales
6169,12.0,0,Safe,Sales
6170,14.7,0,Safe,Sales
6171,14.2,0,Safe,Sales
6172,8.6,0,Safe,Sales
6173,12.0,0,Safe,Sales
6174,14.7,0,Safe,Sales
6175,14.2,0,Safe,Sales
6176,8.6,0,Safe,Sales
6177,12.0,0,Safe,Sales
6178,14.7,0,Safe,Sales
6179,14.2,0,Safe,Sales
6180,8.6,0,Safe,Sales
6181,12.0,0,Safe,Sales
6182,14.7,0,Safe,Sales
6248,0.6,0,Safe,Research & Development
6249,0.6,0,Safe,Research & Development
6251,0.6,0,Safe,Research & Development
6252,0.6,0,Safe,Research & Development
6256,0.6,0,Safe,Research & Development
6257,0.6,0,Safe,Research & Development
6259,0.6,0,Safe,Research & Development
6260,0.6,0,Safe,Research & Development
6498,6.9,0,Safe,Sales
6500,8.1,0,Safe,Sales
6504,6.9,0,Safe,Sales
6505,8.1,0,Safe,Sales
6506,6.9,0,Safe,Sales
6508,8.1,0,Safe,Sales
6512,6.9,0,Safe,Sales
6513,8.1,0,Safe,Sales
6625,21.6,0,Safe,Research & Development
6627,18.9,0,Safe,Research & Development
6631,17.8,0,Safe,Research & Development
6632,16.5,0,Safe,Research & Development
6633,21.6,0,Safe,Research & Development
6635,18.9,0,Safe,Research & Development
6639,17.8,0,Safe,Research & Development
6640,16.5,0,Safe,Research & Development
6761,4.6,0,Safe,Research & Development
6764,3.0,0,Safe,Research & Development
6765,4.6,0,Safe,Research & Development
6766,4.9,0,Safe,Research & Development
6771,3.0,0,Safe,Research & Development
6772,4.6,0,Safe,Research & Development
6773,22.6,0,Safe,Research & Development
6821,2.3,0,Safe,Sales
6824,2.7,0,Safe,Sales
6825,5.6,0,Safe,Sales
6826,7.0,0,Safe,Sales
6831,2.7,0,Safe,Sales
6832,5.6,0,Safe,Sales
6833,7.0,0,Safe,Sales
6866,2.9,0,Safe,Research & Development
6868,7.2,0,Safe,Research & Development
6870,6.7,0,Safe,Research & Development
6871,7.2,0,Safe,Research & Development
6875,7.2,0,Safe,Research & Development
6877,6.7,0,Safe,Research & Development
6878,1.8,0,Safe,Research & Development
7029,34.9,0,Safe,Sales
7031,40.9,0,Safe,Sales
7033,34.9,0,Safe,Sales
7034,40.9,0,Safe,Sales
7038,40.9,0,Safe,Sales
7040,34.9,0,Safe,Sales
7041,40.9,0,Safe,Sales
7391,4.6,0,Safe,Sales
7392,4.6,0,Safe,Sales
7396,4.6,0,Safe,Sales
7397,4.6,0,Safe,Sales
7399,4.6,0,Safe,Sales
7403,4.6,0,Safe,Sales
7404,4.6,0,Safe,Sales
7481,1.9,0,Safe,Human Resources
7482,2.1,0,Safe,Human Resources
7484,1.9,0,Safe,Human Resources
7485,2.1,0,Safe,Human Resources
7489,2.1,0,Safe,Human Resources
7491,1.9,0,Safe,Human Resources
7492,2.1,0,Safe,Human Resources
8023,4.3,0,Safe,Research & Development
8025,4.5,0,Safe,Research & Development
8027,4.3,0,Safe,Research & Development
8028,3.5,0,Safe,Research & Development
8031,4.3,0,Safe,Research & Development
8033,4.5,0,Safe,Research & Development
8035,4.3,0,Safe,Research & Development
8036,3.5,0,Safe,Research & Development
8710,13.2,0,Safe,Research & Development
8712,11.8,0,Safe,Research & Development
8713,13.2,0,Safe,Research & Development
8714,11.8,0,Safe,Research & Development
8720,13.2,0,Safe,Research & Development
8722,11.8,0,Safe,Research & Development
8723,13.2,0,Safe,Research & Development
8724,11.8,0,Safe,Research & Development
8759,6.3,0,Safe,Sales
8762,6.3,0,Safe,Sales
8763,2.3,0,Safe,Sales
8764,2.3,0,Safe,Sales
8767,6.3,0,Safe,Sales
8770,6.3,0,Safe,Sales
8771,2.3,0,Safe,Sales
8772,2.3,0,Safe,Sales
8840,7.8,0,Safe,Research & Development
8842,7.8,0,Safe,Research & Development
8845,7.8,0,Safe,Research & Development
8846,7.8,0,Safe,Research & Development
8848,7.8,0,Safe,Research & Development
8850,7.8,0,Safe,Research & Development
8853,7.8,0,Safe,Research & Development
8854,7.8,0,Safe,Research & Development
9332,6.0,0,Safe,Research & Development
9334,4.5,0,Safe,Research & Development
9338,4.6,0,Safe,Research & Development
9339,3.8,0,Safe,Research & Development
9340,6.0,0,Safe,Research & Development
9342,4.5,0,Safe,Research & Development
9346,4.6,0,Safe,Research & Development
9347,7.6,0,Safe,Research & Development
9668,10.7,0,Safe,Research & Development
9670,9.8,0,Safe,Research & Development
9672,9.3,0,Safe,Research & Development
9673,9.5,0,Safe,Research & Development
9676,10.7,0,Safe,Research & Development
9678,9.8,0,Safe,Research & Development
9680,9.3,0,Safe,Research & Development
9681,9.5,0,Safe,Research & Development
10002,1.3,0,Safe,Research & Development
10004,0.8,0,Safe,Research & Development
10006,1.3,0,Safe,Research & Development
10007,1.1,0,Safe,Research & Development
10010,1.3,0,Safe,Research & Development
10012,0.8,0,Safe,Research & Development
10014,1.3,0,Safe,Research & Development
10015,1.1,0,Safe,Research & Development
10749,3.7,0,Safe,Sales
10750,2.7,0,Safe,Sales
10752,2.1,0,Safe,Sales
10753,1.6,0,Safe,Sales
10757,3.7,0,Safe,Sales
10758,2.7,0,Safe,Sales
10760,2.1,0,Safe,Sales
10761,10.6,0,Safe,Sales
10988,15.3,0,Safe,Sales
10989,15.2,0,Safe,Sales
10991,15.3,0,Safe,Sales
10992,15.2,0,Safe,Sales
10996,15.3,0,Safe,Sales
10997,15.2,0,Safe,Sales
10999,15.3,0,Safe,Sales
11000,15.2,0,Safe,Sales
11211,4.7,0,Safe,Sales
11213,11.4,0,Safe,Sales
11214,11.5,0,Safe,Sales
11215,11.4,0,Safe,Sales
11219,4.7,0,Safe,Sales
11221,11.4,0,Safe,Sales
11222,11.5,0,Safe,Sales
11223,11.4,0,Safe,Sales
11274,13.8,0,Safe,Sales
11276,13.8,0,Safe,Sales
11278,13.8,0,Safe,Sales
11279,13.8,0,Safe,Sales
11282,13.8,0,Safe,Sales
11284,13.8,0,Safe,Sales
11286,13.8,0,Safe,Sales
11287,13.8,0,Safe,Sales
11669,10.2,0,Safe,Sales
11670,9.1,0,Safe,Sales
11672,11.3,0,Safe,Sales
11673,9.1,0,Safe,Sales
11675,10.2,0,Safe,Sales
11676,9.1,0,Safe,Sales
11678,11.3,0,Safe,Sales
11679,9.1,0,Safe,Sales
11696,1.1,0,Safe,Research & Development
11699,1.1,0,Safe,Research & Development
11700,1.1,0,Safe,Research & Development
11701,1.1,0,Safe,Research & Development
11706,1.1,0,Safe,Research & Development
11707,1.1,0,Safe,Research & Development
11708,1.1,0,Safe,Research & Development
12009,1.0,0,Safe,Sales
12011,1.0,0,Safe,Sales
12012,1.0,0,Safe,Sales
12013,1.0,0,Safe,Sales
12017,1.0,0,Safe,Sales
12019,1.0,0,Safe,Sales
12020,1.0,0,Safe,Sales
12021,1.0,0,Safe,Sales
12222,12.1,0,Safe,Sales
12224,11.9,0,Safe,Sales
12227,12.1,0,Safe,Sales
12228,11.9,0,Safe,Sales
12230,12.1,0,Safe,Sales
12232,11.9,0,Safe,Sales
12235,12.1,0,Safe,Sales
12236,11.9,0,Safe,Sales
12546,8.7,0,Safe,Research & Development
12548,8.7,0,Safe,Research & Development
12550,8.7,0,Safe,Research & Development
12551,8.7,0,Safe,Research & Development
12554,8.7,0,Safe,Research & Development
12556,8.7,0,Safe,Research & Development
12558,8.7,0,Safe,Research & Development
12559,8.7,0,Safe,Research & Development
12848,1.6,0,Safe,Research & Development
12850,2.3,0,Safe,Research & Development
12851,2.2,0,Safe,Research & Development
12852,2.3,0,Safe,Research & Development
12856,1.6,0,Safe,Research & Development
12858,2.3,0,Safe,Research & Development
12859,2.2,0,Safe,Research & Development
12860,2.3,0,Safe,Research & Development
12896,11.1,0,Safe,Research & Development
12898,10.7,0,Safe,Research & Development
12899,11.1,0,Safe,Research & Development
12900,10.7,0,Safe,Research & Development
12904,11.1,0,Safe,Research & Development
12906,10.7,0,Safe,Research & Development
12907,11.1,0,Safe,Research & Development
12908,10.7,0,Safe,Research & Development
13135,9.3,0,Safe,Sales
13137,17.2,0,Safe,Sales
13140,14.0,0,Safe,Sales
13141,17.2,0,Safe,Sales
13143,9.3,0,Safe,Sales
12686,17.2,0,Safe,Sales
13148,14.0,0,Safe,Sales
13149,17.2,0,Safe,Sales
13405,12.2,0,Safe,Research & Development
13406,5.6,0,Safe,Research & Development
13410,12.2,0,Safe,Research & Development
13411,12.5,0,Safe,Research & Development
13413,12.2,0,Safe,Research & Development
13414,5.6,0,Safe,Research & Development
13418,12.2,0,Safe,Research & Development
13419,12.5,0,Safe,Research & Development
13532,1.8,0,Safe,Sales
13535,2.1,0,Safe,Sales
13538,1.8,0,Safe,Sales
13539,2.1,0,Safe,Sales
13540,1.8,0,Safe,Sales
13543,2.1,0,Safe,Sales
13546,1.8,0,Safe,Sales
13547,2.1,0,Safe,Sales
13565,2.4,0,Safe,Research & Development
13567,2.0,0,Safe,Research & Development
13568,2.4,0,Safe,Research & Development
13569,2.0,0,Safe,Research & Development
13573,2.4,0,Safe,Research & Development
13575,2.0,0,Safe,Research & Development
13576,2.4,0,Safe,Research & Development
13577,2.0,0,Safe,Research & Development
13864,9.0,0,Safe,Sales
13867,9.0,0,Safe,Sales
13868,9.0,0,Safe,Sales
13869,9.0,0,Safe,Sales
13872,9.0,0,Safe,Sales
13875,9.0,0,Safe,Sales
13876,9.0,0,Safe,Sales
13877,9.0,0,Safe,Sales
14007,3.8,0,Safe,Research & Development
14010,3.8,0,Safe,Research & Development
14011,3.8,0,Safe,Research & Development
14012,3.8,0,Safe,Research & Development
14015,3.8,0,Safe,Research & Development
14018,3.8,0,Safe,Research & Development
14019,3.8,0,Safe,Research & Development
14020,3.8,0,Safe,Research & Development
14197,8.7,0,Safe,Research & Development
14199,9.9,0,Safe,Research & Development
14201,4.9,0,Safe,Research & Development
14202,5.1,0,Safe,Research & Development
14205,8.7,0,Safe,Research & Development
14207,9.9,0,Safe,Research & Development
14209,4.9,0,Safe,Research & Development
14210,5.1,0,Safe,Research & Development
14448,1.2,0,Safe,Research & Development
14450,1.3,0,Safe,Research & Development
14453,1.2,0,Safe,Research & Development
14454,1.3,0,Safe,Research & Development
14456,1.2,0,Safe,Research & Development
14458,1.3,0,Safe,Research & Development
14461,1.2,0,Safe,Research & Development
14462,1.3,0,Safe,Research & Development
14912,8.0,0,Safe,Research & Development
14915,6.7,0,Safe,Research & Development
14918,8.0,0,Safe,Research & Development
14919,6.7,0,Safe,Research & Development
14920,8.0,0,Safe,Research & Development
14923,6.7,0,Safe,Research & Development
14926,8.0,0,Safe,Research & Development
14927,6.7,0,Safe,Research & Development
14929,8.1,0,Safe,Research & Development
14930,8.1,0,Safe,Research & Development
14934,8.1,0,Safe,Research & Development
14935,8.1,0,Safe,Research & Development
14937,8.1,0,Safe,Research & Development
14938,8.1,0,Safe,Research & Development
14942,8.1,0,Safe,Research & Development
14943,8.6,0,Safe,Research & Development
15071,0.6,0,Safe,Research & Development
15073,0.6,0,Safe,Research & Development
15075,0.6,0,Safe,Research & Development
15076,0.6,0,Safe,Research & Development
15079,0.6,0,Safe,Research & Development
15081,0.6,0,Safe,Research & Development
15083,0.6,0,Safe,Research & Development
15084,2.1,0,Safe,Research & Development
15183,14.8,0,Safe,Research & Development
15186,14.8,0,Safe,Research & Development
15187,12.6,0,Safe,Research & Development
15188,12.6,0,Safe,Research & Development
15191,14.8,0,Safe,Research & Development
15194,14.8,0,Safe,Research & Development
15195,12.6,0,Safe,Research & Development
15196,12.6,0,Safe,Research & Development
15271,3.9,0,Safe,Research & Development
15273,3.7,0,Safe,Research & Development
15274,3.9,0,Safe,Research & Development
15275,3.7,0,Safe,Research & Development
15279,3.9,0,Safe,Research & Development
15281,3.7,0,Safe,Research & Development
15282,3.9,0,Safe,Research & Development
15283,7.8,0,Safe,Research & Development
15775,4.7,0,Safe,Research & Development
15776,4.7,0,Safe,Research & Development
15778,4.7,0,Safe,Research & Development
15779,4.7,0,Safe,Research & Development
15783,4.7,0,Safe,Research & Development
15784,4.7,0,Safe,Research & Development
15786,4.7,0,Safe,Research & Development
15787,4.7,0,Safe,Research & Development
16216,7.3,0,Safe,Sales
16218,7.3,0,Safe,Sales
16220,7.3,0,Safe,Sales
16221,7.3,0,Safe,Sales
16224,7.3,0,Safe,Sales
16226,7.3,0,Safe,Sales
16228,7.3,0,Safe,Sales
16229,7.3,0,Safe,Sales
16792,6.7,0,Safe,Sales
16795,6.7,0,Safe,Sales
16798,6.7,0,Safe,Sales
16799,6.7,0,Safe,Sales
16800,6.7,0,Safe,Sales
16803,6.7,0,Safe,Sales
16806,6.7,0,Safe,Sales
16807,6.7,0,Safe,Sales
16840,6.2,0,Safe,Research & Development
16842,5.8,0,Safe,Research & Development
16844,6.2,0,Safe,Research & Development
16845,5.8,0,Safe,Research & Development
16848,6.2,0,Safe,Research & Development
16850,5.8,0,Safe,Research & Development
16852,6.2,0,Safe,Research & Development
16853,5.8,0,Safe,Research & Development
17029,4.2,0,Safe,Human Resources
17031,4.2,0,Safe,Human Resources
17035,2.4,0,Safe,Human Resources
17036,2.4,0,Safe,Human Resources
17037,4.2,0,Safe,Human Resources
17039,4.2,0,Safe,Human Resources
17043,2.4,0,Safe,Human Resources
17044,2.4,0,Safe,Human Resources
17174,4.9,0,Safe,Research & Development
17175,4.9,0,Safe,Research & Development
17179,4.9,0,Safe,Research & Development
17180,4.9,0,Safe,Research & Development
17182,4.9,0,Safe,Research & Development
17183,4.9,0,Safe,Research & Development
17187,4.9,0,Safe,Research & Development
17188,4.9,0,Safe,Research & Development
17385,2.4,0,Safe,Research & Development
17386,3.5,0,Safe,Research & Development
17388,2.4,0,Safe,Research & Development
17389,3.5,0,Safe,Research & Development
17393,2.4,0,Safe,Research & Development
17394,3.5,0,Safe,Research & Development
17396,2.4,0,Safe,Research & Development
17397,3.5,0,Safe,Research & Development
17479,5.6,0,Safe,Research & Development
17480,5.8,0,Safe,Research & Development
17482,4.4,0,Safe,Research & Development
17483,4.5,0,Safe,Research & Development
17487,5.6,0,Safe,Research & Development
17488,5.8,0,Safe,Research & Development
17490,4.4,0,Safe,Research & Development
17491,4.5,0,Safe,Research & Development
17748,5.7,0,Safe,Sales
17751,5.7,0,Safe,Sales
17752,5.7,0,Safe,Sales
17753,5.7,0,Safe,Sales
17756,5.7,0,Safe,Sales
17758,5.7,0,Safe,Sales
17759,5.7,0,Safe,Sales
17760,5.7,0,Safe,Sales
18230,3.7,0,Safe,Research & Development
18233,4.5,0,Safe,Research & Development
18234,3.7,0,Safe,Research & Development
18235,4.5,0,Safe,Research & Development
18240,4.5,0,Safe,Research & Development
18241,3.7,0,Safe,Research & Development
18242,4.5,0,Safe,Research & Development
18291,15.6,0,Safe,Research & Development
18292,4.0,0,Safe,Research & Development
18294,15.6,0,Safe,Research & Development
18295,8.1,0,Safe,Research & Development
18298,15.6,0,Safe,Research & Development
18299,4.0,0,Safe,Research & Development
18301,15.6,0,Safe,Research & Development
18302,8.1,0,Safe,Research & Development
19223,2.7,0,Safe,Research & Development
19225,1.9,0,Safe,Research & Development
19226,2.7,0,Safe,Research & Development
19227,1.9,0,Safe,Research & Development
19231,2.7,0,Safe,Research & Development
19233,1.9,0,Safe,Research & Development
19234,2.7,0,Safe,Research & Development
19235,1.9,0,Safe,Research & Development
19714,3.6,0,Safe,Research & Development
19717,3.6,0,Safe,Research & Development
19718,6.3,0,Safe,Research & Development
19719,6.6,0,Safe,Research & Development
19722,3.6,0,Safe,Research & Development
19725,3.6,0,Safe,Research & Development
19726,6.3,0,Safe,Research & Development
19727,6.6,0,Safe,Research & Development
19763,4.6,0,Safe,Research & Development
19764,2.9,0,Safe,Research & Development
19766,4.6,0,Safe,Research & Development
19767,4.4,0,Safe,Research & Development
19771,4.6,0,Safe,Research & Development
19772,2.9,0,Safe,Research & Development
19774,4.6,0,Safe,Research & Development
19775,4.4,0,Safe,Research & Development
19889,6.3,0,Safe,Research & Development
19891,5.6,0,Safe,Research & Development
19893,6.3,0,Safe,Research & Development
19894,8.2,0,Safe,Research & Development
19897,6.3,0,Safe,Research & Development
19899,5.6,0,Safe,Research & Development
19901,6.3,0,Safe,Research & Development
19902,8.2,0,Safe,Research & Development
20000,6.3,0,Safe,Sales
20003,6.5,0,Safe,Sales
20004,6.3,0,Safe,Sales
20005,6.5,0,Safe,Sales
20008,6.3,0,Safe,Sales
20011,6.5,0,Safe,Sales
20012,6.3,0,Safe,Sales
20013,6.5,0,Safe,Sales
20125,14.3,0,Safe,Research & Development
20128,12.7,0,Safe,Research & Development
20129,14.3,0,Safe,Research & Development
20130,12.7,0,Safe,Research & Development
20133,14.3,0,Safe,Research & Development
20136,12.7,0,Safe,Research & Development
20137,14.3,0,Safe,Research & Development
20138,12.7,0,Safe,Research & Development
20348,31.2,0,Safe,Sales
20350,31.2,0,Safe,Sales
20353,31.2,0,Safe,Sales
20354,31.2,0,Safe,Sales
20356,31.2,0,Safe,Sales
20358,31.2,0,Safe,Sales
20361,31.2,0,Safe,Sales
20362,31.2,0,Safe,Sales
20700,3.0,0,Safe,Sales
20702,1.3,0,Safe,Sales
20703,3.0,0,Safe,Sales
20704,3.0,0,Safe,Sales
20708,3.0,0,Safe,Sales
20710,1.3,0,Safe,Sales
20711,3.0,0,Safe,Sales
20712,3.0,0,Safe,Sales
20715,6.3,0,Safe,Research & Development
20718,3.3,0,Safe,Research & Development
20719,6.3,0,Safe,Research & Development
20720,5.5,0,Safe,Research & Development
20723,6.3,0,Safe,Research & Development
20726,31.2,0,Safe,Research & Development
20727,6.3,0,Safe,Research & Development
20728,5.5,0,Safe,Research & Development
20812,2.1,0,Safe,Research & Development
20813,2.3,0,Safe,Research & Development
20815,2.1,0,Safe,Research & Development
20816,2.3,0,Safe,Research & Development
20820,2.1,0,Safe,Research & Development
20821,2.3,0,Safe,Research & Development
20823,2.1,0,Safe,Research & Development
20824,2.3,0,Safe,Research & Development
21529,2.4,0,Safe,Research & Development
21531,2.2,0,Safe,Research & Development
21532,2.4,0,Safe,Research & Development
21533,2.2,0,Safe,Research & Development
21537,2.4,0,Safe,Research & Development
21539,2.2,0,Safe,Research & Development
21540,2.4,0,Safe,Research & Development
21541,2.2,0,Safe,Research & Development
21871,1.1,0,Safe,Sales
21873,2.3,0,Safe,Sales
21874,2.3,0,Safe,Sales
21875,2.3,0,Safe,Sales
21879,1.1,0,Safe,Sales
21881,2.3,0,Safe,Sales
21882,2.3,0,Safe,Sales
21883,2.3,0,Safe,Sales
21919,11.3,0,Safe,Sales
21920,11.3,0,Safe,Sales
21922,11.3,0,Safe,Sales
21923,11.3,0,Safe,Sales
21927,11.3,0,Safe,Sales
21928,11.3,0,Safe,Sales
21930,11.3,0,Safe,Sales
21931,11.3,0,Safe,Sales
21974,6.4,0,Safe,Sales
21975,6.3,0,Safe,Sales
21977,6.4,0,Safe,Sales
21978,6.3,0,Safe,Sales
21982,6.4,0,Safe,Sales
21983,6.3,0,Safe,Sales
21985,6.4,0,Safe,Sales
21986,6.3,0,Safe,Sales
22579,1.9,0,Safe,Research & Development
22581,1.8,0,Safe,Research & Development
22583,1.9,0,Safe,Research & Development
22584,1.8,0,Safe,Research & Development
22587,1.9,0,Safe,Research & Development
22589,1.8,0,Safe,Research & Development
22591,1.9,0,Safe,Research & Development
22592,8.6,0,Safe,Research & Development
22712,1.3,0,Safe,Research & Development
22714,1.3,0,Safe,Research & Development
22715,0.7,0,Safe,Research & Development
22716,0.7,0,Safe,Research & Development
22720,1.3,0,Safe,Research & Development
22722,1.3,0,Safe,Research & Development
22723,0.7,0,Safe,Research & Development
22724,0.7,0,Safe,Research & Development
22889,1.6,0,Safe,Research & Development
22891,1.6,0,Safe,Research & Development
22892,1.6,0,Safe,Research & Development
22893,1.6,0,Safe,Research & Development
22897,1.6,0,Safe,Research & Development
22899,1.6,0,Safe,Research & Development
22900,1.6,0,Safe,Research & Development
22901,1.6,0,Safe,Research & Development
23031,2.3,0,Safe,Sales
23033,2.1,0,Safe,Sales
23034,2.3,0,Safe,Sales
23035,2.1,0,Safe,Sales
23039,2.3,0,Safe,Sales
23041,2.1,0,Safe,Sales
23042,2.3,0,Safe,Sales
23043,2.1,0,Safe,Sales
23187,12.1,0,Safe,Research & Development
23188,11.2,0,Safe,Research & Development
23190,12.1,0,Safe,Research & Development
23191,11.2,0,Safe,Research & Development
23195,12.1,0,Safe,Research & Development
23196,11.2,0,Safe,Research & Development
23198,12.1,0,Safe,Research & Development
23199,11.2,0,Safe,Research & Development
133,41.9,0,Safe,Research & Development
156,18.3,0,Safe,Research & Development
176,79.1,1,HIGH RISK,Sales
454,66.6,1,HIGH RISK,Human Resources
456,66.8,1,HIGH RISK,Human Resources
457,62.5,1,HIGH RISK,Human Resources
458,61.1,1,HIGH RISK,Human Resources
464,66.6,1,HIGH RISK,Human Resources
466,66.8,1,HIGH RISK,Human Resources
467,62.5,1,HIGH RISK,Human Resources
468,61.1,1,HIGH RISK,Human Resources
1466,44.4,1,HIGH RISK,Sales
1468,44.4,1,HIGH RISK,Sales
1469,44.4,1,HIGH RISK,Sales
1470,44.4,1,HIGH RISK,Sales
1473,44.4,1,HIGH RISK,Sales
1475,44.4,1,HIGH RISK,Sales
1476,44.4,1,HIGH RISK,Sales
1477,44.4,1,HIGH RISK,Sales
2080,30.3,0,Safe,Sales
2083,32.3,0,Safe,Sales
2084,30.3,0,Safe,Sales
2085,32.3,0,Safe,Sales
2088,30.3,0,Safe,Sales
2091,32.3,0,Safe,Sales
2092,30.3,0,Safe,Sales
2093,32.3,0,Safe,Sales
3380,26.9,0,Safe,Research & Development
3382,28.8,0,Safe,Research & Development
3385,26.9,0,Safe,Research & Development
3386,28.8,0,Safe,Research & Development
3388,26.9,0,Safe,Research & Development
3390,28.8,0,Safe,Research & Development
3393,26.9,0,Safe,Research & Development
3394,28.8,0,Safe,Research & Development
4228,45.3,1,HIGH RISK,Research & Development
4231,47.3,1,HIGH RISK,Research & Development
4232,45.3,1,HIGH RISK,Research & Development
4233,47.3,1,HIGH RISK,Research & Development
4236,45.3,1,HIGH RISK,Research & Development
4239,47.3,1,HIGH RISK,Research & Development
4240,45.3,1,HIGH RISK,Research & Development
4241,47.3,1,HIGH RISK,Research & Development
6762,13.3,0,Safe,Sales
6763,9.0,0,Safe,Sales
6767,13.3,0,Safe,Sales
6768,14.1,0,Safe,Sales
6769,13.3,0,Safe,Sales
6770,9.0,0,Safe,Sales
6774,13.3,0,Safe,Sales
6775,14.1,0,Safe,Sales
6985,4.3,0,Safe,Sales
6986,4.3,0,Safe,Sales
6989,2.9,0,Safe,Sales
6990,2.9,0,Safe,Sales
6992,4.3,0,Safe,Sales
6993,4.3,0,Safe,Sales
6996,2.9,0,Safe,Sales
6997,2.9,0,Safe,Sales
7058,29.8,0,Safe,Research & Development
7061,29.2,0,Safe,Research & Development
7062,29.8,0,Safe,Research & Development
7063,29.2,0,Safe,Research & Development
7068,13.5,0,Safe,Research & Development
7069,29.8,0,Safe,Research & Development
7070,29.2,0,Safe,Research & Development
7175,32.6,0,Safe,Sales
7176,29.2,0,Safe,Sales
7178,32.6,0,Safe,Sales
7179,29.2,0,Safe,Sales
7183,32.6,0,Safe,Sales
7184,29.2,0,Safe,Sales
7186,32.6,0,Safe,Sales
7187,29.2,0,Safe,Sales
7207,64.0,1,HIGH RISK,Research & Development
7209,37.9,0,Safe,Research & Development
7210,41.3,0,Safe,Research & Development
7211,37.9,0,Safe,Research & Development
7215,41.3,0,Safe,Research & Development
7217,37.9,0,Safe,Research & Development
7218,41.3,0,Safe,Research & Development
7219,37.9,0,Safe,Research & Development
7331,63.9,1,HIGH RISK,Research & Development
7332,45.7,1,HIGH RISK,Research & Development
7335,58.2,1,HIGH RISK,Research & Development
7336,46.2,1,HIGH RISK,Research & Development
7339,45.7,1,HIGH RISK,Research & Development
7342,58.2,1,HIGH RISK,Research & Development
7343,46.2,1,HIGH RISK,Research & Development
7346,25.4,0,Safe,Research & Development
7347,14.6,0,Safe,Research & Development
7351,25.4,0,Safe,Research & Development
7352,23.1,0,Safe,Research & Development
7354,14.6,0,Safe,Research & Development
7358,25.4,0,Safe,Research & Development
7359,23.1,0,Safe,Research & Development
7685,8.4,0,Safe,Research & Development
7686,8.4,0,Safe,Research & Development
7690,8.4,0,Safe,Research & Development
7691,8.4,0,Safe,Research & Development
7692,8.4,0,Safe,Research & Development
7693,8.4,0,Safe,Research & Development
7697,8.4,0,Safe,Research & Development
7698,8.4,0,Safe,Research & Development
7729,64.0,1,HIGH RISK,Sales
7731,67.3,1,HIGH RISK,Sales
7733,64.0,1,HIGH RISK,Sales
7734,67.3,1,HIGH RISK,Sales
7738,67.3,1,HIGH RISK,Sales
7740,64.0,1,HIGH RISK,Sales
7741,67.3,1,HIGH RISK,Sales
11382,56.9,1,HIGH RISK,Research & Development
11385,59.8,1,HIGH RISK,Research & Development
11388,40.9,0,Safe,Research & Development
11389,41.8,0,Safe,Research & Development
11390,56.9,1,HIGH RISK,Research & Development
11393,59.8,1,HIGH RISK,Research & Development
11396,40.9,0,Safe,Research & Development
11397,41.8,0,Safe,Research & Development
12270,4.1,0,Safe,Sales
12272,4.1,0,Safe,Sales
12273,4.1,0,Safe,Sales
12274,4.1,0,Safe,Sales
12278,4.1,0,Safe,Sales
12280,4.1,0,Safe,Sales
12281,4.1,0,Safe,Sales
12282,4.1,0,Safe,Sales
12547,22.4,0,Safe,Sales
12549,22.4,0,Safe,Sales
12552,22.4,0,Safe,Sales
12553,22.4,0,Safe,Sales
12555,22.4,0,Safe,Sales
12557,22.4,0,Safe,Sales
12560,22.4,0,Safe,Sales
12561,22.4,0,Safe,Sales
13325,33.6,0,Safe,Research & Development
13327,33.6,0,Safe,Research & Development
13329,33.6,0,Safe,Research & Development
13330,33.6,0,Safe,Research & Development
13333,33.6,0,Safe,Research & Development
13335,33.6,0,Safe,Research & Development
13337,33.6,0,Safe,Research & Development
13338,33.6,0,Safe,Research & Development
14104,39.7,0,Safe,Research & Development
14106,39.7,0,Safe,Research & Development
14107,22.6,0,Safe,Research & Development
14108,22.6,0,Safe,Research & Development
14112,39.7,0,Safe,Research & Development
14114,39.7,0,Safe,Research & Development
14115,22.6,0,Safe,Research & Development
14116,22.6,0,Safe,Research & Development
15184,40.7,0,Safe,Sales
15185,33.5,0,Safe,Sales
15189,33.5,0,Safe,Sales
15190,33.5,0,Safe,Sales
15192,40.7,0,Safe,Sales
15193,33.5,0,Safe,Sales
15197,33.5,0,Safe,Sales
15198,33.5,0,Safe,Sales
15254,16.7,0,Safe,Sales
15256,18.9,0,Safe,Sales
15260,16.7,0,Safe,Sales
15261,18.9,0,Safe,Sales
15262,16.7,0,Safe,Sales
15264,18.9,0,Safe,Sales
15268,16.7,0,Safe,Sales
15269,18.9,0,Safe,Sales
15697,22.9,0,Safe,Sales
15699,27.5,0,Safe,Sales
15701,27.5,0,Safe,Sales
15702,27.5,0,Safe,Sales
15705,22.9,0,Safe,Sales
15707,27.5,0,Safe,Sales
15709,27.5,0,Safe,Sales
15710,27.5,0,Safe,Sales
15774,9.7,0,Safe,Research & Development
15777,4.7,0,Safe,Research & Development
15780,9.7,0,Safe,Research & Development
15781,9.7,0,Safe,Research & Development
15782,9.7,0,Safe,Research & Development
15785,4.7,0,Safe,Research & Development
15788,9.7,0,Safe,Research & Development
15789,9.7,0,Safe,Research & Development
16200,42.0,0,Safe,Sales
16202,43.4,0,Safe,Sales
16204,42.0,0,Safe,Sales
16205,43.4,0,Safe,Sales
16208,42.0,0,Safe,Sales
16210,43.4,0,Safe,Sales
16212,42.0,0,Safe,Sales
16213,43.4,0,Safe,Sales
16262,75.2,1,HIGH RISK,Research & Development
16263,49.1,1,HIGH RISK,Research & Development
16264,75.8,1,HIGH RISK,Research & Development
16265,59.9,1,HIGH RISK,Research & Development
16266,75.2,1,HIGH RISK,Research & Development
16267,59.6,1,HIGH RISK,Research & Development
16268,75.8,1,HIGH RISK,Research & Development
16269,59.9,1,HIGH RISK,Research & Development
16270,75.2,1,HIGH RISK,Research & Development
16271,49.1,1,HIGH RISK,Research & Development
16272,75.8,1,HIGH RISK,Research & Development
16273,59.9,1,HIGH RISK,Research & Development
16274,75.2,1,HIGH RISK,Research & Development
16275,59.6,1,HIGH RISK,Research & Development
16276,75.8,1,HIGH RISK,Research & Development
16277,59.9,1,HIGH RISK,Research & Development
16538,43.5,0,Safe,Research & Development
16540,43.5,0,Safe,Research & Development
16542,43.5,0,Safe,Research & Development
16543,43.5,0,Safe,Research & Development
16546,43.5,0,Safe,Research & Development
16548,43.5,0,Safe,Research & Development
16550,43.5,0,Safe,Research & Development
16551,43.5,0,Safe,Research & Development
16585,14.8,0,Safe,Research & Development
16587,14.3,0,Safe,Research & Development
16589,14.8,0,Safe,Research & Development
16590,14.3,0,Safe,Research & Development
16593,14.8,0,Safe,Research & Development
16595,14.3,0,Safe,Research & Development
16597,14.8,0,Safe,Research & Development
16598,14.3,0,Safe,Research & Development
16904,12.2,0,Safe,Research & Development
16906,14.9,0,Safe,Research & Development
16909,21.4,0,Safe,Research & Development
16910,29.1,0,Safe,Research & Development
16912,12.2,0,Safe,Research & Development
16914,14.9,0,Safe,Research & Development
16917,21.4,0,Safe,Research & Development
16918,29.1,0,Safe,Research & Development
17368,22.6,0,Safe,Research & Development
17370,24.4,0,Safe,Research & Development
17372,22.6,0,Safe,Research & Development
17373,24.4,0,Safe,Research & Development
17376,22.6,0,Safe,Research & Development
17378,24.4,0,Safe,Research & Development
17380,22.6,0,Safe,Research & Development
17381,24.4,0,Safe,Research & Development
17637,20.9,0,Safe,Research & Development
17639,26.8,0,Safe,Research & Development
17640,11.2,0,Safe,Research & Development
17641,12.8,0,Safe,Research & Development
17645,20.9,0,Safe,Research & Development
17647,26.8,0,Safe,Research & Development
17648,11.2,0,Safe,Research & Development
17649,12.8,0,Safe,Research & Development
20095,17.6,0,Safe,Sales
20098,18.5,0,Safe,Sales
20101,17.6,0,Safe,Sales
20102,18.5,0,Safe,Sales
20103,17.6,0,Safe,Sales
20106,18.5,0,Safe,Sales
20109,17.6,0,Safe,Sales
20110,18.5,0,Safe,Sales
20971,44.2,1,HIGH RISK,Human Resources
20974,44.2,1,HIGH RISK,Human Resources
20975,44.2,1,HIGH RISK,Human Resources
20976,44.2,1,HIGH RISK,Human Resources
20979,44.2,1,HIGH RISK,Human Resources
20982,44.2,1,HIGH RISK,Human Resources
20983,44.2,1,HIGH RISK,Human Resources
20984,44.2,1,HIGH RISK,Human Resources
22309,26.3,0,Safe,Sales
22312,29.6,0,Safe,Sales
22315,26.3,0,Safe,Sales
22316,29.6,0,Safe,Sales
22317,26.3,0,Safe,Sales
22320,29.6,0,Safe,Sales
22323,26.3,0,Safe,Sales
22324,29.6,0,Safe,Sales
72,10.0,0,Safe,Human Resources
74,5.0,0,Safe,Human Resources
77,10.0,0,Safe,Human Resources
78,5.0,0,Safe,Human Resources
85,10.0,0,Safe,Human Resources
87,3.4,0,Safe,Sales
89,5.0,0,Safe,Human Resources
92,10.0,0,Safe,Human Resources
93,5.0,0,Safe,Human Resources
174,2.3,0,Safe,Sales
229,2.0,0,Safe,Sales
262,8.0,0,Safe,Research & Development
265,9.3,0,Safe,Research & Development
266,8.0,0,Safe,Research & Development
267,9.3,0,Safe,Research & Development
270,8.0,0,Safe,Research & Development
271,17.3,0,Safe,Research & Development
274,2.7,0,Safe,Research & Development
277,2.1,0,Safe,Research & Development
280,9.3,0,Safe,Research & Development
281,8.0,0,Safe,Research & Development
282,9.3,0,Safe,Research & Development
678,2.8,0,Safe,Research & Development
680,7.2,0,Safe,Research & Development
683,7.6,0,Safe,Research & Development
684,7.2,0,Safe,Research & Development
686,2.8,0,Safe,Research & Development
688,7.2,0,Safe,Research & Development
691,7.6,0,Safe,Research & Development
692,7.2,0,Safe,Research & Development
1000,13.3,0,Safe,Research & Development
1001,14.0,0,Safe,Research & Development
1005,15.5,0,Safe,Research & Development
1006,14.0,0,Safe,Research & Development
1008,15.5,0,Safe,Research & Development
1009,14.0,0,Safe,Research & Development
1013,15.5,0,Safe,Research & Development
1014,14.0,0,Safe,Research & Development
1065,5.1,0,Safe,Research & Development
1067,2.5,0,Safe,Research & Development
1069,2.6,0,Safe,Research & Development
1070,2.5,0,Safe,Research & Development
1073,5.1,0,Safe,Research & Development
1075,2.5,0,Safe,Research & Development
1077,2.6,0,Safe,Research & Development
1078,2.5,0,Safe,Research & Development
1162,1.4,0,Safe,Research & Development
1164,1.5,0,Safe,Research & Development
1165,1.4,0,Safe,Research & Development
1166,1.5,0,Safe,Research & Development
1170,1.4,0,Safe,Research & Development
1172,1.5,0,Safe,Research & Development
1173,1.4,0,Safe,Research & Development
1174,1.5,0,Safe,Research & Development
1286,20.7,0,Safe,Research & Development
1288,20.0,0,Safe,Research & Development
1292,20.7,0,Safe,Research & Development
1293,20.0,0,Safe,Research & Development
1295,20.0,0,Safe,Research & Development
1299,20.7,0,Safe,Research & Development
1300,20.0,0,Safe,Research & Development
1331,5.8,0,Safe,Research & Development
1334,5.8,0,Safe,Research & Development
1335,6.1,0,Safe,Research & Development
1336,6.1,0,Safe,Research & Development
1341,5.8,0,Safe,Research & Development
1342,6.1,0,Safe,Research & Development
1343,6.1,0,Safe,Research & Development
2614,2.2,0,Safe,Research & Development
2615,2.1,0,Safe,Research & Development
2617,2.2,0,Safe,Research & Development
2618,2.1,0,Safe,Research & Development
2622,2.1,0,Safe,Research & Development
2624,2.2,0,Safe,Research & Development
2625,2.1,0,Safe,Research & Development
2689,3.1,0,Safe,Research & Development
2690,3.2,0,Safe,Research & Development
2692,3.1,0,Safe,Research & Development
2693,3.2,0,Safe,Research & Development
2697,3.1,0,Safe,Research & Development
2698,3.2,0,Safe,Research & Development
2700,3.1,0,Safe,Research & Development
2701,3.2,0,Safe,Research & Development
2865,7.8,0,Safe,Research & Development
2867,15.7,0,Safe,Research & Development
2868,14.5,0,Safe,Research & Development
2869,15.7,0,Safe,Research & Development
2873,7.8,0,Safe,Research & Development
2875,15.7,0,Safe,Research & Development
2876,14.5,0,Safe,Research & Development
2877,15.7,0,Safe,Research & Development
2960,2.7,0,Safe,Research & Development
2963,2.1,0,Safe,Research & Development
2964,1.5,0,Safe,Research & Development
2965,1.2,0,Safe,Research & Development
2968,2.7,0,Safe,Research & Development
2971,2.1,0,Safe,Research & Development
2972,1.5,0,Safe,Research & Development
2973,1.2,0,Safe,Research & Development
3070,2.4,0,Safe,Research & Development
3071,2.0,0,Safe,Research & Development
3073,2.4,0,Safe,Research & Development
3074,2.0,0,Safe,Research & Development
3078,2.4,0,Safe,Research & Development
3079,2.0,0,Safe,Research & Development
3081,2.4,0,Safe,Research & Development
3082,2.0,0,Safe,Research & Development
3348,5.9,0,Safe,Research & Development
3349,5.4,0,Safe,Research & Development
3351,5.9,0,Safe,Research & Development
3352,5.4,0,Safe,Research & Development
3356,5.9,0,Safe,Research & Development
3357,5.4,0,Safe,Research & Development
3359,5.9,0,Safe,Research & Development
3360,5.4,0,Safe,Research & Development
3462,6.4,0,Safe,Sales
3464,6.4,0,Safe,Sales
3467,2.9,0,Safe,Sales
3468,2.9,0,Safe,Sales
3470,6.4,0,Safe,Sales
3472,6.4,0,Safe,Sales
3475,2.9,0,Safe,Sales
3476,2.9,0,Safe,Sales
3494,1.1,0,Safe,Sales
3495,1.1,0,Safe,Sales
3497,1.1,0,Safe,Sales
3498,1.1,0,Safe,Sales
3502,1.1,0,Safe,Sales
3503,1.1,0,Safe,Sales
3505,1.1,0,Safe,Sales
3506,1.1,0,Safe,Sales
3669,2.5,0,Safe,Research & Development
3671,5.3,0,Safe,Research & Development
3673,5.0,0,Safe,Research & Development
3674,5.3,0,Safe,Research & Development
3677,2.5,0,Safe,Research & Development
3679,5.3,0,Safe,Research & Development
3681,5.0,0,Safe,Research & Development
3682,5.3,0,Safe,Research & Development
4005,5.0,0,Safe,Research & Development
4007,3.3,0,Safe,Research & Development
4009,5.0,0,Safe,Research & Development
4010,3.3,0,Safe,Research & Development
4013,5.0,0,Safe,Research & Development
4015,3.3,0,Safe,Research & Development
4017,5.0,0,Safe,Research & Development
4018,3.3,0,Safe,Research & Development
4340,3.8,0,Safe,Research & Development
4343,3.8,0,Safe,Research & Development
4346,3.8,0,Safe,Research & Development
4347,3.8,0,Safe,Research & Development
4348,3.8,0,Safe,Research & Development
4351,3.8,0,Safe,Research & Development
4354,3.8,0,Safe,Research & Development
4355,3.8,0,Safe,Research & Development
4720,13.2,0,Safe,Research & Development
4722,15.2,0,Safe,Research & Development
4725,9.1,0,Safe,Research & Development
4726,10.3,0,Safe,Research & Development
4727,13.2,0,Safe,Research & Development
4729,15.2,0,Safe,Research & Development
4732,9.1,0,Safe,Research & Development
4733,10.3,0,Safe,Research & Development
4764,1.0,0,Safe,Sales
4767,2.3,0,Safe,Sales
4768,2.4,0,Safe,Sales
4769,2.3,0,Safe,Sales
4774,2.3,0,Safe,Sales
4775,2.4,0,Safe,Sales
4776,2.3,0,Safe,Sales
4929,10.4,0,Safe,Sales
4931,11.3,0,Safe,Sales
4933,10.4,0,Safe,Sales
4934,11.3,0,Safe,Sales
4937,10.4,0,Safe,Sales
4939,11.3,0,Safe,Sales
4941,10.4,0,Safe,Sales
4942,11.3,0,Safe,Sales
4946,1.7,0,Safe,Sales
4948,1.7,0,Safe,Sales
4949,1.7,0,Safe,Sales
4950,1.7,0,Safe,Sales
4954,1.7,0,Safe,Sales
4956,1.7,0,Safe,Sales
4957,1.7,0,Safe,Sales
4958,1.7,0,Safe,Sales
5025,7.5,0,Safe,Research & Development
5028,8.6,0,Safe,Research & Development
5029,7.5,0,Safe,Research & Development
5030,8.6,0,Safe,Research & Development
5033,7.5,0,Safe,Research & Development
5036,8.6,0,Safe,Research & Development
5037,7.5,0,Safe,Research & Development
5038,8.6,0,Safe,Research & Development
5041,11.6,0,Safe,Human Resources
5043,8.4,0,Safe,Human Resources
5045,11.6,0,Safe,Human Resources
5046,8.4,0,Safe,Human Resources
5049,11.6,0,Safe,Human Resources
5051,8.4,0,Safe,Human Resources
5053,11.6,0,Safe,Human Resources
5054,8.4,0,Safe,Human Resources
5073,3.9,0,Safe,Research & Development
5075,4.5,0,Safe,Research & Development
5077,3.9,0,Safe,Research & Development
5078,4.5,0,Safe,Research & Development
5081,3.9,0,Safe,Research & Development
5083,4.5,0,Safe,Research & Development
5085,3.9,0,Safe,Research & Development
5086,4.5,0,Safe,Research & Development
5214,3.2,0,Safe,Sales
5216,1.7,0,Safe,Sales
5218,3.2,0,Safe,Sales
5219,3.5,0,Safe,Sales
5222,3.2,0,Safe,Sales
5224,1.7,0,Safe,Sales
5226,3.2,0,Safe,Sales
5227,3.5,0,Safe,Sales
5231,12.8,0,Safe,Research & Development
5232,11.3,0,Safe,Research & Development
5234,12.8,0,Safe,Research & Development
5235,11.3,0,Safe,Research & Development
5239,12.8,0,Safe,Research & Development
5240,11.3,0,Safe,Research & Development
5242,12.8,0,Safe,Research & Development
5243,11.3,0,Safe,Research & Development
5278,5.7,0,Safe,Research & Development
5280,5.7,0,Safe,Research & Development
5284,2.5,0,Safe,Research & Development
5285,2.5,0,Safe,Research & Development
5286,5.7,0,Safe,Research & Development
5288,5.7,0,Safe,Research & Development
5292,2.5,0,Safe,Research & Development
5293,2.5,0,Safe,Research & Development
5544,4.3,0,Safe,Research & Development
5546,4.3,0,Safe,Research & Development
5548,4.3,0,Safe,Research & Development
5549,4.3,0,Safe,Research & Development
5552,4.3,0,Safe,Research & Development
5554,4.3,0,Safe,Research & Development
5556,4.3,0,Safe,Research & Development
5557,4.3,0,Safe,Research & Development
5829,2.9,0,Safe,Sales
5831,2.4,0,Safe,Sales
5832,2.9,0,Safe,Sales
5833,2.4,0,Safe,Sales
5837,2.9,0,Safe,Sales
5839,2.4,0,Safe,Sales
5840,2.9,0,Safe,Sales
5841,2.4,0,Safe,Sales
5971,21.0,0,Safe,Research & Development
5973,27.5,0,Safe,Research & Development
5975,21.0,0,Safe,Research & Development
5976,27.5,0,Safe,Research & Development
5979,21.0,0,Safe,Research & Development
5981,27.5,0,Safe,Research & Development
5983,21.0,0,Safe,Research & Development
5984,27.5,0,Safe,Research & Development
6371,2.8,0,Safe,Research & Development
6374,2.8,0,Safe,Research & Development
6375,2.8,0,Safe,Research & Development
6376,2.8,0,Safe,Research & Development
6379,2.8,0,Safe,Research & Development
6382,2.8,0,Safe,Research & Development
6383,2.8,0,Safe,Research & Development
6384,2.8,0,Safe,Research & Development
6451,5.5,0,Safe,Research & Development
6453,5.1,0,Safe,Research & Development
6457,5.5,0,Safe,Research & Development
6458,5.1,0,Safe,Research & Development
6459,5.5,0,Safe,Research & Development
6461,5.1,0,Safe,Research & Development
6465,5.5,0,Safe,Research & Development
6466,5.1,0,Safe,Research & Development
6747,2.6,0,Safe,Sales
6748,5.7,0,Safe,Sales
6752,2.6,0,Safe,Sales
6753,2.5,0,Safe,Sales
6754,2.6,0,Safe,Sales
6755,5.7,0,Safe,Sales
6759,2.6,0,Safe,Sales
6760,2.5,0,Safe,Sales
6984,0.6,0,Safe,Research & Development
6987,1.0,0,Safe,Research & Development
6988,0.6,0,Safe,Research & Development
6991,0.6,0,Safe,Research & Development
6994,1.0,0,Safe,Research & Development
6995,0.6,0,Safe,Research & Development
6998,0.6,0,Safe,Research & Development
7191,1.9,0,Safe,Research & Development
7193,1.5,0,Safe,Research & Development
7194,1.9,0,Safe,Research & Development
7195,1.5,0,Safe,Research & Development
7199,1.9,0,Safe,Research & Development
7201,1.5,0,Safe,Research & Development
7202,1.9,0,Safe,Research & Development
7203,1.5,0,Safe,Research & Development
7237,12.1,0,Safe,Sales
7239,13.8,0,Safe,Sales
7241,12.1,0,Safe,Sales
7242,12.1,0,Safe,Sales
7245,12.1,0,Safe,Sales
7247,12.1,0,Safe,Sales
7249,12.1,0,Safe,Sales
7250,12.1,0,Safe,Sales
7301,2.2,0,Safe,Sales
7302,2.1,0,Safe,Sales
7306,4.5,0,Safe,Sales
7307,4.3,0,Safe,Sales
7309,2.1,0,Safe,Sales
7313,4.5,0,Safe,Sales
7314,4.3,0,Safe,Sales
7330,11.2,0,Safe,Sales
7333,5.2,0,Safe,Sales
7334,8.7,0,Safe,Sales
7337,5.2,0,Safe,Sales
7338,11.2,0,Safe,Sales
7340,5.2,0,Safe,Sales
7341,8.7,0,Safe,Sales
7344,5.2,0,Safe,Sales
7759,1.7,0,Safe,Sales
7761,1.8,0,Safe,Sales
7763,0.6,0,Safe,Sales
7764,0.7,0,Safe,Sales
7768,1.8,0,Safe,Sales
7770,0.6,0,Safe,Sales
7771,0.7,0,Safe,Sales
8359,5.2,0,Safe,Sales
8360,5.2,0,Safe,Sales
8362,5.2,0,Safe,Sales
8363,5.2,0,Safe,Sales
8367,5.2,0,Safe,Sales
8368,5.2,0,Safe,Sales
8370,5.2,0,Safe,Sales
8371,5.2,0,Safe,Sales
8638,1.8,0,Safe,Research & Development
8640,1.8,0,Safe,Research & Development
8641,1.8,0,Safe,Research & Development
8642,1.8,0,Safe,Research & Development
8648,1.8,0,Safe,Research & Development
8650,1.8,0,Safe,Research & Development
8651,1.8,0,Safe,Research & Development
8652,1.8,0,Safe,Research & Development
9349,7.6,0,Safe,Research & Development
9351,7.0,0,Safe,Research & Development
9352,3.7,0,Safe,Research & Development
9353,3.4,0,Safe,Research & Development
9357,7.6,0,Safe,Research & Development
9359,7.0,0,Safe,Research & Development
9360,3.7,0,Safe,Research & Development
9361,3.4,0,Safe,Research & Development
9605,23.2,0,Safe,Research & Development
9606,22.6,0,Safe,Research & Development
9610,23.2,0,Safe,Research & Development
9611,22.6,0,Safe,Research & Development
9613,23.2,0,Safe,Research & Development
9614,22.6,0,Safe,Research & Development
9618,23.2,0,Safe,Research & Development
9619,22.6,0,Safe,Research & Development
9781,1.8,0,Safe,Sales
9782,1.9,0,Safe,Sales
9784,0.8,0,Safe,Sales
9785,0.9,0,Safe,Sales
9789,1.8,0,Safe,Sales
9790,1.9,0,Safe,Sales
9792,0.8,0,Safe,Sales
9793,0.9,0,Safe,Sales
10335,6.3,0,Safe,Research & Development
10337,6.3,0,Safe,Research & Development
10339,6.3,0,Safe,Research & Development
10340,6.3,0,Safe,Research & Development
10343,6.3,0,Safe,Research & Development
10345,6.3,0,Safe,Research & Development
10347,6.3,0,Safe,Research & Development
10348,6.3,0,Safe,Research & Development
10630,6.6,0,Safe,Sales
10442,11.3,0,Safe,Sales
10635,6.6,0,Safe,Sales
10636,11.3,0,Safe,Sales
10638,6.6,0,Safe,Sales
10639,6.0,0,Safe,Sales
10641,11.3,0,Safe,Sales
10644,6.6,0,Safe,Sales
10645,11.3,0,Safe,Sales
10698,5.9,0,Safe,Sales
10700,6.4,0,Safe,Sales
10703,5.9,0,Safe,Sales
10704,6.4,0,Safe,Sales
10706,5.9,0,Safe,Sales
10707,2.9,0,Safe,Sales
10709,6.4,0,Safe,Sales
10712,5.9,0,Safe,Sales
10713,6.4,0,Safe,Sales
10843,2.8,0,Safe,Sales
10845,3.9,0,Safe,Sales
10847,2.8,0,Safe,Sales
10848,3.9,0,Safe,Sales
10851,2.8,0,Safe,Sales
10853,3.9,0,Safe,Sales
10855,2.8,0,Safe,Sales
10856,3.9,0,Safe,Sales
10907,3.4,0,Safe,Sales
10910,4.3,0,Safe,Sales
10911,3.4,0,Safe,Sales
10912,4.3,0,Safe,Sales
10915,3.4,0,Safe,Sales
10918,4.3,0,Safe,Sales
10919,3.4,0,Safe,Sales
10920,4.3,0,Safe,Sales
11083,26.5,0,Safe,Research & Development
11086,26.5,0,Safe,Research & Development
11089,26.5,0,Safe,Research & Development
11090,26.5,0,Safe,Research & Development
11091,26.5,0,Safe,Research & Development
11094,26.5,0,Safe,Research & Development
11097,26.5,0,Safe,Research & Development
11098,26.5,0,Safe,Research & Development
11444,3.6,0,Safe,Sales
11446,3.1,0,Safe,Sales
11447,3.6,0,Safe,Sales
11448,3.1,0,Safe,Sales
11452,3.6,0,Safe,Sales
11454,3.1,0,Safe,Sales
11455,3.6,0,Safe,Sales
11456,3.1,0,Safe,Sales
11638,14.5,0,Safe,Research & Development
11640,14.5,0,Safe,Research & Development
11642,14.5,0,Safe,Research & Development
11643,14.5,0,Safe,Research & Development
11647,14.5,0,Safe,Research & Development
11649,14.5,0,Safe,Research & Development
11650,14.5,0,Safe,Research & Development
12301,6.3,0,Safe,Sales
12303,5.4,0,Safe,Sales
12304,6.3,0,Safe,Sales
12305,5.4,0,Safe,Sales
12309,6.3,0,Safe,Sales
12311,5.4,0,Safe,Sales
12312,6.3,0,Safe,Sales
12313,5.4,0,Safe,Sales
12349,2.9,0,Safe,Sales
12351,1.5,0,Safe,Sales
12352,2.9,0,Safe,Sales
12353,1.5,0,Safe,Sales
12357,2.9,0,Safe,Sales
12359,1.5,0,Safe,Sales
12360,2.9,0,Safe,Sales
12361,1.5,0,Safe,Sales
13024,7.5,0,Safe,Research & Development
13025,4.7,0,Safe,Research & Development
13027,7.5,0,Safe,Research & Development
13028,6.3,0,Safe,Research & Development
13032,7.5,0,Safe,Research & Development
13033,4.7,0,Safe,Research & Development
13035,7.5,0,Safe,Research & Development
13036,6.3,0,Safe,Research & Development
13118,3.3,0,Safe,Sales
13121,11.9,0,Safe,Sales
13122,6.4,0,Safe,Sales
13123,11.9,0,Safe,Sales
13126,3.3,0,Safe,Sales
13129,11.9,0,Safe,Sales
13130,6.4,0,Safe,Sales
13131,11.9,0,Safe,Sales
13581,2.2,0,Safe,Research & Development
13583,2.2,0,Safe,Research & Development
13584,0.8,0,Safe,Research & Development
13585,0.8,0,Safe,Research & Development
13589,2.2,0,Safe,Research & Development
13591,2.2,0,Safe,Research & Development
13592,0.8,0,Safe,Research & Development
13593,0.8,0,Safe,Research & Development
13912,10.5,0,Safe,Research & Development
13913,10.5,0,Safe,Research & Development
13917,10.5,0,Safe,Research & Development
13918,10.5,0,Safe,Research & Development
13920,10.5,0,Safe,Research & Development
13921,10.5,0,Safe,Research & Development
13925,10.5,0,Safe,Research & Development
13926,10.5,0,Safe,Research & Development
14024,4.1,0,Safe,Research & Development
14025,4.2,0,Safe,Research & Development
14027,1.6,0,Safe,Research & Development
14028,1.6,0,Safe,Research & Development
14032,4.1,0,Safe,Research & Development
14033,4.2,0,Safe,Research & Development
14035,1.6,0,Safe,Research & Development
14036,1.6,0,Safe,Research & Development
14136,3.7,0,Safe,Research & Development
14138,3.3,0,Safe,Research & Development
14139,1.8,0,Safe,Research & Development
14140,1.7,0,Safe,Research & Development
14144,3.7,0,Safe,Research & Development
14146,3.3,0,Safe,Research & Development
14147,1.8,0,Safe,Research & Development
14148,1.7,0,Safe,Research & Development
14335,15.0,0,Safe,Research & Development
14338,21.4,0,Safe,Research & Development
14341,22.7,0,Safe,Research & Development
14342,21.4,0,Safe,Research & Development
14343,15.0,0,Safe,Research & Development
14346,21.4,0,Safe,Research & Development
14349,22.7,0,Safe,Research & Development
14350,21.4,0,Safe,Research & Development
14351,12.3,0,Safe,Research & Development
14354,6.2,0,Safe,Research & Development
14357,12.3,0,Safe,Research & Development
14358,11.5,0,Safe,Research & Development
14359,12.3,0,Safe,Research & Development
14362,6.2,0,Safe,Research & Development
14365,12.3,0,Safe,Research & Development
14366,11.5,0,Safe,Research & Development
14527,1.3,0,Safe,Research & Development
14529,0.5,0,Safe,Research & Development
14530,1.3,0,Safe,Research & Development
14531,1.1,0,Safe,Research & Development
14535,1.3,0,Safe,Research & Development
14537,0.5,0,Safe,Research & Development
14538,1.3,0,Safe,Research & Development
14539,1.1,0,Safe,Research & Development
14801,2.2,0,Safe,Research & Development
14803,1.0,0,Safe,Research & Development
14804,2.2,0,Safe,Research & Development
14805,2.7,0,Safe,Research & Development
14809,2.2,0,Safe,Research & Development
14811,1.0,0,Safe,Research & Development
14812,2.2,0,Safe,Research & Development
14813,2.7,0,Safe,Research & Development
15200,1.2,0,Safe,Sales
15201,1.3,0,Safe,Sales
15203,1.2,0,Safe,Sales
15204,1.3,0,Safe,Sales
15208,1.2,0,Safe,Sales
15209,1.3,0,Safe,Sales
15211,1.2,0,Safe,Sales
15212,1.3,0,Safe,Sales
15222,6.3,0,Safe,Sales
15224,17.3,0,Safe,Sales
15228,17.8,0,Safe,Sales
15229,17.3,0,Safe,Sales
15230,6.3,0,Safe,Sales
15232,17.3,0,Safe,Sales
15236,17.8,0,Safe,Sales
15237,17.3,0,Safe,Sales
16172,10.3,0,Safe,Research & Development
16174,7.2,0,Safe,Research & Development
16175,10.3,0,Safe,Research & Development
16176,10.3,0,Safe,Research & Development
16179,10.3,0,Safe,Research & Development
16181,7.2,0,Safe,Research & Development
16182,10.3,0,Safe,Research & Development
16183,10.3,0,Safe,Research & Development
16232,6.6,0,Safe,Research & Development
16235,12.9,0,Safe,Research & Development
16236,13.0,0,Safe,Research & Development
16237,12.9,0,Safe,Research & Development
16239,6.6,0,Safe,Research & Development
16242,12.9,0,Safe,Research & Development
16243,13.0,0,Safe,Research & Development
16244,12.9,0,Safe,Research & Development
16491,11.0,0,Safe,Sales
16493,11.5,0,Safe,Sales
16497,11.0,0,Safe,Sales
16498,11.5,0,Safe,Sales
16499,11.0,0,Safe,Sales
16501,11.5,0,Safe,Sales
16505,11.0,0,Safe,Sales
16506,11.5,0,Safe,Sales
16569,7.1,0,Safe,Human Resources
16571,4.8,0,Safe,Human Resources
16575,7.1,0,Safe,Human Resources
16576,4.8,0,Safe,Human Resources
16577,7.1,0,Safe,Human Resources
16579,4.8,0,Safe,Human Resources
16583,7.1,0,Safe,Human Resources
16584,4.8,0,Safe,Human Resources
17221,5.0,0,Safe,Research & Development
17223,4.8,0,Safe,Research & Development
17224,2.8,0,Safe,Research & Development
17225,2.7,0,Safe,Research & Development
17228,5.0,0,Safe,Research & Development
17230,4.8,0,Safe,Research & Development
17231,2.8,0,Safe,Research & Development
17232,2.7,0,Safe,Research & Development
17235,10.6,0,Safe,Research & Development
17237,9.7,0,Safe,Research & Development
17240,10.6,0,Safe,Research & Development
17241,9.7,0,Safe,Research & Development
17243,10.6,0,Safe,Research & Development
17245,9.7,0,Safe,Research & Development
17248,10.6,0,Safe,Research & Development
17249,9.7,0,Safe,Research & Development
17822,1.4,0,Safe,Human Resources
17823,1.2,0,Safe,Human Resources
17825,1.4,0,Safe,Human Resources
17826,1.2,0,Safe,Human Resources
17830,1.2,0,Safe,Human Resources
17832,1.4,0,Safe,Human Resources
17833,1.2,0,Safe,Human Resources
18275,24.1,0,Safe,Sales
18277,21.6,0,Safe,Sales
18279,24.1,0,Safe,Sales
18280,21.6,0,Safe,Sales
18284,21.6,0,Safe,Sales
18286,24.1,0,Safe,Sales
18287,21.6,0,Safe,Sales
19044,3.1,0,Safe,Sales
19046,3.0,0,Safe,Sales
19048,3.1,0,Safe,Sales
19049,3.0,0,Safe,Sales
19052,3.1,0,Safe,Sales
19054,3.0,0,Safe,Sales
19056,3.1,0,Safe,Sales
19057,3.0,0,Safe,Sales
19523,1.3,0,Safe,Sales
19525,1.2,0,Safe,Sales
19526,0.8,0,Safe,Sales
19527,0.8,0,Safe,Sales
19531,1.3,0,Safe,Sales
19533,1.2,0,Safe,Sales
19534,0.8,0,Safe,Sales
19535,0.8,0,Safe,Sales
19555,3.3,0,Safe,Research & Development
19556,3.0,0,Safe,Research & Development
19558,3.3,0,Safe,Research & Development
19559,3.0,0,Safe,Research & Development
19563,3.3,0,Safe,Research & Development
19564,3.0,0,Safe,Research & Development
19566,3.3,0,Safe,Research & Development
19567,3.0,0,Safe,Research & Development
19618,15.1,0,Safe,Research & Development
19620,15.1,0,Safe,Research & Development
19622,15.1,0,Safe,Research & Development
19623,15.1,0,Safe,Research & Development
19626,15.1,0,Safe,Research & Development
19628,15.1,0,Safe,Research & Development
19630,15.1,0,Safe,Research & Development
19631,15.1,0,Safe,Research & Development
19651,1.4,0,Safe,Research & Development
19652,1.3,0,Safe,Research & Development
19654,1.4,0,Safe,Research & Development
19655,1.3,0,Safe,Research & Development
19659,1.4,0,Safe,Research & Development
19660,1.3,0,Safe,Research & Development
19662,1.4,0,Safe,Research & Development
19663,1.3,0,Safe,Research & Development
19715,1.0,0,Safe,Research & Development
19716,1.0,0,Safe,Research & Development
19720,1.0,0,Safe,Research & Development
19721,1.0,0,Safe,Research & Development
19723,1.0,0,Safe,Research & Development
19724,1.0,0,Safe,Research & Development
19728,1.0,0,Safe,Research & Development
19729,1.0,0,Safe,Research & Development
19731,5.2,0,Safe,Research & Development
19733,4.6,0,Safe,Research & Development
19734,5.2,0,Safe,Research & Development
19735,4.6,0,Safe,Research & Development
19739,5.2,0,Safe,Research & Development
19741,4.6,0,Safe,Research & Development
19742,5.2,0,Safe,Research & Development
19743,4.6,0,Safe,Research & Development
19810,2.5,0,Safe,Research & Development
19813,2.3,0,Safe,Research & Development
19814,1.0,0,Safe,Research & Development
19815,1.0,0,Safe,Research & Development
19818,2.5,0,Safe,Research & Development
19821,2.3,0,Safe,Research & Development
19822,1.0,0,Safe,Research & Development
19823,1.0,0,Safe,Research & Development
19936,6.9,0,Safe,Sales
19939,6.6,0,Safe,Sales
19940,6.9,0,Safe,Sales
19941,6.6,0,Safe,Sales
19944,6.9,0,Safe,Sales
19947,6.6,0,Safe,Sales
19948,6.9,0,Safe,Sales
19949,6.6,0,Safe,Sales
20001,1.7,0,Safe,Research & Development
20002,3.9,0,Safe,Research & Development
20006,3.9,0,Safe,Research & Development
20007,3.9,0,Safe,Research & Development
20009,1.7,0,Safe,Research & Development
20010,3.9,0,Safe,Research & Development
20014,3.9,0,Safe,Research & Development
20015,3.9,0,Safe,Research & Development
20363,5.9,0,Safe,Sales
20366,3.5,0,Safe,Sales
20367,5.9,0,Safe,Sales
20368,8.0,0,Safe,Sales
20371,5.9,0,Safe,Sales
20374,3.5,0,Safe,Sales
20375,5.9,0,Safe,Sales
20376,8.0,0,Safe,Sales
20875,1.4,0,Safe,Sales
20877,1.4,0,Safe,Sales
20879,1.4,0,Safe,Sales
20880,1.4,0,Safe,Sales
20883,1.4,0,Safe,Sales
20885,1.4,0,Safe,Sales
20887,1.4,0,Safe,Sales
20888,1.4,0,Safe,Sales
21099,7.1,0,Safe,Sales
21100,7.0,0,Safe,Sales
21102,3.5,0,Safe,Sales
21103,3.4,0,Safe,Sales
21107,7.1,0,Safe,Sales
21108,7.0,0,Safe,Sales
21110,3.5,0,Safe,Sales
21111,3.4,0,Safe,Sales
21432,6.4,0,Safe,Research & Development
21435,6.4,0,Safe,Research & Development
21436,6.4,0,Safe,Research & Development
21437,6.4,0,Safe,Research & Development
21440,6.4,0,Safe,Research & Development
21443,6.4,0,Safe,Research & Development
21444,6.4,0,Safe,Research & Development
21445,6.4,0,Safe,Research & Development
21704,8.8,0,Safe,Sales
21707,9.0,0,Safe,Sales
21708,8.8,0,Safe,Sales
21709,9.0,0,Safe,Sales
21712,8.8,0,Safe,Sales
21715,9.0,0,Safe,Sales
21716,8.8,0,Safe,Sales
21717,9.0,0,Safe,Sales
21736,4.3,0,Safe,Research & Development
21738,4.3,0,Safe,Research & Development
21740,4.3,0,Safe,Research & Development
21741,4.3,0,Safe,Research & Development
21747,4.3,0,Safe,Research & Development
21749,4.3,0,Safe,Research & Development
21751,4.3,0,Safe,Research & Development
21752,4.3,0,Safe,Research & Development
21775,16.5,0,Safe,Sales
21777,15.3,0,Safe,Sales
21778,16.5,0,Safe,Sales
21779,15.3,0,Safe,Sales
21783,16.5,0,Safe,Sales
21785,15.3,0,Safe,Sales
21786,16.5,0,Safe,Sales
21787,15.3,0,Safe,Sales
21791,5.6,0,Safe,Research & Development
21792,5.9,0,Safe,Research & Development
21794,5.6,0,Safe,Research & Development
21795,5.9,0,Safe,Research & Development
21799,5.6,0,Safe,Research & Development
21800,5.9,0,Safe,Research & Development
21802,5.6,0,Safe,Research & Development
21803,5.9,0,Safe,Research & Development
22101,1.8,0,Safe,Research & Development
22104,4.5,0,Safe,Research & Development
22105,3.9,0,Safe,Research & Development
22106,4.5,0,Safe,Research & Development
22109,1.8,0,Safe,Research & Development
22112,4.5,0,Safe,Research & Development
22113,3.9,0,Safe,Research & Development
22114,4.5,0,Safe,Research & Development
22213,4.5,0,Safe,Research & Development
22215,11.8,0,Safe,Research & Development
22219,4.5,0,Safe,Research & Development
22220,5.2,0,Safe,Research & Development
22221,4.5,0,Safe,Research & Development
22223,11.8,0,Safe,Research & Development
22227,4.5,0,Safe,Research & Development
22228,5.2,0,Safe,Research & Development
22422,4.6,0,Safe,Research & Development
22425,4.6,0,Safe,Research & Development
22426,4.6,0,Safe,Research & Development
22427,4.6,0,Safe,Research & Development
22430,4.6,0,Safe,Research & Development
22433,4.6,0,Safe,Research & Development
22434,4.6,0,Safe,Research & Development
22435,4.6,0,Safe,Research & Development
22469,5.8,0,Safe,Research & Development
22471,2.2,0,Safe,Research & Development
22473,2.4,0,Safe,Research & Development
22474,2.2,0,Safe,Research & Development
22477,5.8,0,Safe,Research & Development
22479,2.2,0,Safe,Research & Development
22481,2.4,0,Safe,Research & Development
22482,2.2,0,Safe,Research & Development
22661,2.3,0,Safe,Sales
22663,5.3,0,Safe,Sales
22665,5.0,0,Safe,Sales
22666,5.3,0,Safe,Sales
22669,2.3,0,Safe,Sales
22671,5.3,0,Safe,Sales
22673,5.0,0,Safe,Sales
22674,5.3,0,Safe,Sales
23171,2.2,0,Safe,Research & Development
23173,2.7,0,Safe,Research & Development
23174,2.2,0,Safe,Research & Development
23175,2.7,0,Safe,Research & Development
23179,2.2,0,Safe,Research & Development
23181,2.7,0,Safe,Research & Development
23182,2.2,0,Safe,Research & Development
23183,2.7,0,Safe,Research & Development
23203,1.2,0,Safe,Sales
23204,1.2,0,Safe,Sales
23206,1.2,0,Safe,Sales
23207,1.2,0,Safe,Sales
23211,1.2,0,Safe,Sales
23212,1.2,0,Safe,Sales
23214,1.2,0,Safe,Sales
23215,1.2,0,Safe,Sales
23396,24.9,0,Safe,Research & Development
23398,26.5,0,Safe,Research & Development
23402,24.9,0,Safe,Research & Development
23403,26.5,0,Safe,Research & Development
23404,24.9,0,Safe,Research & Development
23406,26.5,0,Safe,Research & Development
23410,24.9,0,Safe,Research & Development
23411,26.5,0,Safe,Research & Development
173,19.3,0,Safe,Research & Development
1287,16.7,0,Safe,Research & Development
1289,15.9,0,Safe,Research & Development
1290,15.3,0,Safe,Research & Development
1291,22.0,0,Safe,Research & Development
1294,16.7,0,Safe,Research & Development
1296,15.9,0,Safe,Research & Development
1297,15.3,0,Safe,Research & Development
1298,22.0,0,Safe,Research & Development
1737,24.6,0,Safe,Research & Development
1739,24.6,0,Safe,Research & Development
1741,14.5,0,Safe,Research & Development
1742,22.1,0,Safe,Research & Development
1746,24.6,0,Safe,Research & Development
1748,14.5,0,Safe,Research & Development
1749,22.1,0,Safe,Research & Development
8214,20.3,0,Safe,Research & Development
8217,19.7,0,Safe,Research & Development
8218,41.5,0,Safe,Research & Development
8219,26.2,0,Safe,Research & Development
8222,20.3,0,Safe,Research & Development
8225,19.7,0,Safe,Research & Development
8226,41.5,0,Safe,Research & Development
8227,26.2,0,Safe,Research & Development
10629,25.7,0,Safe,Sales
10631,21.6,0,Safe,Sales
10633,5.0,0,Safe,Sales
10634,20.4,0,Safe,Sales
10637,25.7,0,Safe,Sales
10640,21.6,0,Safe,Sales
10642,5.0,0,Safe,Sales
10643,20.4,0,Safe,Sales
11067,41.1,0,Safe,Research & Development
11070,30.4,0,Safe,Research & Development
11071,24.1,0,Safe,Research & Development
11072,35.0,0,Safe,Research & Development
11075,41.1,0,Safe,Research & Development
11078,30.4,0,Safe,Research & Development
11079,24.1,0,Safe,Research & Development
11080,35.0,0,Safe,Research & Development
11564,3.1,0,Safe,Sales
11565,2.6,0,Safe,Sales
11567,11.1,0,Safe,Sales
11568,13.1,0,Safe,Sales
11571,3.1,0,Safe,Sales
11572,2.6,0,Safe,Sales
11574,11.1,0,Safe,Sales
11575,13.1,0,Safe,Sales
11711,35.0,0,Safe,Research & Development
11713,33.9,0,Safe,Research & Development
11715,13.8,0,Safe,Research & Development
11717,32.1,0,Safe,Research & Development
11720,33.9,0,Safe,Research & Development
11722,13.8,0,Safe,Research & Development
11724,32.1,0,Safe,Research & Development
12450,6.3,0,Safe,Sales
12452,8.6,0,Safe,Sales
12454,6.5,0,Safe,Sales
12455,6.3,0,Safe,Sales
12458,6.3,0,Safe,Sales
12460,8.6,0,Safe,Sales
12462,6.5,0,Safe,Sales
12463,6.3,0,Safe,Sales
15366,16.6,0,Safe,Research & Development
15368,36.6,0,Safe,Research & Development
15369,43.4,0,Safe,Research & Development
15370,47.4,1,HIGH RISK,Research & Development
15374,16.6,0,Safe,Research & Development
15376,36.6,0,Safe,Research & Development
15377,43.4,0,Safe,Research & Development
15378,47.4,1,HIGH RISK,Research & Development
16047,28.3,0,Safe,Sales
16048,27.1,0,Safe,Sales
16050,27.0,0,Safe,Sales
16051,25.8,0,Safe,Sales
16055,28.3,0,Safe,Sales
16056,27.1,0,Safe,Sales
16058,27.0,0,Safe,Sales
16059,25.8,0,Safe,Sales
16390,10.9,0,Safe,Research & Development
16392,6.8,0,Safe,Research & Development
16393,15.4,0,Safe,Research & Development
16394,15.1,0,Safe,Research & Development
16398,10.9,0,Safe,Research & Development
16400,6.8,0,Safe,Research & Development
16401,15.4,0,Safe,Research & Development
16402,15.1,0,Safe,Research & Development
22310,26.4,0,Safe,Research & Development
22311,20.6,0,Safe,Research & Development
22313,39.6,0,Safe,Research & Development
22314,40.7,0,Safe,Research & Development
22318,20.3,0,Safe,Research & Development
22319,20.6,0,Safe,Research & Development
22321,39.6,0,Safe,Research & Development
22322,40.7,0,Safe,Research & Development
300,18.1,0,Safe,Research & Development
3622,13.6,0,Safe,Research & Development
3623,13.2,0,Safe,Research & Development
3625,2.7,0,Safe,Research & Development
3626,4.9,0,Safe,Research & Development
3630,13.6,0,Safe,Research & Development
3631,13.2,0,Safe,Research & Development
3633,2.7,0,Safe,Research & Development
3634,4.9,0,Safe,Research & Development
6068,7.0,0,Safe,Research & Development
6069,5.5,0,Safe,Research & Development
6071,2.8,0,Safe,Research & Development
6072,4.3,0,Safe,Research & Development
6076,7.0,0,Safe,Research & Development
6077,5.5,0,Safe,Research & Development
6079,2.8,0,Safe,Research & Development
6080,4.3,0,Safe,Research & Development
7804,17.4,0,Safe,Research & Development
7806,16.1,0,Safe,Research & Development
7808,3.7,0,Safe,Research & Development
7809,24.0,0,Safe,Research & Development
7813,16.1,0,Safe,Research & Development
7815,3.7,0,Safe,Research & Development
7816,24.0,0,Safe,Research & Development
8423,1.4,0,Safe,Sales
8425,3.0,0,Safe,Sales
8426,2.5,0,Safe,Sales
8427,5.0,0,Safe,Sales
8433,1.4,0,Safe,Sales
8435,3.0,0,Safe,Sales
8436,2.5,0,Safe,Sales
8437,5.0,0,Safe,Sales
11712,41.6,0,Safe,Sales
11714,40.1,0,Safe,Sales
11716,26.7,0,Safe,Sales
11718,36.5,0,Safe,Sales
11719,41.6,0,Safe,Sales
11721,40.1,0,Safe,Sales
11723,26.7,0,Safe,Sales
11725,36.5,0,Safe,Sales
13721,15.8,0,Safe,Research & Development
13723,15.8,0,Safe,Research & Development
13725,24.7,0,Safe,Research & Development
13726,9.0,0,Safe,Research & Development
13729,15.8,0,Safe,Research & Development
13731,15.8,0,Safe,Research & Development
13733,24.7,0,Safe,Research & Development
13734,9.0,0,Safe,Research & Development
14039,3.8,0,Safe,Sales
14042,5.8,0,Safe,Sales
14043,7.3,0,Safe,Sales
14044,9.9,0,Safe,Sales
14047,3.8,0,Safe,Sales
14050,5.8,0,Safe,Sales
14051,7.3,0,Safe,Sales
14052,9.9,0,Safe,Sales
18583,5.4,0,Safe,Sales
18584,9.3,0,Safe,Sales
18586,11.3,0,Safe,Sales
18587,10.4,0,Safe,Sales
18591,5.4,0,Safe,Sales
18592,9.3,0,Safe,Sales
18594,11.3,0,Safe,Sales
18595,10.4,0,Safe,Sales
18839,15.5,0,Safe,Sales
18842,13.9,0,Safe,Sales
18843,8.5,0,Safe,Sales
18844,12.1,0,Safe,Sales
18847,15.5,0,Safe,Sales
18850,13.9,0,Safe,Sales
18851,8.5,0,Safe,Sales
18852,12.1,0,Safe,Sales
19144,6.7,0,Safe,Sales
19147,8.5,0,Safe,Sales
19148,3.4,0,Safe,Sales
19149,6.8,0,Safe,Sales
19152,6.7,0,Safe,Sales
19155,8.5,0,Safe,Sales
19156,3.4,0,Safe,Sales
19157,6.8,0,Safe,Sales
204,18.4,0,Safe,Sales
807,59.7,1,HIGH RISK,Research & Development
810,59.7,1,HIGH RISK,Research & Development
813,58.3,1,HIGH RISK,Research & Development
814,58.3,1,HIGH RISK,Research & Development
815,59.7,1,HIGH RISK,Research & Development
818,59.7,1,HIGH RISK,Research & Development
821,58.3,1,HIGH RISK,Research & Development
822,58.3,1,HIGH RISK,Research & Development
813,58.3,1,HIGH RISK,Research & Development
814,58.3,1,HIGH RISK,Research & Development
815,59.7,1,HIGH RISK,Research & Development
818,59.7,1,HIGH RISK,Research & Development
888,29.9,0,Safe,Research & Development
890,28.6,0,Safe,Research & Development
891,30.5,0,Safe,Research & Development
892,29.9,0,Safe,Research & Development
896,29.9,0,Safe,Research & Development
898,28.6,0,Safe,Research & Development
899,30.5,0,Safe,Research & Development
900,29.9,0,Safe,Research & Development
3478,85.3,1,HIGH RISK,Human Resources
3479,88.2,1,HIGH RISK,Human Resources
3481,83.5,1,HIGH RISK,Human Resources
3482,88.2,1,HIGH RISK,Human Resources
3486,85.3,1,HIGH RISK,Human Resources
3487,88.2,1,HIGH RISK,Human Resources
3489,83.5,1,HIGH RISK,Human Resources
3490,88.2,1,HIGH RISK,Human Resources
4779,14.5,0,Safe,Sales
4782,17.6,0,Safe,Sales
4783,14.1,0,Safe,
4784,17.6,0,Safe,Sales
4789,17.6,0,Safe,Sales
4790,14.1,0,Safe,Sales
4791,17.6,0,Safe,Sales
5483,23.9,0,Safe,Research & Development
5484,14.3,0,Safe,Research & Development
5486,32.4,0,Safe,Research & Development
5487,27.5,0,Safe,Research & Development
5491,23.9,0,Safe,Research & Development
5492,14.3,0,Safe,Research & Development
5494,32.4,0,Safe,Research & Development
5495,27.5,0,Safe,Research & Development
6183,13.7,0,Safe,Research & Development
6185,14.1,0,Safe,Research & Development
6187,8.1,0,Safe,Research & Development
6188,11.1,0,Safe,Research & Development
6191,13.7,0,Safe,Research & Development
6193,14.1,0,Safe,Research & Development
6195,8.1,0,Safe,Research & Development
6196,11.1,0,Safe,Research & Development
7284,37.4,0,Safe,Human Resources
7287,37.4,0,Safe,Human Resources
7288,36.7,0,Safe,Human Resources
7289,33.2,0,Safe,Human Resources
7292,37.4,0,Safe,Human Resources
7295,37.4,0,Safe,Human Resources
7296,36.7,0,Safe,Human Resources
7297,33.2,0,Safe,Human Resources
7435,40.7,0,Safe,Research & Development
7438,30.5,0,Safe,Research & Development
7439,41.2,0,Safe,Research & Development
7440,39.8,0,Safe,Research & Development
7443,40.7,0,Safe,Research & Development
7445,30.5,0,Safe,Research & Development
7446,41.2,0,Safe,Research & Development
7447,39.8,0,Safe,Research & Development
9206,6.0,0,Safe,Sales
9209,6.0,0,Safe,Sales
9210,13.2,0,Safe,Sales
9211,6.0,0,Safe,Sales
9214,6.0,0,Safe,Sales
9217,6.0,0,Safe,Sales
9218,13.2,0,Safe,Sales
9219,6.0,0,Safe,Sales
9859,5.8,0,Safe,Research & Development
9861,6.5,0,Safe,Research & Development
9863,6.5,0,Safe,Research & Development
9864,9.0,0,Safe,Research & Development
9867,5.8,0,Safe,Research & Development
9869,6.5,0,Safe,Research & Development
9871,5.8,0,Safe,Research & Development
9872,9.0,0,Safe,Research & Development
10647,18.0,0,Safe,Sales
10648,24.3,0,Safe,Sales
10652,26.9,0,Safe,Sales
10653,26.9,0,Safe,Sales
10655,18.0,0,Safe,Sales
10656,5.3,0,Safe,Sales
10657,24.3,0,Safe,Sales
10661,26.9,0,Safe,Sales
10662,26.9,0,Safe,Sales
11992,48.6,1,HIGH RISK,Sales
11995,48.6,1,HIGH RISK,Sales
11996,48.6,1,HIGH RISK,Sales
11997,48.6,1,HIGH RISK,Sales
12000,48.6,1,HIGH RISK,Sales
12003,48.6,1,HIGH RISK,Sales
12004,48.6,1,HIGH RISK,Sales
12005,48.6,1,HIGH RISK,Sales
12221,30.5,0,Safe,Research & Development
12223,31.5,0,Safe,Research & Development
12225,37.0,0,Safe,Research & Development
12226,48.1,1,HIGH RISK,Research & Development
12229,30.5,0,Safe,Research & Development
12231,31.5,0,Safe,Research & Development
12233,37.0,0,Safe,Research & Development
12234,48.1,1,HIGH RISK,Research & Development
12783,32.7,0,Safe,Research & Development
12786,32.7,0,Safe,Research & Development
12789,25.8,0,Safe,Research & Development
12790,25.7,0,Safe,Research & Development
12791,32.7,0,Safe,Research & Development
12794,32.7,0,Safe,Research & Development
12797,25.8,0,Safe,Research & Development
12798,25.7,0,Safe,Research & Development
15807,20.5,0,Safe,Research & Development
15809,20.4,0,Safe,Research & Development
15810,21.6,0,Safe,Research & Development
15811,20.4,0,Safe,Research & Development
15815,20.5,0,Safe,Research & Development
15817,20.4,0,Safe,Research & Development
15818,9.0,0,Safe,Research & Development
15819,20.4,0,Safe,Research & Development
16492,27.7,0,Safe,Sales
16494,47.6,1,HIGH RISK,Sales
16495,40.7,0,Safe,Sales
15848,47.6,1,HIGH RISK,Sales
16500,27.7,0,Safe,Sales
16502,47.6,1,HIGH RISK,Sales
16503,7.3,0,Safe,Sales
16504,47.6,1,HIGH RISK,Sales
16745,28.0,0,Safe,Research & Development
16747,29.1,0,Safe,Research & Development
16748,27.3,0,Safe,Research & Development
16749,30.6,0,Safe,Research & Development
16753,28.0,0,Safe,Research & Development
16755,29.1,0,Safe,Research & Development
16756,27.3,0,Safe,Research & Development
16757,30.6,0,Safe,Research & Development
19239,12.1,0,Safe,Human Resources
19240,10.7,0,Safe,Human Resources
19242,25.7,0,Safe,Human Resources
19243,23.3,0,Safe,Human Resources
19246,12.1,0,Safe,Human Resources
19247,10.7,0,Safe,Human Resources
19249,25.7,0,Safe,Human Resources
19250,23.3,0,Safe,Human Resources
20731,17.9,0,Safe,Human Resources
20734,17.9,0,Safe,Human Resources
20735,10.2,0,Safe,Human Resources
20736,16.9,0,Safe,Human Resources
20739,17.9,0,Safe,Human Resources
20742,17.9,0,Safe,Human Resources
20743,16.7,0,Safe,Human Resources
20744,16.9,0,Safe,Human Resources
21935,9.5,0,Safe,Research & Development
21936,9.5,0,Safe,Research & Development
21938,5.2,0,Safe,Research & Development
21939,6.9,0,Safe,Research & Development
21943,9.5,0,Safe,Research & Development
21944,9.5,0,Safe,Research & Development
21946,5.2,0,Safe,Research & Development
21567,8.6,0,Safe,Research & Development
22086,3.1,0,Safe,Research & Development
22088,3.4,0,Safe,Research & Development
22089,16.1,0,Safe,Research & Development
22090,17.6,0,Safe,Research & Development
22094,3.1,0,Safe,Research & Development
22096,3.4,0,Safe,Research & Development
22097,16.1,0,Safe,Research & Development
22098,17.6,0,Safe,Research & Development
22214,2.9,0,Safe,Sales
22216,3.7,0,Safe,Sales
22217,2.3,0,Safe,Sales
22218,2.7,0,Safe,Sales
22222,2.9,0,Safe,Sales
22224,3.7,0,Safe,Sales
22225,2.3,0,Safe,Sales
22226,2.7,0,Safe,Sales
999,46.3,1,HIGH RISK,Sales
1002,46.3,1,HIGH RISK,Sales
1003,46.3,1,HIGH RISK,Sales
1004,46.3,1,HIGH RISK,Sales
1007,46.3,1,HIGH RISK,Sales
1010,46.3,1,HIGH RISK,Sales
1011,46.3,1,HIGH RISK,Sales
1012,46.3,1,HIGH RISK,Sales
1511,2.5,0,Safe,Human Resources
1513,2.3,0,Safe,Human Resources
1514,1.8,0,Safe,Human Resources
1515,1.6,0,Safe,Human Resources
1518,2.5,0,Safe,Human Resources
1520,2.3,0,Safe,Human Resources
1521,1.8,0,Safe,Human Resources
1522,1.6,0,Safe,Human Resources
2096,5.2,0,Safe,Research & Development
2099,6.7,0,Safe,Research & Development
2100,4.7,0,Safe,Research & Development
2101,5.5,0,Safe,Research & Development
2104,5.2,0,Safe,Research & Development
2107,6.7,0,Safe,Research & Development
2108,4.7,0,Safe,Research & Development
2109,5.5,0,Safe,Research & Development
2240,1.9,0,Safe,Human Resources
2243,1.9,0,Safe,Human Resources
2244,1.0,0,Safe,Human Resources
2245,0.9,0,Safe,Human Resources
2248,1.9,0,Safe,Human Resources
2251,1.9,0,Safe,Human Resources
2252,1.0,0,Safe,Human Resources
2253,0.9,0,Safe,Human Resources
2352,17.3,0,Safe,Research & Development
2353,14.2,0,Safe,Research & Development
2355,15.9,0,Safe,Research & Development
2356,12.7,0,Safe,Research & Development
2360,17.3,0,Safe,Research & Development
2361,14.2,0,Safe,Research & Development
2363,15.9,0,Safe,Research & Development
2364,12.7,0,Safe,Research & Development
2833,4.6,0,Safe,Sales
2834,9.2,0,Safe,Sales
2836,9.4,0,Safe,Sales
2837,7.9,0,Safe,Sales
2841,4.6,0,Safe,Sales
2842,9.2,0,Safe,Sales
2844,9.4,0,Safe,Sales
2845,7.9,0,Safe,Sales
3236,3.1,0,Safe,Research & Development
3238,3.0,0,Safe,Research & Development
3239,3.0,0,Safe,Research & Development
3240,2.8,0,Safe,Research & Development
3244,3.1,0,Safe,Research & Development
3246,3.0,0,Safe,Research & Development
3247,3.0,0,Safe,Research & Development
3248,31.7,0,Safe,Research & Development
3750,4.7,0,Safe,Research & Development
3751,5.4,0,Safe,Research & Development
3753,5.3,0,Safe,Research & Development
3754,4.9,0,Safe,Research & Development
3758,4.7,0,Safe,Research & Development
3759,5.4,0,Safe,Research & Development
3761,5.3,0,Safe,Research & Development
3762,4.9,0,Safe,Research & Development
4166,9.5,0,Safe,Research & Development
4168,9.5,0,Safe,Research & Development
4171,13.1,0,Safe,Research & Development
4172,14.8,0,Safe,Research & Development
4174,9.5,0,Safe,Research & Development
4176,9.5,0,Safe,Research & Development
4179,13.1,0,Safe,Research & Development
4180,13.7,0,Safe,Research & Development
4538,2.0,0,Safe,Research & Development
4540,2.0,0,Safe,Research & Development
4542,1.4,0,Safe,Research & Development
4543,1.1,0,Safe,Research & Development
4546,2.0,0,Safe,Research & Development
4548,2.0,0,Safe,Research & Development
4550,1.4,0,Safe,Research & Development
4551,12.0,0,Safe,Research & Development
4640,10.6,0,Safe,Research & Development
4642,10.6,0,Safe,Research & Development
4644,10.4,0,Safe,Research & Development
4645,8.9,0,Safe,Research & Development
4648,10.6,0,Safe,Research & Development
4650,10.6,0,Safe,Research & Development
4652,10.4,0,Safe,Research & Development
4653,8.9,0,Safe,Research & Development
5749,2.8,0,Safe,Sales
5751,5.6,0,Safe,Sales
5753,5.0,0,Safe,Sales
5754,5.6,0,Safe,Sales
5757,2.8,0,Safe,Sales
5759,5.6,0,Safe,Sales
5761,5.0,0,Safe,Sales
5762,5.6,0,Safe,Sales
6515,8.2,0,Safe,Research & Development
6517,4.4,0,Safe,Research & Development
6518,7.1,0,Safe,Research & Development
6519,7.9,0,Safe,Research & Development
6523,8.2,0,Safe,Research & Development
6525,4.4,0,Safe,Research & Development
6526,7.1,0,Safe,Research & Development
6527,7.9,0,Safe,Research & Development
6746,5.8,0,Safe,Research & Development
6749,3.9,0,Safe,Research & Development
6750,7.3,0,Safe,Research & Development
6751,6.4,0,Safe,Research & Development
6756,3.9,0,Safe,Research & Development
6757,7.3,0,Safe,Research & Development
6758,6.4,0,Safe,Research & Development
7390,1.6,0,Safe,Sales
7393,1.6,0,Safe,Sales
7394,4.0,0,Safe,Sales
7395,1.6,0,Safe,Sales
7398,1.6,0,Safe,Sales
7400,1.6,0,Safe,Sales
7401,2.5,0,Safe,Sales
7402,1.6,0,Safe,Sales
7621,8.9,0,Safe,Sales
7624,9.4,0,Safe,Sales
7625,4.6,0,Safe,Sales
7626,4.4,0,Safe,Sales
7629,8.9,0,Safe,Sales
7632,9.4,0,Safe,Sales
7633,4.6,0,Safe,Sales
7634,4.4,0,Safe,Sales
7897,11.3,0,Safe,Research & Development
7899,18.0,0,Safe,Research & Development
7900,16.9,0,Safe,Research & Development
7901,17.2,0,Safe,Research & Development
7905,11.3,0,Safe,Research & Development
7907,18.0,0,Safe,Research & Development
7908,16.9,0,Safe,Research & Development
7909,17.2,0,Safe,Research & Development
8087,4.4,0,Safe,Research & Development
8089,4.4,0,Safe,Research & Development
8091,4.4,0,Safe,Research & Development
8092,4.1,0,Safe,Research & Development
8095,4.4,0,Safe,Research & Development
8097,4.4,0,Safe,Research & Development
8099,4.4,0,Safe,Research & Development
8100,4.1,0,Safe,Research & Development
9175,5.6,0,Safe,Research & Development
9177,5.8,0,Safe,Research & Development
9179,17.7,0,Safe,Research & Development
9180,14.2,0,Safe,Research & Development
9183,5.6,0,Safe,Research & Development
9185,5.8,0,Safe,Research & Development
9187,17.7,0,Safe,Research & Development
9188,14.2,0,Safe,Research & Development
9429,9.5,0,Safe,Research & Development
9430,5.6,0,Safe,Research & Development
9432,5.9,0,Safe,Research & Development
9433,5.0,0,Safe,Research & Development
9437,9.5,0,Safe,Research & Development
9438,5.6,0,Safe,Research & Development
9440,5.9,0,Safe,Research & Development
9441,5.0,0,Safe,Research & Development
10272,16.5,0,Safe,Sales
10274,16.5,0,Safe,Sales
10277,15.5,0,Safe,Sales
10278,14.6,0,Safe,Sales
10280,16.5,0,Safe,Sales
10282,16.5,0,Safe,Sales
10285,15.5,0,Safe,Sales
10286,14.6,0,Safe,Sales
11003,8.1,0,Safe,Sales
11005,9.0,0,Safe,Sales
11007,7.7,0,Safe,Sales
11008,9.0,0,Safe,Sales
11011,8.1,0,Safe,Sales
11013,9.0,0,Safe,Sales
11015,7.7,0,Safe,Sales
11016,9.0,0,Safe,Sales
11052,37.8,0,Safe,Sales
11054,53.1,1,HIGH RISK,Sales
11057,34.8,0,Safe,Sales
11058,53.1,1,HIGH RISK,Sales
11060,37.8,0,Safe,Sales
11062,53.1,1,HIGH RISK,Sales
11065,34.8,0,Safe,Sales
11066,53.1,1,HIGH RISK,Sales
11741,2.5,0,Safe,Research & Development
11743,2.5,0,Safe,Research & Development
11745,5.4,0,Safe,Research & Development
11746,5.5,0,Safe,Research & Development
11749,2.5,0,Safe,Research & Development
11751,2.5,0,Safe,Research & Development
11753,5.4,0,Safe,Research & Development
11754,1.7,0,Safe,Research & Development
12332,2.1,0,Safe,Research & Development
12334,4.2,0,Safe,Research & Development
12336,4.0,0,Safe,Research & Development
12337,3.7,0,Safe,Research & Development
12340,2.1,0,Safe,Research & Development
12342,4.2,0,Safe,Research & Development
12344,4.0,0,Safe,Research & Development
12345,9.5,0,Safe,Research & Development
12530,8.4,0,Safe,Research & Development
12532,8.4,0,Safe,Research & Development
12078,9.2,0,Safe,Research & Development
12535,7.8,0,Safe,Research & Development
12538,8.4,0,Safe,Research & Development
12540,8.4,0,Safe,Research & Development
12542,8.4,0,Safe,Research & Development
12543,7.8,0,Safe,Research & Development
13516,3.7,0,Safe,Research & Development
13518,3.7,0,Safe,Research & Development
13520,3.8,0,Safe,Research & Development
13521,2.5,0,Safe,Research & Development
13524,3.7,0,Safe,Research & Development
13526,3.7,0,Safe,Research & Development
13528,2.6,0,Safe,Research & Development
13529,2.5,0,Safe,Research & Development
14273,6.0,0,Safe,Research & Development
14275,6.9,0,Safe,Research & Development
14276,5.5,0,Safe,Research & Development
14277,7.0,0,Safe,Research & Development
14281,6.0,0,Safe,Research & Development
14283,6.9,0,Safe,Research & Development
14284,5.5,0,Safe,Research & Development
14285,7.0,0,Safe,Research & Development
14605,2.0,0,Safe,Research & Development
14607,4.4,0,Safe,Research & Development
14609,3.4,0,Safe,
14610,2.5,0,Safe,Research & Development
14613,2.0,0,Safe,Research & Development
14615,4.4,0,Safe,Research & Development
14617,2.6,0,Safe,Research & Development
14618,2.5,0,Safe,Research & Development
15040,4.4,0,Safe,Sales
15042,4.4,0,Safe,Sales
15043,4.6,0,Safe,Sales
15044,5.7,0,Safe,Sales
15048,4.4,0,Safe,Sales
15050,4.4,0,Safe,Sales
15051,4.3,0,Safe,Sales
15052,5.7,0,Safe,Sales
15982,3.7,0,Safe,Research & Development
15984,10.0,0,Safe,Research & Development
15986,12.8,0,Safe,Research & Development
15987,14.6,0,Safe,Research & Development
15990,3.7,0,Safe,Research & Development
15992,10.0,0,Safe,Research & Development
15994,12.8,0,Safe,Research & Development
15995,14.6,0,Safe,Research & Development
16078,4.7,0,Safe,Research & Development
16081,6.1,0,Safe,Research & Development
16082,5.5,0,Safe,Research & Development
16083,5.7,0,Safe,Research & Development
16086,4.7,0,Safe,Research & Development
16089,6.1,0,Safe,Research & Development
16090,5.5,0,Safe,Research & Development
16091,5.7,0,Safe,Research & Development
16126,8.3,0,Safe,Sales
16127,4.6,0,Safe,Sales
16129,7.4,0,Safe,Sales
16130,6.9,0,Safe,Sales
16134,8.3,0,Safe,Sales
16135,4.6,0,Safe,Sales
16137,5.2,0,Safe,Sales
16138,6.9,0,Safe,Sales
16422,6.6,0,Safe,Research & Development
16423,6.6,0,Safe,Research & Development
16425,7.2,0,Safe,Research & Development
16426,6.6,0,Safe,Research & Development
16430,6.6,0,Safe,Research & Development
16431,6.6,0,Safe,Research & Development
16433,6.1,0,Safe,Research & Development
16434,6.6,0,Safe,Research & Development
16602,3.2,0,Safe,Research & Development
16603,3.4,0,Safe,Research & Development
16605,2.5,0,Safe,Research & Development
16606,2.9,0,Safe,Research & Development
16610,3.2,0,Safe,Research & Development
16611,3.4,0,Safe,Research & Development
16613,2.3,0,Safe,Research & Development
16614,6.6,0,Safe,Research & Development
16697,0.3,0,Safe,Research & Development
16698,0.8,0,Safe,Research & Development
16700,0.8,0,Safe,Research & Development
16701,1.2,0,Safe,Research & Development
16705,0.3,0,Safe,Research & Development
16706,0.8,0,Safe,Research & Development
16708,6.9,0,Safe,Research & Development
16709,1.5,0,Safe,Research & Development
16983,6.7,0,Safe,Research & Development
16984,6.3,0,Safe,Research & Development
16988,6.8,0,Safe,Research & Development
16989,6.3,0,Safe,Research & Development
16991,6.7,0,Safe,Research & Development
16992,6.3,0,Safe,Research & Development
16996,6.8,0,Safe,Research & Development
16997,6.3,0,Safe,Research & Development
17685,3.5,0,Safe,Research & Development
17686,3.3,0,Safe,Research & Development
17688,4.3,0,Safe,Research & Development
17689,3.3,0,Safe,Research & Development
17693,3.5,0,Safe,Research & Development
17694,3.3,0,Safe,Research & Development
17696,4.3,0,Safe,Research & Development
17697,3.3,0,Safe,Research & Development
17882,13.0,0,Safe,Research & Development
17885,11.1,0,Safe,Research & Development
17886,8.2,0,Safe,Research & Development
17887,8.8,0,Safe,Research & Development
17890,13.0,0,Safe,Research & Development
17892,11.1,0,Safe,Research & Development
17893,8.2,0,Safe,Research & Development
17894,8.8,0,Safe,Research & Development
18769,0.7,0,Safe,Research & Development
18771,0.5,0,Safe,Research & Development
18774,1.6,0,Safe,Research & Development
18775,2.0,0,Safe,Research & Development
18777,0.7,0,Safe,Research & Development
18779,0.5,0,Safe,Research & Development
18782,1.6,0,Safe,Research & Development
18783,16.5,0,Safe,Research & Development
18920,34.2,0,Safe,Research & Development
18922,33.1,0,Safe,Research & Development
18923,19.0,0,Safe,Research & Development
18924,19.6,0,Safe,Research & Development
18928,34.2,0,Safe,Research & Development
18930,33.1,0,Safe,Research & Development
18931,19.0,0,Safe,Research & Development
18932,19.6,0,Safe,Research & Development
19284,4.5,0,Safe,Research & Development
19286,4.5,0,Safe,Research & Development
19288,2.0,0,Safe,Research & Development
19289,2.0,0,Safe,Research & Development
19292,4.5,0,Safe,Research & Development
19294,4.5,0,Safe,Research & Development
19296,2.0,0,Safe,Research & Development
19297,2.0,0,Safe,Research & Development
19331,10.2,0,Safe,Sales
19333,9.2,0,Safe,Sales
19334,9.2,0,Safe,Sales
19335,8.7,0,Safe,Sales
19339,10.2,0,Safe,Sales
19341,9.2,0,Safe,Sales
19342,9.2,0,Safe,Sales
19343,8.7,0,Safe,Sales
19570,19.1,0,Safe,Research & Development
19573,19.1,0,Safe,Research & Development
19574,24.6,0,Safe,Research & Development
19575,21.1,0,Safe,Research & Development
19578,19.1,0,Safe,Research & Development
19581,19.1,0,Safe,Research & Development
19582,24.6,0,Safe,Research & Development
19583,21.1,0,Safe,Research & Development
19683,5.4,0,Safe,Research & Development
19684,4.5,0,Safe,Research & Development
19686,5.4,0,Safe,Research & Development
19687,4.9,0,Safe,Research & Development
19691,5.4,0,Safe,Research & Development
19692,4.5,0,Safe,Research & Development
19694,5.4,0,Safe,Research & Development
19695,4.9,0,Safe,Research & Development
20206,1.3,0,Safe,Research & Development
20208,1.4,0,Safe,Research & Development
20209,1.5,0,Safe,Research & Development
20210,2.1,0,Safe,Research & Development
20213,1.3,0,Safe,Research & Development
20215,1.4,0,Safe,Research & Development
20216,1.5,0,Safe,Research & Development
20217,4.4,0,Safe,Research & Development
20923,8.7,0,Safe,Sales
20924,4.4,0,Safe,Research & Development
20925,4.5,0,Safe,Research & Development
20926,9.3,0,Safe,Sales
20927,10.2,0,Safe,Sales
20928,4.5,0,Safe,Research & Development
20929,4.5,0,Safe,Research & Development
20930,9.3,0,Safe,Sales
20931,8.7,0,Safe,Sales
20932,4.4,0,Safe,Research & Development
20933,4.5,0,Safe,Research & Development
20934,9.3,0,Safe,Sales
20935,10.2,0,Safe,Sales
20936,4.5,0,Safe,Research & Development
20937,4.5,0,Safe,Research & Development
20938,9.3,0,Safe,Sales
21259,2.5,0,Safe,Research & Development
21261,2.1,0,Safe,Research & Development
21262,2.6,0,Safe,Research & Development
21263,2.1,0,Safe,Research & Development
21267,2.5,0,Safe,Research & Development
21269,2.1,0,Safe,Research & Development
21270,2.6,0,Safe,Research & Development
21271,1.1,0,Safe,Research & Development
21369,2.1,0,Safe,Sales
21371,4.6,0,Safe,Sales
21372,3.6,0,Safe,Sales
21373,4.6,0,Safe,Sales
21377,2.1,0,Safe,Sales
21379,4.6,0,Safe,Sales
21380,3.6,0,Safe,Sales
21381,4.6,0,Safe,Sales
21560,21.7,0,Safe,Research & Development
21562,21.4,0,Safe,Research & Development
21564,20.8,0,Safe,Research & Development
21565,23.6,0,Safe,Research & Development
21568,21.7,0,Safe,Research & Development
21570,21.4,0,Safe,Research & Development
21572,20.8,0,Safe,Research & Development
21573,23.6,0,Safe,Research & Development
21758,2.7,0,Safe,Research & Development
21761,1.3,0,Safe,Research & Development
21762,3.1,0,Safe,Research & Development
21763,2.9,0,Safe,Research & Development
21766,2.7,0,Safe,Research & Development
21769,1.3,0,Safe,Research & Development
21770,3.1,0,Safe,Research & Development
21771,2.9,0,Safe,Research & Development
22165,4.3,0,Safe,Research & Development
22167,4.3,0,Safe,Research & Development
22169,4.1,0,Safe,Research & Development
22170,4.5,0,Safe,Research & Development
22173,4.3,0,Safe,Research & Development
22175,4.3,0,Safe,Research & Development
22177,4.1,0,Safe,Research & Development
22178,4.5,0,Safe,Research & Development
23412,4.3,0,Safe,Sales
23415,6.0,0,Safe,Sales
23416,4.3,0,Safe,Sales
23417,6.0,0,Safe,Sales
23420,4.3,0,Safe,Sales
23423,6.0,0,Safe,Sales
23424,4.3,0,Safe,Sales
23425,6.0,0,Safe,Sales
297,41.5,0,Safe,Sales
1814,63.5,1,HIGH RISK,Sales
1817,66.8,1,HIGH RISK,Sales
1818,31.3,0,Safe,Sales
1819,61.2,1,HIGH RISK,Sales
1824,66.8,1,HIGH RISK,Sales
1825,31.3,0,Safe,Sales
1826,61.2,1,HIGH RISK,Sales
6499,6.9,0,Safe,Sales
6501,7.5,0,Safe,Sales
6502,7.0,0,Safe,Sales
6503,7.5,0,Safe,Sales
6507,6.9,0,Safe,Sales
6509,7.5,0,Safe,Sales
6510,7.0,0,Safe,Sales
6511,7.5,0,Safe,Sales
6546,7.6,0,Safe,Research & Development
6548,7.4,0,Safe,Research & Development
6550,9.5,0,Safe,Research & Development
6551,9.2,0,Safe,Research & Development
6554,7.6,0,Safe,Research & Development
6556,7.4,0,Safe,Research & Development
6558,9.5,0,Safe,Research & Development
6559,9.2,0,Safe,Research & Development
7254,10.1,0,Safe,
7255,10.1,0,Safe,Sales
7257,3.6,0,Safe,Sales
7258,3.6,0,Safe,Sales
7262,10.1,0,Safe,Sales
7263,10.1,0,Safe,Sales
7265,3.6,0,Safe,Sales
7266,3.6,0,Safe,Sales
10320,12.4,0,Safe,Sales
10322,16.3,0,Safe,Sales
10323,19.0,0,Safe,Sales
10324,18.3,0,Safe,Sales
10328,16.7,0,Safe,Sales
10330,16.3,0,Safe,Sales
10331,19.0,0,Safe,Sales
10332,18.3,0,Safe,Sales
10971,56.4,1,HIGH RISK,Sales
10974,72.0,1,HIGH RISK,Sales
10975,56.4,1,HIGH RISK,Sales
10976,72.7,1,HIGH RISK,Sales
10979,56.4,1,HIGH RISK,Sales
10982,72.0,1,HIGH RISK,Sales
10983,56.4,1,HIGH RISK,Sales
10984,72.7,1,HIGH RISK,Sales
11460,20.8,0,Safe,Sales
11462,14.5,0,Safe,Sales
11463,25.0,0,Safe,Sales
11464,20.9,0,Safe,Sales
11468,20.8,0,Safe,Sales
11470,14.5,0,Safe,Sales
11471,25.0,0,Safe,Sales
11472,20.9,0,Safe,Sales
12767,1.6,0,Safe,Research & Development
12769,1.6,0,Safe,Research & Development
12771,2.6,0,Safe,Research & Development
12772,2.6,0,Safe,Research & Development
12775,1.6,0,Safe,Research & Development
12777,1.6,0,Safe,Research & Development
12779,2.6,0,Safe,Research & Development
12780,2.6,0,Safe,Research & Development
14589,13.6,0,Safe,Sales
14591,38.8,0,Safe,Sales
14593,21.8,0,Safe,Sales
14594,42.1,0,Safe,Sales
14597,13.6,0,Safe,Sales
14599,38.8,0,Safe,Sales
14601,21.8,0,Safe,Sales
14602,42.1,0,Safe,Sales
14865,12.0,0,Safe,Research & Development
14866,12.6,0,Safe,Research & Development
14868,13.6,0,Safe,Research & Development
14869,13.4,0,Safe,Research & Development
14873,12.0,0,Safe,Research & Development
14874,12.6,0,Safe,Research & Development
14876,13.6,0,Safe,Research & Development
14877,13.4,0,Safe,Research & Development
16341,60.3,1,HIGH RISK,Sales
16344,61.2,1,HIGH RISK,Sales
16345,71.3,1,HIGH RISK,Sales
16346,76.2,1,HIGH RISK,Sales
16349,60.3,1,HIGH RISK,Sales
16352,61.2,1,HIGH RISK,Sales
16353,71.3,1,HIGH RISK,Sales
16354,76.2,1,HIGH RISK,Sales
22500,8.2,0,Safe,Research & Development
22502,8.2,0,Safe,Research & Development
22505,7.6,0,Safe,Research & Development
22506,7.6,0,Safe,Research & Development
22508,8.2,0,Safe,Research & Development
22510,8.2,0,Safe,Research & Development
22513,7.6,0,Safe,Research & Development
22514,7.6,0,Safe,Research & Development
84,9.0,0,Safe,Sales
320,5.3,0,Safe,Research & Development
542,8.5,0,Safe,Human Resources
543,15.1,0,Safe,Human Resources
545,10.1,0,Safe,Human Resources
546,11.3,0,Safe,Human Resources
552,8.5,0,Safe,Human Resources
553,15.1,0,Safe,Human Resources
555,10.1,0,Safe,Human Resources
556,11.3,0,Safe,Human Resources
1555,6.6,0,Safe,Sales
1557,6.6,0,Safe,Sales
1558,3.6,0,Safe,Sales
1559,3.6,0,Safe,Sales
1562,6.6,0,Safe,Sales
1564,6.6,0,Safe,Sales
1565,3.6,0,Safe,Sales
1566,3.6,0,Safe,Sales
1829,4.8,0,Safe,Research & Development
1831,4.3,0,Safe,Research & Development
1833,4.4,0,Safe,Research & Development
1834,4.0,0,Safe,Research & Development
1838,4.3,0,Safe,Research & Development
1840,4.4,0,Safe,Research & Development
1841,4.0,0,Safe,Research & Development
2209,12.0,0,Safe,Research & Development
2210,11.3,0,Safe,Research & Development
2212,13.8,0,Safe,Research & Development
2213,12.9,0,Safe,Research & Development
2217,12.1,0,Safe,Research & Development
2218,11.3,0,Safe,Research & Development
2220,13.8,0,Safe,Research & Development
2221,12.9,0,Safe,Research & Development
2289,2.1,0,Safe,Research & Development
2291,1.3,0,Safe,Research & Development
2292,2.1,0,Safe,Research & Development
2293,2.3,0,Safe,Research & Development
2297,2.1,0,Safe,Research & Development
2299,1.3,0,Safe,Research & Development
2300,2.1,0,Safe,Research & Development
2301,2.3,0,Safe,Research & Development
2303,25.0,0,Safe,Sales
2306,27.4,0,Safe,Sales
2307,10.9,0,Safe,Sales
2308,26.3,0,Safe,Sales
2311,25.0,0,Safe,Sales
2314,27.4,0,Safe,Sales
2315,10.9,0,Safe,Sales
2316,26.3,0,Safe,Sales
3054,1.2,0,Safe,Sales
3056,1.2,0,Safe,Sales
3057,1.1,0,Safe,Sales
3058,1.1,0,Safe,Sales
3062,1.2,0,Safe,Sales
3064,1.2,0,Safe,Sales
3065,1.1,0,Safe,Sales
3066,1.1,0,Safe,Sales
3830,5.6,0,Safe,Sales
3831,5.5,0,Safe,Sales
3833,5.4,0,Safe,Sales
3834,5.6,0,Safe,Sales
3838,5.6,0,Safe,Sales
3839,5.5,0,Safe,Sales
3841,5.4,0,Safe,Sales
3842,5.6,0,Safe,Sales
4165,9.7,0,Safe,Research & Development
4167,9.7,0,Safe,Research & Development
4169,13.6,0,Safe,Research & Development
4170,13.4,0,Safe,Research & Development
4173,9.7,0,Safe,Research & Development
4175,9.7,0,Safe,Research & Development
4177,13.6,0,Safe,Research & Development
4178,13.4,0,Safe,Research & Development
4356,1.9,0,Safe,Research & Development
4358,3.7,0,Safe,Research & Development
4360,3.7,0,Safe,Research & Development
4361,3.7,0,Safe,Research & Development
4364,1.9,0,Safe,Research & Development
4366,3.7,0,Safe,Research & Development
4368,3.7,0,Safe,Research & Development
4369,3.7,0,Safe,Research & Development
6280,15.0,0,Safe,Sales
6282,14.3,0,Safe,Sales
6283,15.0,0,Safe,Sales
6284,14.3,0,Safe,Sales
6288,15.0,0,Safe,Sales
6290,14.3,0,Safe,Sales
6291,15.0,0,Safe,Sales
6292,14.3,0,Safe,Sales
6419,1.9,0,Safe,Sales
6421,3.6,0,Safe,Sales
6423,3.1,0,Safe,Sales
6424,3.4,0,Safe,Sales
6427,1.9,0,Safe,Sales
6429,3.6,0,Safe,Sales
6431,3.1,0,Safe,Sales
6432,3.4,0,Safe,Sales
7105,15.2,0,Safe,Sales
7107,18.5,0,Safe,Sales
7108,31.2,0,Safe,Sales
7109,37.5,0,Safe,Sales
7113,15.2,0,Safe,Sales
7115,18.5,0,Safe,Sales
7116,31.2,0,Safe,Sales
7117,37.5,0,Safe,Sales
7669,8.9,0,Safe,Sales
7672,15.1,0,Safe,Sales
7673,17.5,0,Safe,Sales
7674,16.5,0,Safe,Sales
7679,15.1,0,Safe,Sales
7680,17.5,0,Safe,Sales
7681,16.5,0,Safe,Sales
8231,6.5,0,Safe,Research & Development
8232,7.1,0,Safe,Research & Development
8234,5.4,0,Safe,Research & Development
8235,5.8,0,Safe,Research & Development
8239,6.5,0,Safe,Research & Development
8240,7.1,0,Safe,Research & Development
8242,5.4,0,Safe,Research & Development
8243,5.8,0,Safe,Research & Development
8278,2.2,0,Safe,Sales
8281,3.3,0,Safe,Sales
8282,2.5,0,Safe,Sales
8283,2.4,0,Safe,Sales
8286,2.2,0,Safe,Sales
8289,3.3,0,Safe,Sales
8290,2.5,0,Safe,Sales
8291,2.4,0,Safe,Sales
9043,7.8,0,Safe,Sales
9046,7.8,0,Safe,Sales
9047,4.7,0,Safe,Sales
9048,4.4,0,Safe,Sales
9051,7.8,0,Safe,Sales
9054,7.8,0,Safe,Sales
9055,4.7,0,Safe,Sales
9056,4.4,0,Safe,Sales
9923,22.5,0,Safe,Research & Development
9925,21.3,0,Safe,Research & Development
9927,20.3,0,Safe,Research & Development
9928,19.8,0,Safe,Research & Development
9931,22.5,0,Safe,Research & Development
9933,21.3,0,Safe,Research & Development
9935,20.3,0,Safe,Research & Development
9936,19.8,0,Safe,Research & Development
10175,14.8,0,Safe,Sales
10178,16.1,0,Safe,Sales
10179,13.9,0,Safe,Sales
10180,14.9,0,Safe,Sales
10183,14.8,0,Safe,Sales
10186,16.1,0,Safe,Sales
10187,13.9,0,Safe,Sales
10188,14.9,0,Safe,Sales
10239,10.5,0,Safe,Sales
10241,12.5,0,Safe,Sales
10243,10.5,0,Safe,Sales
10244,12.5,0,Safe,Sales
10247,10.5,0,Safe,Sales
10249,12.5,0,Safe,Sales
10251,10.5,0,Safe,Sales
10252,12.5,0,Safe,Sales
11383,6.2,0,Safe,Sales
11384,7.0,0,Safe,Sales
11386,4.3,0,Safe,Sales
11387,4.6,0,Safe,Sales
11391,6.2,0,Safe,Sales
11392,7.0,0,Safe,Sales
10442,4.3,0,Safe,Sales
11395,4.6,0,Safe,Sales
13230,1.9,0,Safe,Research & Development
13231,2.2,0,Safe,Research & Development
13233,2.2,0,Safe,Research & Development
13234,2.2,0,Safe,Research & Development
13238,1.9,0,Safe,Research & Development
13239,2.2,0,Safe,Research & Development
13241,2.2,0,Safe,Research & Development
13242,2.2,0,Safe,Research & Development
14181,17.6,0,Safe,Sales
14184,32.7,0,Safe,Sales
14185,29.7,0,Safe,Sales
14186,32.7,0,Safe,Sales
14189,17.6,0,Safe,Sales
14192,32.7,0,Safe,Sales
14193,29.7,0,Safe,Sales
14194,32.7,0,Safe,Sales
14959,12.0,0,Safe,Research & Development
14961,6.2,0,Safe,Research & Development
14963,12.0,0,Safe,Research & Development
14964,12.3,0,Safe,Research & Development
14967,12.0,0,Safe,Research & Development
14969,6.2,0,Safe,Research & Development
14971,12.0,0,Safe,Research & Development
14972,12.3,0,Safe,Research & Development
15168,14.3,0,Safe,Sales
15170,13.9,0,Safe,Sales
15171,15.9,0,Safe,Sales
15172,15.2,0,Safe,Sales
15176,14.3,0,Safe,Sales
15178,13.9,0,Safe,Sales
15179,15.9,0,Safe,Sales
15180,15.2,0,Safe,Sales
15461,3.9,0,Safe,Research & Development
15464,3.4,0,Safe,Research & Development
15465,4.8,0,Safe,Research & Development
15466,4.2,0,Safe,Research & Development
15469,3.9,0,Safe,Research & Development
15472,3.4,0,Safe,Research & Development
15473,4.8,0,Safe,Research & Development
15474,4.2,0,Safe,Research & Development
15588,1.9,0,Safe,Sales
15590,1.9,0,Safe,Sales
15591,1.9,0,Safe,Sales
15592,1.9,0,Safe,Sales
15596,1.9,0,Safe,Sales
15598,1.9,0,Safe,Sales
15599,1.9,0,Safe,Sales
15600,1.9,0,Safe,Sales
15855,5.5,0,Safe,Research & Development
15856,5.2,0,Safe,Research & Development
15858,5.5,0,Safe,Research & Development
15859,5.4,0,Safe,Research & Development
15863,5.5,0,Safe,Research & Development
15864,5.2,0,Safe,Research & Development
15866,5.5,0,Safe,Research & Development
15867,5.4,0,Safe,Research & Development
15902,23.2,0,Safe,Sales
15905,48.5,1,HIGH RISK,Sales
15906,47.7,1,HIGH RISK,Sales
15907,49.4,1,HIGH RISK,Sales
15910,23.2,0,Safe,Sales
15913,48.5,1,HIGH RISK,Sales
15914,47.7,1,HIGH RISK,Sales
15915,49.4,1,HIGH RISK,Sales
16062,5.6,0,Safe,Research & Development
16064,5.6,0,Safe,Research & Development
16066,9.2,0,Safe,Research & Development
16067,9.4,0,Safe,Research & Development
16070,5.6,0,Safe,Research & Development
16072,5.6,0,Safe,Research & Development
16074,9.2,0,Safe,Research & Development
16075,9.4,0,Safe,Research & Development
17401,2.7,0,Safe,Research & Development
17402,2.9,0,Safe,Research & Development
17404,2.0,0,Safe,Research & Development
17405,1.9,0,Safe,Research & Development
17409,2.7,0,Safe,Research & Development
17410,2.9,0,Safe,Research & Development
17412,2.0,0,Safe,Research & Development
17413,1.9,0,Safe,Research & Development
17542,9.8,0,Safe,Research & Development
17544,5.3,0,Safe,Research & Development
17545,5.2,0,Safe,Research & Development
17546,5.1,0,Safe,Research & Development
17550,9.8,0,Safe,Research & Development
17552,5.3,0,Safe,Research & Development
17553,5.2,0,Safe,Research & Development
17554,5.1,0,Safe,Research & Development
18768,1.0,0,Safe,Research & Development
18770,1.0,0,Safe,Research & Development
18772,2.7,0,Safe,Research & Development
18773,2.7,0,Safe,Research & Development
18776,1.0,0,Safe,Research & Development
18778,1.0,0,Safe,Research & Development
18780,2.7,0,Safe,Research & Development
18781,2.7,0,Safe,Research & Development
20604,6.2,0,Safe,Sales
20606,3.3,0,Safe,Sales
20607,5.7,0,Safe,Sales
20608,6.0,0,Safe,Sales
20612,6.2,0,Safe,Sales
20614,3.3,0,Safe,Sales
20615,5.7,0,Safe,Sales
20616,6.0,0,Safe,Sales
21323,4.3,0,Safe,Research & Development
21324,5.5,0,Safe,Research & Development
21326,4.3,0,Safe,Research & Development
21327,5.5,0,Safe,Research & Development
21331,4.3,0,Safe,Research & Development
21332,5.5,0,Safe,Research & Development
21334,4.3,0,Safe,Research & Development
21335,5.5,0,Safe,Research & Development
21339,0.6,0,Safe,Sales
21340,0.3,0,Safe,Sales
21342,1.3,0,Safe,Sales
21343,1.3,0,Safe,Sales
21347,0.6,0,Safe,Sales
21348,0.3,0,Safe,Sales
21350,1.3,0,Safe,Sales
21351,1.3,0,Safe,Sales
22563,12.0,0,Safe,Human Resources
22565,11.9,0,Safe,Human Resources
22567,12.0,0,Safe,Human Resources
22568,11.9,0,Safe,Human Resources
22571,12.0,0,Safe,Human Resources
22573,11.9,0,Safe,Human Resources
22575,12.0,0,Safe,Human Resources
22576,11.9,0,Safe,Human Resources
22595,4.1,0,Safe,Research & Development
22598,3.0,0,Safe,Research & Development
22599,6.2,0,Safe,Research & Development
22600,6.1,0,Safe,Research & Development
22603,4.1,0,Safe,Research & Development
22606,3.0,0,Safe,Research & Development
22607,6.2,0,Safe,Research & Development
22608,6.1,0,Safe,Research & Development
22792,1.4,0,Safe,Research & Development
22793,1.4,0,Safe,Research & Development
22795,1.4,0,Safe,Research & Development
22796,1.4,0,Safe,Research & Development
22800,1.4,0,Safe,Research & Development
22801,1.4,0,Safe,Research & Development
22803,1.4,0,Safe,Research & Development
22804,1.4,0,Safe,Research & Development
22920,2.5,0,Safe,Sales
22922,3.4,0,Safe,Sales
22924,2.5,0,Safe,Sales
22925,2.5,0,Safe,Sales
22928,2.5,0,Safe,Sales
22930,3.4,0,Safe,Sales
22932,2.5,0,Safe,Sales
22933,2.5,0,Safe,Sales
310,70.0,1,HIGH RISK,Research & Development
313,66.0,1,HIGH RISK,Research & Development
314,70.0,1,HIGH RISK,Research & Development
315,66.0,1,HIGH RISK,Research & Development
318,70.0,1,HIGH RISK,Research & Development
319,10.6,0,Safe,Research & Development
322,27.7,0,Safe,Research & Development
328,66.0,1,HIGH RISK,Research & Development
329,70.0,1,HIGH RISK,Research & Development
330,66.0,1,HIGH RISK,Research & Development
694,69.1,1,HIGH RISK,Research & Development
696,52.1,1,HIGH RISK,Research & Development
697,69.1,1,HIGH RISK,Research & Development
698,72.1,1,HIGH RISK,Research & Development
702,69.1,1,HIGH RISK,Research & Development
704,52.1,1,HIGH RISK,Research & Development
705,69.1,1,HIGH RISK,Research & Development
706,72.1,1,HIGH RISK,Research & Development
951,28.1,0,Safe,Research & Development
954,28.1,0,Safe,Research & Development
955,28.1,0,Safe,Research & Development
956,28.1,0,Safe,Research & Development
959,28.1,0,Safe,Research & Development
962,28.1,0,Safe,Research & Development
963,28.1,0,Safe,Research & Development
964,28.1,0,Safe,Research & Development
2273,61.5,1,HIGH RISK,Research & Development
2274,55.4,1,HIGH RISK,Research & Development
2276,61.5,1,HIGH RISK,Research & Development
2277,55.4,1,HIGH RISK,Research & Development
2281,61.5,1,HIGH RISK,Research & Development
2092,55.4,1,HIGH RISK,Research & Development
2284,61.5,1,HIGH RISK,Research & Development
2285,55.4,1,HIGH RISK,Research & Development
3990,20.6,0,Safe,Research & Development
3992,19.1,0,Safe,Research & Development
3993,20.6,0,Safe,Research & Development
3994,19.1,0,Safe,Research & Development
3998,20.6,0,Safe,Research & Development
4000,19.1,0,Safe,Research & Development
4001,20.6,0,Safe,Research & Development
4002,19.1,0,Safe,Research & Development
4308,32.5,0,Safe,Research & Development
4310,30.9,0,Safe,Research & Development
4314,32.5,0,Safe,Research & Development
4315,30.9,0,Safe,Research & Development
4316,32.5,0,Safe,Research & Development
4318,30.9,0,Safe,Research & Development
4322,32.5,0,Safe,Research & Development
4323,30.9,0,Safe,Research & Development
5246,44.1,1,HIGH RISK,Research & Development
5248,45.3,1,HIGH RISK,Research & Development
5252,44.1,1,HIGH RISK,Research & Development
5253,45.3,1,HIGH RISK,Research & Development
5254,44.1,1,HIGH RISK,Research & Development
5256,45.3,1,HIGH RISK,Research & Development
5260,44.1,1,HIGH RISK,Research & Development
5261,45.3,1,HIGH RISK,Research & Development
5988,62.4,1,HIGH RISK,Research & Development
5990,84.0,1,HIGH RISK,Research & Development
5993,70.9,1,HIGH RISK,Research & Development
5994,84.0,1,HIGH RISK,Research & Development
5996,62.4,1,HIGH RISK,Research & Development
5998,84.0,1,HIGH RISK,Research & Development
6001,70.9,1,HIGH RISK,Research & Development
6002,84.0,1,HIGH RISK,Research & Development
8673,24.0,0,Safe,Research & Development
8675,21.3,0,Safe,Research & Development
8677,24.0,0,Safe,Research & Development
8678,21.3,0,Safe,Research & Development
8681,24.0,0,Safe,Research & Development
8682,10.7,0,Safe,Research & Development
8683,15.5,0,Safe,Research & Development
8685,21.3,0,Safe,Research & Development
8687,24.0,0,Safe,Research & Development
8688,21.3,0,Safe,Research & Development
9604,32.1,0,Safe,Research & Development
9607,17.0,0,Safe,Research & Development
9608,32.1,0,Safe,Research & Development
9609,33.2,0,Safe,Research & Development
9612,32.1,0,Safe,Research & Development
9615,33.2,0,Safe,Research & Development
9616,32.1,0,Safe,Research & Development
9617,33.2,0,Safe,Research & Development
12467,80.5,1,HIGH RISK,Sales
12469,80.5,1,HIGH RISK,Sales
12472,80.5,1,HIGH RISK,Sales
12473,80.5,1,HIGH RISK,Sales
12475,80.5,1,HIGH RISK,Sales
12477,80.5,1,HIGH RISK,Sales
12480,80.5,1,HIGH RISK,Sales
12481,80.5,1,HIGH RISK,Sales
12514,54.5,1,HIGH RISK,Research & Development
12517,52.5,1,HIGH RISK,Research & Development
12518,54.5,1,HIGH RISK,Research & Development
12519,52.5,1,HIGH RISK,Research & Development
12522,54.5,1,HIGH RISK,Research & Development
12525,52.5,1,HIGH RISK,Research & Development
12526,54.5,1,HIGH RISK,Research & Development
12527,52.5,1,HIGH RISK,Research & Development
12831,31.9,0,Safe,Research & Development
12833,31.9,0,Safe,Research & Development
12835,31.9,0,Safe,Research & Development
12836,31.9,0,Safe,Research & Development
12839,31.9,0,Safe,Research & Development
12841,31.9,0,Safe,Research & Development
12843,31.9,0,Safe,Research & Development
12844,31.9,0,Safe,Research & Development
13500,50.9,1,HIGH RISK,Research & Development
13503,50.9,1,HIGH RISK,Research & Development
13506,50.9,1,HIGH RISK,Research & Development
13507,50.9,1,HIGH RISK,Research & Development
13508,50.9,1,HIGH RISK,Research & Development
13511,50.9,1,HIGH RISK,Research & Development
13514,50.9,1,HIGH RISK,Research & Development
13515,50.9,1,HIGH RISK,Research & Development
14432,9.3,0,Safe,Research & Development
14434,9.7,0,Safe,Research & Development
14435,8.4,0,Safe,Research & Development
14436,8.3,0,Safe,Research & Development
14440,9.3,0,Safe,Research & Development
14442,9.7,0,Safe,Research & Development
14443,8.4,0,Safe,Research & Development
14444,8.3,0,Safe,Research & Development
15744,11.0,0,Safe,Research & Development
15746,10.2,0,Safe,Research & Development
15747,11.0,0,Safe,Research & Development
15748,10.2,0,Safe,Research & Development
15752,11.0,0,Safe,Research & Development
15754,10.2,0,Safe,Research & Development
15755,11.0,0,Safe,Research & Development
15756,10.2,0,Safe,Research & Development
16793,5.5,0,Safe,Research & Development
16796,5.5,0,Safe,Research & Development
16797,4.8,0,Safe,Research & Development
16801,5.5,0,Safe,Research & Development
16802,4.8,0,Safe,Research & Development
16804,5.5,0,Safe,Research & Development
16805,4.8,0,Safe,Research & Development
16903,33.1,0,Safe,Sales
16905,36.5,0,Safe,Sales
16907,33.1,0,Safe,Sales
16908,36.5,0,Safe,Sales
16911,33.1,0,Safe,Sales
16913,36.5,0,Safe,Sales
16915,33.1,0,Safe,Sales
16916,36.5,0,Safe,Sales
17093,31.4,0,Safe,Research & Development
17095,36.8,0,Safe,Research & Development
17097,42.6,0,Safe,Research & Development
17098,36.8,0,Safe,Research & Development
17101,31.4,0,Safe,Research & Development
17103,36.8,0,Safe,Research & Development
17105,42.6,0,Safe,Research & Development
17106,36.8,0,Safe,Research & Development
18018,16.4,0,Safe,Research & Development
18019,16.4,0,Safe,Research & Development
18023,16.4,0,Safe,Research & Development
18024,16.4,0,Safe,Research & Development
18026,16.4,0,Safe,Research & Development
18027,16.4,0,Safe,Research & Development
18031,16.4,0,Safe,Research & Development
18032,16.4,0,Safe,Research & Development
18156,39.5,0,Safe,Research & Development
18159,39.5,0,Safe,Research & Development
18160,39.5,0,Safe,Research & Development
18161,39.5,0,Safe,Research & Development
18166,39.5,0,Safe,Research & Development
18167,39.5,0,Safe,Research & Development
18168,39.5,0,Safe,Research & Development
18246,46.8,1,HIGH RISK,Research & Development
18248,30.8,0,Safe,Research & Development
18249,46.8,1,HIGH RISK,Research & Development
18250,46.8,1,HIGH RISK,Research & Development
18253,46.8,1,HIGH RISK,Research & Development
18255,30.8,0,Safe,Research & Development
18256,46.8,1,HIGH RISK,Research & Development
18257,46.8,1,HIGH RISK,Research & Development
21417,4.1,0,Safe,Research & Development
21418,4.6,0,Safe,Research & Development
21420,4.1,0,Safe,Research & Development
21421,4.6,0,Safe,Research & Development
21425,4.1,0,Safe,Research & Development
21426,4.6,0,Safe,Research & Development
21428,4.1,0,Safe,Research & Development
21429,4.6,0,Safe,Research & Development
21886,63.0,1,HIGH RISK,Sales
21889,66.1,1,HIGH RISK,Sales
21892,63.0,1,HIGH RISK,Sales
21893,66.1,1,HIGH RISK,Sales
21894,63.0,1,HIGH RISK,Sales
21897,66.1,1,HIGH RISK,Sales
21900,63.0,1,HIGH RISK,Sales
21901,66.1,1,HIGH RISK,Sales
22439,45.8,1,HIGH RISK,Research & Development
22441,50.1,1,HIGH RISK,Research & Development
22442,45.8,1,HIGH RISK,Research & Development
22443,50.1,1,HIGH RISK,Research & Development
22447,45.8,1,HIGH RISK,Research & Development
22449,50.1,1,HIGH RISK,Research & Development
22450,45.8,1,HIGH RISK,Research & Development
22451,50.1,1,HIGH RISK,Research & Development
22905,5.4,0,Safe,Sales
Test,5.4,0,Safe,Sales
22908,5.4,0,Safe,Sales
22909,5.4,0,Safe,Sales
22913,5.4,0,Safe,Sales
22914,5.4,0,Safe,Sales
22916,5.4,0,Safe,Sales
22917,5.4,0,Safe,Sales
105,5.9,0,Safe,Research & Development
1660,13.4,0,Safe,Sales
1662,13.6,0,Safe,Sales
1664,13.4,0,Safe,Sales
1665,13.6,0,Safe,Sales
1668,13.4,0,Safe,Sales
1670,13.6,0,Safe,Sales
1672,13.4,0,Safe,Sales
1673,13.6,0,Safe,Sales
2462,2.5,0,Safe,Research & Development
2463,2.3,0,Safe,Research & Development
2465,1.5,0,Safe,Research & Development
2466,1.4,0,Safe,Research & Development
2470,2.5,0,Safe,Research & Development
2471,2.3,0,Safe,Research & Development
2473,1.5,0,Safe,Research & Development
2474,1.4,0,Safe,Research & Development
2673,7.3,0,Safe,Research & Development
2676,7.6,0,Safe,Research & Development
2679,7.3,0,Safe,Research & Development
2680,7.6,0,Safe,Research & Development
2681,7.3,0,Safe,Research & Development
2683,7.6,0,Safe,Research & Development
2686,7.3,0,Safe,Research & Development
2687,7.6,0,Safe,Research & Development
2929,0.7,0,Safe,Sales
2931,0.6,0,Safe,Sales
2932,0.4,0,Safe,Sales
2933,0.3,0,Safe,Sales
2937,0.7,0,Safe,Sales
2939,0.6,0,Safe,Sales
2940,0.4,0,Safe,Sales
2941,0.3,0,Safe,Sales
4442,0.5,0,Safe,Research & Development
4445,0.5,0,Safe,Research & Development
4446,0.4,0,Safe,Research & Development
4447,0.4,0,Safe,Research & Development
4450,0.5,0,Safe,Research & Development
4453,0.9,0,Safe,Research & Development
4454,0.4,0,Safe,Research & Development
4455,0.4,0,Safe,Research & Development
4719,2.1,0,Safe,Research & Development
4721,2.5,0,Safe,Research & Development
4723,1.4,0,Safe,Research & Development
4724,1.5,0,Safe,Research & Development
4728,2.5,0,Safe,Research & Development
4730,1.4,0,Safe,Research & Development
4731,1.5,0,Safe,Research & Development
4913,34.3,0,Safe,Research & Development
4916,34.3,0,Safe,Research & Development
4919,34.3,0,Safe,Research & Development
4920,34.3,0,Safe,Research & Development
4921,34.3,0,Safe,Research & Development
4924,34.3,0,Safe,Research & Development
4927,34.3,0,Safe,Research & Development
4928,34.3,0,Safe,Research & Development
5639,29.2,0,Safe,Research & Development
5640,16.7,0,Safe,Research & Development
5642,29.2,0,Safe,Research & Development
5643,29.2,0,Safe,Research & Development
5647,29.2,0,Safe,Research & Development
5648,16.7,0,Safe,Research & Development
5650,29.2,0,Safe,Research & Development
5651,29.2,0,Safe,Research & Development
5845,10.9,0,Safe,Research & Development
5846,11.2,0,Safe,Research & Development
5848,20.8,0,Safe,Research & Development
5849,20.5,0,Safe,Research & Development
5853,10.9,0,Safe,Research & Development
5854,11.2,0,Safe,Research & Development
5856,20.8,0,Safe,Research & Development
5857,20.5,0,Safe,Research & Development
5893,2.1,0,Safe,Research & Development
5894,2.0,0,Safe,Research & Development
5896,1.3,0,Safe,Research & Development
5897,1.3,0,Safe,Research & Development
5901,2.1,0,Safe,Research & Development
5902,2.0,0,Safe,Research & Development
5904,1.3,0,Safe,Research & Development
5905,1.3,0,Safe,Research & Development
6051,25.4,0,Safe,Sales
6054,27.3,0,Safe,Sales
6055,25.4,0,Safe,Sales
6056,27.3,0,Safe,Sales
6059,25.4,0,Safe,Sales
6062,27.3,0,Safe,Sales
6063,25.4,0,Safe,Sales
6064,27.3,0,Safe,Sales
6530,6.1,0,Safe,Research & Development
6533,6.1,0,Safe,Research & Development
6536,6.1,0,Safe,Research & Development
6537,6.1,0,Safe,Research & Development
6538,6.1,0,Safe,Research & Development
6541,6.1,0,Safe,Research & Development
6544,6.1,0,Safe,Research & Development
6545,6.1,0,Safe,Research & Development
6626,10.5,0,Safe,Research & Development
6628,8.7,0,Safe,Research & Development
6629,6.9,0,Safe,Research & Development
6630,6.1,0,Safe,Research & Development
6634,10.5,0,Safe,Research & Development
6636,8.7,0,Safe,Research & Development
6637,6.9,0,Safe,Research & Development
6638,6.1,0,Safe,Research & Development
6687,7.1,0,Safe,Research & Development
6689,11.7,0,Safe,Research & Development
6692,11.3,0,Safe,Research & Development
6693,11.7,0,Safe,Research & Development
6694,7.1,0,Safe,Research & Development
6696,11.7,0,Safe,Research & Development
6699,11.3,0,Safe,Research & Development
6700,11.7,0,Safe,Research & Development
7015,3.1,0,Safe,Sales
7017,7.7,0,Safe,Sales
7018,8.2,0,Safe,Sales
7019,7.7,0,Safe,Sales
7022,3.1,0,Safe,Sales
7024,7.7,0,Safe,Sales
7025,8.2,0,Safe,Sales
7026,7.7,0,Safe,Sales
7510,5.4,0,Safe,Research & Development
7511,5.3,0,Safe,Research & Development
7513,5.4,0,Safe,Research & Development
7514,5.3,0,Safe,Research & Development
7518,5.4,0,Safe,Research & Development
7519,5.3,0,Safe,Research & Development
7521,5.4,0,Safe,Research & Development
7522,5.3,0,Safe,Research & Development
7526,6.5,0,Safe,Sales
7527,5.8,0,Safe,Sales
7529,6.5,0,Safe,Sales
7530,5.8,0,Safe,Sales
7534,6.5,0,Safe,Sales
7535,5.8,0,Safe,Sales
7537,6.5,0,Safe,Sales
7538,5.8,0,Safe,Sales
7558,5.6,0,Safe,Research & Development
7560,5.0,0,Safe,Research & Development
7561,5.6,0,Safe,Research & Development
7562,5.0,0,Safe,Research & Development
7566,5.6,0,Safe,Research & Development
7568,5.0,0,Safe,Research & Development
7569,5.6,0,Safe,Research & Development
7570,5.0,0,Safe,Research & Development
8965,1.7,0,Safe,Research & Development
8966,2.7,0,Safe,Research & Development
8968,2.7,0,Safe,Research & Development
8969,2.7,0,Safe,Research & Development
8973,1.7,0,Safe,Research & Development
8974,2.7,0,Safe,Research & Development
8976,2.7,0,Safe,Research & Development
8977,2.7,0,Safe,Research & Development
9223,22.9,0,Safe,Human Resources
9225,22.9,0,Safe,Human Resources
9226,22.9,0,Safe,Human Resources
9227,22.9,0,Safe,Human Resources
9231,22.9,0,Safe,Human Resources
9233,22.9,0,Safe,Human Resources
9234,22.9,0,Safe,Human Resources
9235,22.9,0,Safe,Human Resources
9477,4.3,0,Safe,Sales
9478,2.1,0,Safe,Sales
9480,4.3,0,Safe,Sales
9481,4.6,0,Safe,Sales
9485,4.3,0,Safe,Sales
9486,2.1,0,Safe,Sales
9488,4.3,0,Safe,Sales
9489,4.6,0,Safe,Sales
9828,24.8,0,Safe,Sales
9831,26.5,0,Safe,Sales
9832,8.8,0,Safe,Sales
9833,9.3,0,Safe,Sales
9836,24.8,0,Safe,Sales
9839,26.5,0,Safe,Sales
9840,8.8,0,Safe,Sales
9841,9.3,0,Safe,Sales
10096,0.9,0,Safe,Human Resources
10099,0.9,0,Safe,Human Resources
10024,0.9,0,Safe,Human Resources
10101,0.9,0,Safe,Human Resources
10104,0.9,0,Safe,Human Resources
10107,0.9,0,Safe,Human Resources
10108,0.9,0,Safe,Human Resources
10109,0.9,0,Safe,Human Resources
10578,6.6,0,Safe,Sales
10580,6.6,0,Safe,Sales
10582,6.6,0,Safe,Sales
10583,6.6,0,Safe,Sales
10586,6.6,0,Safe,Sales
10589,6.6,0,Safe,Sales
10591,6.6,0,Safe,Sales
10592,6.6,0,Safe,Sales
10731,1.7,0,Safe,Research & Development
10734,1.7,0,Safe,Research & Development
10737,1.7,0,Safe,Research & Development
10738,1.7,0,Safe,Research & Development
10739,1.7,0,Safe,Research & Development
10743,1.7,0,Safe,Research & Development
10442,1.7,0,Safe,Research & Development
10747,1.7,0,Safe,Research & Development
11307,8.8,0,Safe,Sales
11308,5.4,0,Safe,Sales
11310,8.8,0,Safe,Sales
11311,8.4,0,Safe,Sales
11315,8.8,0,Safe,Sales
11316,5.4,0,Safe,Sales
11318,8.8,0,Safe,Sales
11319,8.4,0,Safe,Sales
12253,13.0,0,Safe,Sales
12255,24.1,0,Safe,Sales
12257,9.0,0,Safe,Sales
12258,14.2,0,Safe,Sales
12261,13.0,0,Safe,Sales
12263,24.1,0,Safe,Sales
12265,9.0,0,Safe,Sales
12266,14.2,0,Safe,Sales
12640,12.6,0,Safe,Research & Development
12642,18.4,0,Safe,Research & Development
12644,18.4,0,Safe,Research & Development
12645,18.4,0,Safe,Research & Development
12078,12.6,0,Safe,Research & Development
12650,18.4,0,Safe,Research & Development
12652,18.4,0,Safe,Research & Development
12653,18.4,0,Safe,Research & Development
12719,4.9,0,Safe,Research & Development
12722,9.6,0,Safe,Research & Development
12723,9.6,0,Safe,Research & Development
12724,9.6,0,Safe,Research & Development
12727,4.9,0,Safe,Research & Development
12730,9.6,0,Safe,Research & Development
12731,9.6,0,Safe,Research & Development
12732,9.6,0,Safe,Research & Development
12975,3.4,0,Safe,Research & Development
12977,8.1,0,Safe,Research & Development
12979,7.6,0,Safe,Research & Development
12980,8.1,0,Safe,Research & Development
12983,3.4,0,Safe,Research & Development
12985,8.1,0,Safe,Research & Development
12987,7.6,0,Safe,Research & Development
12988,8.1,0,Safe,Research & Development
13134,32.0,0,Safe,Research & Development
13136,33.5,0,Safe,Research & Development
13138,32.0,0,Safe,Research & Development
13139,33.5,0,Safe,Research & Development
13142,32.0,0,Safe,Research & Development
13144,33.5,0,Safe,Research & Development
13146,32.0,0,Safe,Research & Development
13147,33.5,0,Safe,Research & Development
13183,19.3,0,Safe,Sales
13185,17.3,0,Safe,Sales
13186,19.3,0,Safe,Sales
13187,17.3,0,Safe,Sales
13191,19.3,0,Safe,Sales
13193,17.3,0,Safe,Sales
13194,19.3,0,Safe,Sales
13195,17.3,0,Safe,Sales
13261,4.5,0,Safe,Research & Development
13264,4.1,0,Safe,Research & Development
13265,4.5,0,Safe,Research & Development
13266,5.4,0,Safe,Research & Development
13269,4.5,0,Safe,Research & Development
13272,4.1,0,Safe,Research & Development
13273,4.5,0,Safe,Research & Development
13274,5.4,0,Safe,Research & Development
13517,5.1,0,Safe,Research & Development
13519,5.1,0,Safe,Research & Development
13522,3.6,0,Safe,Research & Development
13523,3.6,0,Safe,Research & Development
13525,5.1,0,Safe,Research & Development
13527,5.1,0,Safe,Research & Development
13530,3.6,0,Safe,Research & Development
13531,3.6,0,Safe,Research & Development
13911,7.9,0,Safe,Research & Development
13914,4.0,0,Safe,Research & Development
13915,7.9,0,Safe,Research & Development
13916,7.9,0,Safe,Research & Development
13919,7.9,0,Safe,Research & Development
13922,4.0,0,Safe,Research & Development
13923,7.9,0,Safe,Research & Development
13924,7.9,0,Safe,Research & Development
14182,3.2,0,Safe,Research & Development
14183,6.0,0,Safe,Research & Development
14187,5.5,0,Safe,Research & Development
14188,6.0,0,Safe,Research & Development
14190,3.2,0,Safe,Research & Development
14191,6.0,0,Safe,Research & Development
14195,5.5,0,Safe,Research & Development
14196,6.0,0,Safe,Research & Development
14352,18.8,0,Safe,Research & Development
14353,32.8,0,Safe,Research & Development
14355,34.6,0,Safe,Research & Development
14356,32.8,0,Safe,Research & Development
14360,18.8,0,Safe,Research & Development
14361,32.8,0,Safe,Research & Development
14363,34.6,0,Safe,Research & Development
14364,32.8,0,Safe,Research & Development
14753,7.0,0,Safe,Research & Development
14755,7.0,0,Safe,Research & Development
14757,7.0,0,Safe,Research & Development
14758,7.0,0,Safe,Research & Development
14761,7.0,0,Safe,Research & Development
14763,7.0,0,Safe,Research & Development
14765,7.0,0,Safe,Research & Development
14766,7.0,0,Safe,Research & Development
14849,1.8,0,Safe,Research & Development
14851,1.6,0,Safe,Research & Development
14852,1.8,0,Safe,Research & Development
14853,1.6,0,Safe,Research & Development
14857,1.8,0,Safe,Research & Development
14859,1.6,0,Safe,Research & Development
14860,1.8,0,Safe,Research & Development
14861,1.6,0,Safe,Research & Development
14880,5.8,0,Safe,Research & Development
14882,5.8,0,Safe,Research & Development
14884,5.8,0,Safe,Research & Development
14885,5.8,0,Safe,Research & Development
14888,5.8,0,Safe,Research & Development
14890,5.8,0,Safe,Research & Development
14892,5.8,0,Safe,Research & Development
14893,5.8,0,Safe,Research & Development
14944,3.5,0,Safe,Research & Development
14946,7.6,0,Safe,Research & Development
14948,7.6,0,Safe,Research & Development
14949,7.6,0,Safe,Research & Development
14952,3.5,0,Safe,Research & Development
14954,7.6,0,Safe,Research & Development
14956,7.6,0,Safe,Research & Development
14957,7.6,0,Safe,Research & Development
15119,5.0,0,Safe,Research & Development
15121,5.0,0,Safe,Research & Development
15123,5.0,0,Safe,Research & Development
15124,5.0,0,Safe,Research & Development
15127,5.0,0,Safe,Research & Development
15129,5.0,0,Safe,Research & Development
15131,5.0,0,Safe,Research & Development
15132,5.0,0,Safe,Research & Development
15759,16.8,0,Safe,Sales
15762,19.2,0,Safe,Sales
15763,16.8,0,Safe,Sales
15764,19.2,0,Safe,Sales
15767,16.8,0,Safe,Sales
15770,19.2,0,Safe,Sales
15771,16.8,0,Safe,Sales
15772,19.2,0,Safe,Sales
15935,5.3,0,Safe,Human Resources
15937,4.1,0,Safe,Human Resources
15938,5.3,0,Safe,Human Resources
15939,6.3,0,Safe,Human Resources
15943,5.3,0,Safe,Human Resources
15945,4.1,0,Safe,Human Resources
15946,5.3,0,Safe,Human Resources
15947,6.3,0,Safe,Human Resources
16031,2.3,0,Safe,Sales
16032,2.7,0,Safe,Sales
16034,2.7,0,Safe,Sales
16035,2.7,0,Safe,Sales
16039,2.3,0,Safe,Sales
16040,2.7,0,Safe,Sales
16042,2.7,0,Safe,Sales
16043,2.7,0,Safe,Sales
16063,0.8,0,Safe,Research & Development
16065,0.8,0,Safe,Research & Development
16068,0.8,0,Safe,Research & Development
16069,0.8,0,Safe,Research & Development
16071,0.8,0,Safe,Research & Development
16073,0.8,0,Safe,Research & Development
16076,0.8,0,Safe,Research & Development
16077,0.8,0,Safe,Research & Development
16570,7.3,0,Safe,Sales
16572,5.1,0,Safe,Sales
16573,7.3,0,Safe,Sales
16574,5.1,0,Safe,Sales
16578,7.3,0,Safe,Sales
16580,5.1,0,Safe,Sales
16581,7.3,0,Safe,Sales
16582,5.1,0,Safe,Sales
16665,5.8,0,Safe,Sales
16668,6.7,0,Safe,Sales
16669,5.8,0,Safe,Sales
16670,6.7,0,Safe,Sales
16673,5.8,0,Safe,Sales
16676,6.7,0,Safe,Sales
16677,5.8,0,Safe,Sales
16678,6.7,0,Safe,Sales
16825,3.5,0,Safe,Research & Development
16827,3.3,0,Safe,Research & Development
16828,3.6,0,Safe,Research & Development
16829,3.3,0,Safe,Research & Development
16833,3.5,0,Safe,Research & Development
16835,3.3,0,Safe,Research & Development
16836,3.6,0,Safe,Research & Development
16837,3.3,0,Safe,Research & Development
17109,39.8,0,Safe,Research & Development
17110,13.4,0,Safe,Research & Development
17111,32.8,0,Safe,Research & Development
17112,12.3,0,Safe,Research & Development
17113,39.8,0,Safe,Research & Development
17114,13.4,0,Safe,Research & Development
17115,38.3,0,Safe,Research & Development
17116,12.3,0,Safe,Research & Development
17117,39.8,0,Safe,Research & Development
17118,13.4,0,Safe,Research & Development
17119,32.8,0,Safe,Research & Development
17120,12.3,0,Safe,Research & Development
17121,39.8,0,Safe,Research & Development
17122,13.4,0,Safe,Research & Development
17123,38.3,0,Safe,Research & Development
17124,12.3,0,Safe,Research & Development
17125,2.7,0,Safe,Sales
17127,3.1,0,Safe,Sales
17129,2.7,0,Safe,Sales
17130,3.1,0,Safe,Sales
17133,2.7,0,Safe,Sales
17135,3.1,0,Safe,Sales
17137,2.7,0,Safe,Sales
17138,3.1,0,Safe,Sales
17173,3.0,0,Safe,Research & Development
17176,3.0,0,Safe,Research & Development
17177,3.0,0,Safe,Research & Development
17178,3.0,0,Safe,Research & Development
17181,3.0,0,Safe,Research & Development
17184,3.0,0,Safe,Research & Development
17185,3.0,0,Safe,Research & Development
17186,3.0,0,Safe,Research & Development
17321,4.4,0,Safe,Research & Development
17322,4.8,0,Safe,Research & Development
17326,4.4,0,Safe,Research & Development
17327,4.8,0,Safe,Research & Development
17329,4.4,0,Safe,Research & Development
17330,4.8,0,Safe,Research & Development
17334,4.4,0,Safe,Research & Development
17335,4.8,0,Safe,Research & Development
17851,1.7,0,Safe,Sales
17852,1.7,0,Safe,Sales
17854,1.7,0,Safe,Sales
17855,1.7,0,Safe,Sales
17861,1.7,0,Safe,Sales
17863,1.7,0,Safe,Sales
17864,1.7,0,Safe,Sales
18335,1.5,0,Safe,Research & Development
18337,2.7,0,Safe,Research & Development
18338,3.2,0,Safe,Research & Development
18339,2.7,0,Safe,Research & Development
18342,1.5,0,Safe,Research & Development
18344,2.7,0,Safe,Research & Development
18345,3.2,0,Safe,Research & Development
18346,2.7,0,Safe,Research & Development
18386,10.3,0,Safe,Research & Development
18389,18.9,0,Safe,Research & Development
18390,10.3,0,Safe,Research & Development
18391,11.0,0,Safe,Research & Development
18394,10.3,0,Safe,Research & Development
18397,18.9,0,Safe,Research & Development
18398,10.3,0,Safe,Research & Development
18399,11.0,0,Safe,Research & Development
19315,2.9,0,Safe,Research & Development
19316,2.9,0,Safe,Research & Development
19318,2.9,0,Safe,Research & Development
19319,2.9,0,Safe,Research & Development
19323,2.9,0,Safe,Research & Development
19324,2.9,0,Safe,Research & Development
19326,2.9,0,Safe,Research & Development
19327,2.9,0,Safe,Research & Development
19427,15.3,0,Safe,Sales
19429,18.4,0,Safe,Sales
19430,15.3,0,Safe,Sales
19431,18.4,0,Safe,Sales
19435,15.3,0,Safe,Sales
19437,18.4,0,Safe,Sales
19438,15.3,0,Safe,Sales
19439,18.4,0,Safe,Sales
19635,8.3,0,Safe,Research & Development
19637,6.6,0,Safe,Research & Development
19638,8.3,0,Safe,Research & Development
19639,6.6,0,Safe,Research & Development
19643,8.3,0,Safe,Research & Development
19645,6.6,0,Safe,Research & Development
19646,8.3,0,Safe,Research & Development
19647,6.6,0,Safe,Research & Development
20507,0.9,0,Safe,Research & Development
20509,1.0,0,Safe,Research & Development
20511,0.9,0,Safe,Research & Development
20512,1.0,0,Safe,Research & Development
20515,0.9,0,Safe,Research & Development
20517,1.0,0,Safe,Research & Development
20519,0.9,0,Safe,Research & Development
20520,1.0,0,Safe,Research & Development
20828,4.9,0,Safe,Research & Development
20830,3.8,0,Safe,Research & Development
20831,4.9,0,Safe,Research & Development
20832,3.8,0,Safe,Research & Development
20836,4.9,0,Safe,Research & Development
20838,3.8,0,Safe,Research & Development
20839,4.9,0,Safe,Research & Development
20840,3.8,0,Safe,Research & Development
20891,8.2,0,Safe,Research & Development
20893,8.2,0,Safe,Research & Development
20895,4.3,0,Safe,Research & Development
20896,4.0,0,Safe,Research & Development
20899,8.2,0,Safe,Research & Development
20901,8.2,0,Safe,Research & Development
20903,4.3,0,Safe,Research & Development
20904,4.0,0,Safe,Research & Development
21146,7.2,0,Safe,Human Resources
21148,6.7,0,Safe,Human Resources
21150,7.2,0,Safe,Human Resources
21151,6.7,0,Safe,Human Resources
21154,7.2,0,Safe,Human Resources
21156,6.7,0,Safe,Human Resources
21158,7.2,0,Safe,Human Resources
21159,6.7,0,Safe,Human Resources
21368,5.0,0,Safe,Sales
21370,4.7,0,Safe,Sales
21374,5.0,0,Safe,Sales
21375,4.7,0,Safe,Sales
21376,5.0,0,Safe,Sales
21378,4.7,0,Safe,Sales
21382,5.0,0,Safe,Sales
21383,4.7,0,Safe,Sales
21806,5.2,0,Safe,Sales
21808,6.6,0,Safe,Sales
21810,6.5,0,Safe,Sales
21811,6.6,0,Safe,Sales
21814,5.2,0,Safe,Sales
21816,6.6,0,Safe,Sales
21818,6.5,0,Safe,Sales
21819,6.6,0,Safe,Sales
22085,1.0,0,Safe,Research & Development
22087,1.1,0,Safe,Research & Development
22091,2.0,0,Safe,Research & Development
22092,2.2,0,Safe,Research & Development
22093,1.0,0,Safe,Research & Development
22095,1.1,0,Safe,Research & Development
22099,2.0,0,Safe,Research & Development
22100,2.2,0,Safe,Research & Development
22696,9.8,0,Safe,Research & Development
22697,4.4,0,Safe,Research & Development
22699,9.8,0,Safe,Research & Development
22700,9.6,0,Safe,Research & Development
22704,9.8,0,Safe,Research & Development
22705,4.4,0,Safe,Research & Development
22707,9.8,0,Safe,Research & Development
22708,9.6,0,Safe,Research & Development
453,8.8,0,Safe,Sales
455,10.2,0,Safe,Sales
459,10.5,0,Safe,Sales
460,10.2,0,Safe,Sales
461,8.8,0,Safe,Sales
462,4.1,0,Safe,Sales
463,3.8,0,Safe,Sales
465,10.2,0,Safe,Sales
469,10.5,0,Safe,Sales
470,10.2,0,Safe,Sales
776,10.1,0,Safe,Sales
778,10.6,0,Safe,Sales
781,10.6,0,Safe,Sales
782,10.6,0,Safe,Sales
784,10.1,0,Safe,Sales
786,10.6,0,Safe,Sales
789,10.6,0,Safe,Sales
790,10.6,0,Safe,Sales
1241,46.2,1,HIGH RISK,Research & Development
1244,42.8,0,Safe,Research & Development
1247,46.2,1,HIGH RISK,Research & Development
1248,42.8,0,Safe,Research & Development
1251,22.0,0,Safe,Research & Development
1254,46.2,1,HIGH RISK,Research & Development
1255,42.8,0,Safe,Research & Development
4994,42.2,0,Safe,Sales
4995,41.6,0,Safe,Sales
4997,42.2,0,Safe,Sales
4998,41.6,0,Safe,Sales
5002,42.2,0,Safe,Sales
5003,41.6,0,Safe,Sales
5005,42.2,0,Safe,Sales
5006,41.6,0,Safe,Sales
5435,39.3,0,Safe,Research & Development
5437,43.0,0,Safe,Research & Development
5438,35.9,0,Safe,Research & Development
5439,38.7,0,Safe,Research & Development
5443,39.3,0,Safe,Research & Development
5445,43.0,0,Safe,Research & Development
5446,35.9,0,Safe,Research & Development
5447,38.7,0,Safe,Research & Development
11131,6.5,0,Safe,Sales
11134,7.1,0,Safe,Sales
11135,6.5,0,Safe,Sales
11136,7.1,0,Safe,Sales
11139,6.5,0,Safe,Sales
11142,7.1,0,Safe,Sales
11143,6.5,0,Safe,Sales
11144,7.1,0,Safe,Sales
12056,46.5,1,HIGH RISK,Research & Development
12059,37.0,0,Safe,Research & Development
12060,37.0,0,Safe,Research & Development
12061,37.0,0,Safe,Research & Development
12064,46.5,1,HIGH RISK,Research & Development
12067,37.0,0,Safe,Research & Development
12068,37.0,0,Safe,Research & Development
12069,37.0,0,Safe,Research & Development
12190,3.8,0,Safe,Sales
12192,7.0,0,Safe,Sales
12193,6.5,0,Safe,Sales
12194,7.0,0,Safe,Sales
12198,3.8,0,Safe,Sales
12200,7.0,0,Safe,Sales
12201,6.5,0,Safe,Sales
12202,7.0,0,Safe,Sales
12205,31.5,0,Safe,Research & Development
12208,29.9,0,Safe,Research & Development
12211,31.5,0,Safe,Research & Development
12212,29.9,0,Safe,Research & Development
12213,31.5,0,Safe,Research & Development
12216,29.9,0,Safe,Research & Development
12219,31.5,0,Safe,Research & Development
12220,29.9,0,Safe,Research & Development
13008,18.3,0,Safe,Research & Development
13010,19.1,0,Safe,Research & Development
13011,20.9,0,Safe,Research & Development
13012,19.1,0,Safe,Research & Development
13016,18.3,0,Safe,Research & Development
13018,19.1,0,Safe,Research & Development
13019,20.9,0,Safe,Research & Development
13020,19.1,0,Safe,Research & Development
19762,5.8,0,Safe,Sales
19765,5.8,0,Safe,Sales
19768,5.8,0,Safe,Sales
19769,5.8,0,Safe,Sales
19770,5.8,0,Safe,Sales
19773,5.8,0,Safe,Sales
19776,5.8,0,Safe,Sales
19777,5.8,0,Safe,Sales
20764,19.7,0,Safe,Research & Development
20766,17.0,0,Safe,Research & Development
20767,19.7,0,Safe,Research & Development
20768,17.9,0,Safe,Research & Development
20772,19.7,0,Safe,Research & Development
20774,17.0,0,Safe,Research & Development
20775,19.7,0,Safe,Research & Development
20776,17.9,0,Safe,Research & Development
109,13.6,0,Safe,Research & Development
151,23.1,0,Safe,Research & Development
155,7.6,0,Safe,Research & Development
193,3.2,0,Safe,Research & Development
194,27.7,0,Safe,Human Resources
195,25.4,0,Safe,Human Resources
196,2.6,0,Safe,Research & Development
197,3.2,0,Safe,Research & Development
198,27.7,0,Safe,Human Resources
199,25.4,0,Safe,Human Resources
200,2.6,0,Safe,Research & Development
201,3.2,0,Safe,Research & Development
202,6.1,0,Safe,Research & Development
205,19.0,0,Safe,Research & Development
207,27.7,0,Safe,Human Resources
210,25.4,0,Safe,Human Resources
211,2.6,0,Safe,Research & Development
212,3.2,0,Safe,Research & Development
213,27.7,0,Safe,Human Resources
214,25.4,0,Safe,Human Resources
215,2.6,0,Safe,Research & Development
321,16.2,0,Safe,Research & Development
490,1.7,0,Safe,Human Resources
491,1.5,0,Safe,Human Resources
495,1.7,0,Safe,Human Resources
496,1.5,0,Safe,Human Resources
500,1.7,0,Safe,Human Resources
501,1.5,0,Safe,Human Resources
505,1.7,0,Safe,Human Resources
506,1.5,0,Safe,Human Resources
741,10.0,0,Safe,Research & Development
744,8.0,0,Safe,Research & Development
745,12.9,0,Safe,Research & Development
746,8.0,0,Safe,Research & Development
749,10.0,0,Safe,Research & Development
752,8.0,0,Safe,Research & Development
753,12.9,0,Safe,Research & Development
754,8.0,0,Safe,Research & Development
840,9.3,0,Safe,Research & Development
842,9.3,0,Safe,Research & Development
845,5.9,0,Safe,Research & Development
846,5.9,0,Safe,Research & Development
848,9.3,0,Safe,Research & Development
850,9.3,0,Safe,Research & Development
853,5.9,0,Safe,Research & Development
854,5.9,0,Safe,Research & Development
1066,23.9,0,Safe,Research & Development
1068,22.2,0,Safe,Research & Development
1071,17.2,0,Safe,Research & Development
1072,16.3,0,Safe,Research & Development
1074,23.9,0,Safe,Research & Development
1076,22.2,0,Safe,Research & Development
1079,17.2,0,Safe,Research & Development
1080,16.3,0,Safe,Research & Development
1146,0.4,0,Safe,Research & Development
1147,0.4,0,Safe,Research & Development
1149,0.4,0,Safe,Research & Development
1150,0.4,0,Safe,Research & Development
1154,0.4,0,Safe,Research & Development
1155,0.4,0,Safe,Research & Development
1157,0.4,0,Safe,Research & Development
1158,0.4,0,Safe,Research & Development
1161,1.6,0,Safe,Research & Development
1163,3.0,0,Safe,Research & Development
1167,3.3,0,Safe,Research & Development
1168,3.0,0,Safe,Research & Development
1169,1.6,0,Safe,Research & Development
1171,3.0,0,Safe,Research & Development
1175,3.3,0,Safe,Research & Development
1176,3.0,0,Safe,Research & Development
1198,20.5,0,Safe,Research & Development
1201,20.5,0,Safe,Research & Development
1202,20.5,0,Safe,Research & Development
1203,20.5,0,Safe,Research & Development
1207,20.5,0,Safe,Research & Development
1208,20.5,0,Safe,Research & Development
1209,20.5,0,Safe,Research & Development
1316,3.4,0,Safe,Research & Development
1319,2.5,0,Safe,Research & Development
1320,3.4,0,Safe,Research & Development
1321,3.3,0,Safe,Research & Development
1326,2.5,0,Safe,Research & Development
1327,3.4,0,Safe,Research & Development
1328,3.3,0,Safe,Research & Development
1392,19.9,0,Safe,Research & Development
1393,16.0,0,Safe,Research & Development
1395,11.9,0,Safe,Research & Development
1396,10.1,0,Safe,Research & Development
1399,19.9,0,Safe,Research & Development
1400,16.0,0,Safe,Research & Development
1402,11.9,0,Safe,Research & Development
1403,10.1,0,Safe,Research & Development
1968,12.3,0,Safe,Sales
1971,13.7,0,Safe,Sales
1972,12.3,0,Safe,Sales
1973,13.7,0,Safe,Sales
1976,12.3,0,Safe,Sales
1979,19.4,0,Safe,Sales
1980,12.3,0,Safe,Sales
1981,13.7,0,Safe,Sales
1984,4.1,0,Safe,Research & Development
1985,0.7,0,Safe,Research & Development
1986,3.8,0,Safe,Research & Development
1987,0.7,0,Safe,Research & Development
1988,2.4,0,Safe,Research & Development
1989,0.5,0,Safe,Research & Development
1990,2.5,0,Safe,Research & Development
1991,0.5,0,Safe,Research & Development
1992,4.1,0,Safe,Research & Development
1993,0.7,0,Safe,Research & Development
1994,3.8,0,Safe,Research & Development
1995,0.7,0,Safe,Research & Development
1996,2.4,0,Safe,Research & Development
1997,0.5,0,Safe,Research & Development
1998,2.5,0,Safe,Research & Development
1999,0.5,0,Safe,Research & Development
2256,3.2,0,Safe,Research & Development
2259,2.5,0,Safe,Research & Development
2260,1.6,0,Safe,Research & Development
2261,1.4,0,Safe,Research & Development
2264,3.2,0,Safe,Research & Development
2267,2.5,0,Safe,Research & Development
2268,1.6,0,Safe,Research & Development
2269,1.4,0,Safe,Research & Development
2304,6.1,0,Safe,Research & Development
2305,6.0,0,Safe,Research & Development
2309,6.1,0,Safe,Research & Development
2310,6.0,0,Safe,Research & Development
2312,6.1,0,Safe,Research & Development
2313,6.0,0,Safe,Research & Development
2317,6.1,0,Safe,Research & Development
2318,6.0,0,Safe,Research & Development
2509,17.1,0,Safe,Research & Development
2511,19.0,0,Safe,Research & Development
2514,17.1,0,Safe,Research & Development
2515,19.0,0,Safe,Research & Development
2518,19.0,0,Safe,Research & Development
2521,17.1,0,Safe,Research & Development
2522,19.0,0,Safe,Research & Development
2539,7.8,0,Safe,Research & Development
2541,6.6,0,Safe,Research & Development
2542,7.8,0,Safe,Research & Development
2543,6.6,0,Safe,Research & Development
2548,6.6,0,Safe,Research & Development
2549,7.8,0,Safe,Research & Development
2550,6.6,0,Safe,Research & Development
2832,2.5,0,Safe,Research & Development
2835,4.7,0,Safe,Research & Development
2838,4.5,0,Safe,Research & Development
2839,4.7,0,Safe,Research & Development
2840,2.5,0,Safe,Research & Development
2843,4.7,0,Safe,Research & Development
2846,4.5,0,Safe,Research & Development
2847,4.7,0,Safe,Research & Development
2961,14.4,0,Safe,Research & Development
2962,13.3,0,Safe,Research & Development
2966,8.6,0,Safe,Research & Development
2967,8.1,0,Safe,Research & Development
2969,14.4,0,Safe,Research & Development
2970,13.3,0,Safe,Research & Development
2974,8.6,0,Safe,Research & Development
2975,8.1,0,Safe,Research & Development
3395,23.0,0,Safe,Research & Development
3397,36.1,0,Safe,Research & Development
3399,36.1,0,Safe,Research & Development
3400,36.1,0,Safe,Research & Development
3405,23.0,0,Safe,Research & Development
3407,36.1,0,Safe,Research & Development
3409,36.1,0,Safe,Research & Development
3410,36.1,0,Safe,Research & Development
3605,3.3,0,Safe,Research & Development
3608,2.9,0,Safe,Research & Development
3611,3.3,0,Safe,Research & Development
3612,2.9,0,Safe,Research & Development
3613,3.3,0,Safe,Research & Development
3616,2.9,0,Safe,Research & Development
3619,3.3,0,Safe,Research & Development
3620,2.9,0,Safe,Research & Development
4006,15.1,0,Safe,Research & Development
4008,10.4,0,Safe,Research & Development
4011,15.1,0,Safe,Research & Development
4012,10.4,0,Safe,Research & Development
4014,15.1,0,Safe,Research & Development
4016,10.4,0,Safe,Research & Development
4019,15.1,0,Safe,Research & Development
4020,10.4,0,Safe,Research & Development
4150,3.3,0,Safe,Sales
4151,3.4,0,Safe,Sales
4155,3.3,0,Safe,Sales
4156,3.4,0,Safe,Sales
4158,3.3,0,Safe,Sales
4159,3.4,0,Safe,Sales
4163,3.3,0,Safe,Sales
4164,3.4,0,Safe,Sales
4388,0.8,0,Safe,Research & Development
4391,0.9,0,Safe,Research & Development
4394,0.8,0,Safe,Research & Development
4395,0.9,0,Safe,Research & Development
4396,0.8,0,Safe,Research & Development
4399,0.9,0,Safe,Research & Development
4402,0.8,0,Safe,Research & Development
4403,0.9,0,Safe,Research & Development
4523,27.6,0,Safe,Sales
4524,29.5,0,Safe,Sales
4526,21.0,0,Safe,Sales
4527,22.0,0,Safe,Sales
4531,27.6,0,Safe,Sales
4532,29.5,0,Safe,Sales
4534,21.0,0,Safe,Sales
4535,22.0,0,Safe,Sales
4603,10.9,0,Safe,Human Resources
4605,11.9,0,Safe,Human Resources
4608,10.9,0,Safe,Human Resources
4609,11.9,0,Safe,Human Resources
4611,10.9,0,Safe,Human Resources
4613,11.9,0,Safe,Human Resources
4616,10.9,0,Safe,Human Resources
4617,11.9,0,Safe,Human Resources
4749,10.6,0,Safe,Research & Development
4752,10.5,0,Safe,Research & Development
4753,10.6,0,Safe,Research & Development
4754,10.5,0,Safe,Research & Development
4759,10.5,0,Safe,Research & Development
4760,10.6,0,Safe,Research & Development
4761,10.5,0,Safe,Research & Development
4853,7.1,0,Safe,Research & Development
4854,7.1,0,Safe,Research & Development
4855,6.7,0,Safe,Research & Development
4856,7.6,0,Safe,Research & Development
4857,8.2,0,Safe,Research & Development
4858,7.1,0,Safe,Research & Development
4859,6.7,0,Safe,Research & Development
4860,7.6,0,Safe,Research & Development
4861,7.1,0,Safe,Research & Development
4862,6.7,0,Safe,Research & Development
4863,7.6,0,Safe,Research & Development
4864,8.2,0,Safe,Research & Development
4865,7.1,0,Safe,Research & Development
4866,6.7,0,Safe,Research & Development
4867,7.6,0,Safe,Research & Development
4961,12.7,0,Safe,Research & Development
4964,7.1,0,Safe,Research & Development
4967,12.7,0,Safe,Research & Development
4968,11.0,0,Safe,Research & Development
4969,12.7,0,Safe,Research & Development
4972,7.1,0,Safe,Research & Development
4975,12.7,0,Safe,Research & Development
4976,11.0,0,Safe,Research & Development
5797,2.1,0,Safe,Sales
5799,2.1,0,Safe,Sales
5801,2.1,0,Safe,Sales
5802,2.1,0,Safe,Sales
5805,2.1,0,Safe,Sales
5807,2.1,0,Safe,Sales
5809,2.1,0,Safe,Sales
5810,2.1,0,Safe,Sales
5812,4.0,0,Safe,Sales
5813,5.1,0,Safe,Research & Development
5814,5.5,0,Safe,Sales
5815,8.3,0,Safe,Research & Development
5816,5.5,0,Safe,Sales
5817,7.2,0,Safe,Research & Development
5818,5.5,0,Safe,Sales
5819,8.3,0,Safe,Research & Development
5820,4.0,0,Safe,Sales
5821,5.1,0,Safe,Research & Development
5822,5.5,0,Safe,Sales
5823,8.3,0,Safe,Research & Development
5824,5.5,0,Safe,Sales
5825,7.2,0,Safe,Research & Development
5826,5.5,0,Safe,Sales
5827,8.3,0,Safe,Research & Development
6099,2.8,0,Safe,Research & Development
6101,3.0,0,Safe,Research & Development
6105,2.8,0,Safe,Research & Development
6106,3.0,0,Safe,Research & Development
6107,2.8,0,Safe,Research & Development
6109,3.0,0,Safe,Research & Development
6113,2.8,0,Safe,Research & Development
6114,3.0,0,Safe,Research & Development
6215,4.1,0,Safe,Sales
6217,5.4,0,Safe,Sales
6221,4.1,0,Safe,Sales
6222,5.4,0,Safe,Sales
6223,4.1,0,Safe,Sales
6225,5.4,0,Safe,Sales
6229,4.1,0,Safe,Sales
6230,5.4,0,Safe,Sales
6232,18.4,0,Safe,Research & Development
6234,8.5,0,Safe,Research & Development
6237,12.6,0,Safe,Research & Development
6238,7.3,0,Safe,Research & Development
6240,18.4,0,Safe,Research & Development
6242,8.5,0,Safe,Research & Development
6245,12.6,0,Safe,Research & Development
6246,7.3,0,Safe,Research & Development
6610,4.8,0,Safe,Research & Development
6611,2.8,0,Safe,Research & Development
6613,4.8,0,Safe,Research & Development
6614,4.8,0,Safe,Research & Development
6618,4.8,0,Safe,Research & Development
6619,2.8,0,Safe,Research & Development
6621,4.8,0,Safe,Research & Development
6622,4.8,0,Safe,Research & Development
7104,48.2,1,HIGH RISK,Sales
7106,52.1,1,HIGH RISK,Sales
7110,48.2,1,HIGH RISK,Sales
7111,52.1,1,HIGH RISK,Sales
7112,48.2,1,HIGH RISK,Sales
7114,52.1,1,HIGH RISK,Sales
7118,48.2,1,HIGH RISK,Sales
7119,52.1,1,HIGH RISK,Sales
7238,5.7,0,Safe,Research & Development
7240,6.3,0,Safe,Research & Development
7243,5.7,0,Safe,Research & Development
7244,6.3,0,Safe,Research & Development
7246,5.7,0,Safe,Research & Development
7248,6.3,0,Safe,Research & Development
7251,5.7,0,Safe,Research & Development
7252,6.3,0,Safe,Research & Development
7790,1.1,0,Safe,Sales
7792,1.1,0,Safe,Sales
7793,2.0,0,Safe,Sales
7794,2.0,0,Safe,Sales
7797,1.1,0,Safe,Sales
7799,1.1,0,Safe,Sales
7800,2.0,0,Safe,Sales
7801,2.0,0,Safe,Sales
7944,30.4,0,Safe,Sales
7945,34.8,0,Safe,Sales
7949,30.4,0,Safe,Sales
7950,34.8,0,Safe,Sales
7952,30.4,0,Safe,Sales
7953,34.8,0,Safe,Sales
7957,30.4,0,Safe,Sales
7958,34.8,0,Safe,Sales
7976,5.0,0,Safe,Research & Development
7978,6.4,0,Safe,Research & Development
7981,2.5,0,Safe,Research & Development
7982,2.9,0,Safe,Research & Development
7984,5.0,0,Safe,Research & Development
7986,6.4,0,Safe,Research & Development
7989,2.5,0,Safe,Research & Development
7990,2.9,0,Safe,Research & Development
8056,11.2,0,Safe,Research & Development
8058,25.0,0,Safe,Research & Development
8061,21.5,0,Safe,Research & Development
8062,25.0,0,Safe,Research & Development
8064,11.2,0,Safe,Research & Development
8066,25.0,0,Safe,Research & Development
8069,21.5,0,Safe,Research & Development
8070,25.0,0,Safe,Research & Development
8182,16.0,0,Safe,Research & Development
8184,14.2,0,Safe,Research & Development
8186,16.0,0,Safe,Research & Development
8187,14.2,0,Safe,Research & Development
8190,16.0,0,Safe,Research & Development
8192,14.2,0,Safe,Research & Development
8194,16.0,0,Safe,Research & Development
8195,14.2,0,Safe,Research & Development
8215,6.6,0,Safe,Research & Development
8216,6.5,0,Safe,Research & Development
8220,6.6,0,Safe,Research & Development
8221,6.5,0,Safe,Research & Development
8223,6.6,0,Safe,Research & Development
8224,6.5,0,Safe,Research & Development
8228,6.6,0,Safe,Research & Development
8229,6.5,0,Safe,Research & Development
8279,5.6,0,Safe,Research & Development
8280,6.0,0,Safe,Research & Development
8284,3.5,0,Safe,Research & Development
8285,3.4,0,Safe,Research & Development
8287,5.6,0,Safe,Research & Development
8288,6.0,0,Safe,Research & Development
8292,3.5,0,Safe,Research & Development
8293,3.4,0,Safe,Research & Development
8311,18.8,0,Safe,Research & Development
8313,21.9,0,Safe,Research & Development
8316,18.8,0,Safe,Research & Development
8317,21.9,0,Safe,Research & Development
8319,18.8,0,Safe,Research & Development
8321,21.9,0,Safe,Research & Development
8324,18.8,0,Safe,Research & Development
8325,21.9,0,Safe,Research & Development
8459,2.3,0,Safe,Research & Development
TESTING,3.7,0,Safe,Research & Development
8462,2.3,0,Safe,Research & Development
8463,2.3,0,Safe,Research & Development
8469,2.3,0,Safe,Research & Development
8471,2.3,0,Safe,Research & Development
8472,2.3,0,Safe,Research & Development
8473,2.3,0,Safe,Research & Development
8567,11.2,0,Safe,Sales
8568,10.0,0,Safe,Sales
8570,11.2,0,Safe,Sales
8571,10.0,0,Safe,Sales
8577,11.2,0,Safe,Sales
8578,10.0,0,Safe,Sales
8580,11.2,0,Safe,Sales
8581,10.0,0,Safe,Sales
8691,23.2,0,Safe,Research & Development
8693,16.3,0,Safe,Research & Development
8697,23.2,0,Safe,Research & Development
8698,16.3,0,Safe,Research & Development
8699,23.2,0,Safe,Research & Development
8700,42.9,0,Safe,Research & Development
8701,6.2,0,Safe,Research & Development
8703,16.3,0,Safe,Research & Development
8707,23.2,0,Safe,Research & Development
8708,16.3,0,Safe,Research & Development
8919,8.2,0,Safe,Research & Development
8921,13.1,0,Safe,Research & Development
8924,8.2,0,Safe,Research & Development
8925,13.1,0,Safe,Research & Development
8927,8.2,0,Safe,Research & Development
8929,13.1,0,Safe,Research & Development
8932,8.2,0,Safe,Research & Development
8933,13.1,0,Safe,Research & Development
9143,21.4,0,Safe,Sales
9146,23.4,0,Safe,Sales
9147,21.4,0,Safe,Sales
9148,23.4,0,Safe,Sales
9151,21.4,0,Safe,Sales
9154,23.4,0,Safe,Sales
9155,21.4,0,Safe,Sales
9156,23.4,0,Safe,Sales
9524,12.6,0,Safe,Research & Development
9526,13.5,0,Safe,Research & Development
9530,12.6,0,Safe,Research & Development
9531,13.5,0,Safe,Research & Development
9532,12.6,0,Safe,Research & Development
9534,13.5,0,Safe,Research & Development
9538,12.6,0,Safe,Research & Development
9539,13.5,0,Safe,Research & Development
9573,4.4,0,Safe,Research & Development
9575,6.9,0,Safe,Research & Development
9578,6.9,0,Safe,Research & Development
9579,6.9,0,Safe,Research & Development
9581,4.4,0,Safe,Research & Development
9583,6.9,0,Safe,Research & Development
9586,6.9,0,Safe,Research & Development
9587,6.9,0,Safe,Research & Development
9620,9.1,0,Safe,Human Resources
9623,9.3,0,Safe,Human Resources
9624,9.1,0,Safe,Human Resources
9625,9.3,0,Safe,Human Resources
9628,9.1,0,Safe,Human Resources
9631,9.3,0,Safe,Human Resources
9632,9.1,0,Safe,Human Resources
9633,9.3,0,Safe,Human Resources
9955,5.3,0,Safe,Research & Development
9956,6.5,0,Safe,Research & Development
9960,8.7,0,Safe,Research & Development
9961,11.3,0,Safe,Research & Development
9963,5.3,0,Safe,Research & Development
9964,6.5,0,Safe,Research & Development
9968,8.7,0,Safe,Research & Development
9969,11.3,0,Safe,Research & Development
9970,0.9,0,Safe,Sales
9972,0.9,0,Safe,Sales
9974,0.9,0,Safe,Sales
9975,0.9,0,Safe,Sales
9978,0.9,0,Safe,Sales
9980,0.9,0,Safe,Sales
9982,0.9,0,Safe,Sales
9983,0.9,0,Safe,Sales
10159,9.5,0,Safe,Human Resources
10161,8.6,0,Safe,Human Resources
10163,8.6,0,Safe,Human Resources
10164,8.6,0,Safe,Human Resources
10167,9.5,0,Safe,Human Resources
10169,8.6,0,Safe,Human Resources
10171,8.6,0,Safe,Human Resources
10172,8.6,0,Safe,Human Resources
10663,3.3,0,Safe,Research & Development
10665,1.5,0,Safe,Research & Development
10667,3.3,0,Safe,Research & Development
10668,3.3,0,Safe,Research & Development
10671,3.3,0,Safe,Research & Development
10674,1.5,0,Safe,Research & Development
10676,3.3,0,Safe,Research & Development
10677,3.3,0,Safe,Research & Development
10923,1.3,0,Safe,Research & Development
10926,1.3,0,Safe,Research & Development
10929,1.3,0,Safe,Research & Development
10930,1.3,0,Safe,Research & Development
10931,1.3,0,Safe,Research & Development
10934,1.3,0,Safe,Research & Development
10937,1.3,0,Safe,Research & Development
10938,1.3,0,Safe,Research & Development
11035,3.1,0,Safe,Research & Development
11037,3.2,0,Safe,Research & Development
11041,1.7,0,Safe,Research & Development
11042,1.8,0,Safe,Research & Development
11043,3.1,0,Safe,Research & Development
11045,3.2,0,Safe,Research & Development
11049,1.7,0,Safe,Research & Development
11050,1.8,0,Safe,Research & Development
11366,5.4,0,Safe,Sales
11368,6.3,0,Safe,Sales
11370,5.6,0,Safe,Sales
11371,6.3,0,Safe,Sales
11374,5.4,0,Safe,Sales
11376,6.3,0,Safe,Sales
11378,5.6,0,Safe,Sales
11379,6.3,0,Safe,Sales
11891,3.5,0,Safe,Sales
11892,3.5,0,Safe,Sales
11894,3.5,0,Safe,Sales
11895,3.5,0,Safe,Sales
11899,3.5,0,Safe,Sales
11900,3.5,0,Safe,Sales
11902,3.5,0,Safe,Sales
11903,3.5,0,Safe,Sales
11993,6.4,0,Safe,Sales
11994,5.6,0,Safe,Sales
11998,6.4,0,Safe,Sales
11999,5.6,0,Safe,Sales
12001,6.4,0,Safe,Sales
12002,5.6,0,Safe,Sales
12006,6.4,0,Safe,Sales
12007,5.6,0,Safe,Sales
12025,2.0,0,Safe,Sales
12026,2.2,0,Safe,Sales
12028,2.0,0,Safe,Sales
12029,2.2,0,Safe,Sales
12033,2.0,0,Safe,Sales
12034,2.2,0,Safe,Sales
12036,2.0,0,Safe,Sales
12037,2.2,0,Safe,Sales
12396,32.2,0,Safe,Research & Development
12399,34.0,0,Safe,Research & Development
12402,32.2,0,Safe,Research & Development
12403,34.0,0,Safe,Research & Development
12404,32.2,0,Safe,Research & Development
12407,34.0,0,Safe,Research & Development
12410,32.2,0,Safe,Research & Development
12411,34.0,0,Safe,Research & Development
12413,10.6,0,Safe,Sales
12415,8.2,0,Safe,Sales
12416,10.6,0,Safe,Sales
12417,8.2,0,Safe,Sales
12424,10.6,0,Safe,Sales
12426,8.2,0,Safe,Sales
12427,10.6,0,Safe,Sales
12428,8.2,0,Safe,Sales
12641,11.2,0,Safe,Sales
12643,11.2,0,Safe,Sales
12646,11.2,0,Safe,Sales
12647,11.2,0,Safe,Sales
12649,11.2,0,Safe,Sales
12651,11.2,0,Safe,Sales
12654,11.2,0,Safe,Sales
12655,11.2,0,Safe,Sales
12657,6.9,0,Safe,Sales
12659,4.2,0,Safe,Sales
12660,6.9,0,Safe,Sales
12661,4.2,0,Safe,Sales
12665,6.9,0,Safe,Sales
12667,4.2,0,Safe,Sales
12668,6.9,0,Safe,Sales
12669,4.2,0,Safe,Sales
12736,12.4,0,Safe,Research & Development
12738,12.4,0,Safe,Research & Development
12741,12.4,0,Safe,Research & Development
12742,12.4,0,Safe,Research & Development
12744,12.4,0,Safe,Research & Development
12746,12.4,0,Safe,Research & Development
12749,12.4,0,Safe,Research & Development
12750,12.4,0,Safe,Research & Development
13102,10.8,0,Safe,Research & Development
13105,10.4,0,Safe,Research & Development
13108,5.9,0,Safe,Research & Development
13109,5.9,0,Safe,Research & Development
13110,10.8,0,Safe,Research & Development
13113,10.4,0,Safe,Research & Development
13116,5.9,0,Safe,Research & Development
13117,5.9,0,Safe,Research & Development
13342,7.3,0,Safe,Research & Development
13343,5.0,0,Safe,Research & Development
13345,7.3,0,Safe,Research & Development
13346,5.0,0,Safe,Research & Development
13350,7.3,0,Safe,Research & Development
13351,5.0,0,Safe,Research & Development
13353,7.3,0,Safe,Research & Development
13354,5.0,0,Safe,Research & Development
13549,3.6,0,Safe,Research & Development
13550,4.1,0,Safe,Research & Development
13552,3.6,0,Safe,Research & Development
13553,3.6,0,Safe,Research & Development
13557,3.6,0,Safe,Research & Development
13558,4.1,0,Safe,Research & Development
13560,3.6,0,Safe,Research & Development
13561,3.6,0,Safe,Research & Development
13833,15.4,0,Safe,Research & Development
13835,14.4,0,Safe,Research & Development
13838,15.4,0,Safe,Research & Development
13839,14.4,0,Safe,Research & Development
13841,15.4,0,Safe,Research & Development
13843,14.4,0,Safe,Research & Development
13846,15.4,0,Safe,Research & Development
13847,14.4,0,Safe,Research & Development
13991,9.8,0,Safe,Research & Development
13993,7.7,0,Safe,Research & Development
13997,9.8,0,Safe,Research & Development
13998,9.8,0,Safe,Research & Development
13999,9.8,0,Safe,Research & Development
14001,7.7,0,Safe,Research & Development
14005,9.8,0,Safe,Research & Development
14006,9.8,0,Safe,Research & Development
14135,3.4,0,Safe,Research & Development
14137,2.8,0,Safe,Research & Development
14141,1.8,0,Safe,Research & Development
14142,1.6,0,Safe,Research & Development
14143,3.4,0,Safe,Research & Development
14145,2.8,0,Safe,Research & Development
14149,1.8,0,Safe,Research & Development
14150,1.6,0,Safe,Research & Development
14415,12.1,0,Safe,Research & Development
14418,9.8,0,Safe,Research & Development
14421,12.1,0,Safe,Research & Development
14422,9.8,0,Safe,Research & Development
14423,12.1,0,Safe,Research & Development
14426,9.8,0,Safe,Research & Development
14429,12.1,0,Safe,Research & Development
14430,9.8,0,Safe,Research & Development
14622,1.0,0,Safe,Sales
14623,1.0,0,Safe,Sales
14625,1.0,0,Safe,Sales
14626,1.0,0,Safe,Sales
14630,1.0,0,Safe,Sales
14631,1.0,0,Safe,Sales
14633,1.0,0,Safe,Sales
14634,1.0,0,Safe,Sales
14638,2.5,0,Safe,Sales
14639,2.3,0,Safe,Sales
14641,2.5,0,Safe,Sales
14642,2.3,0,Safe,Sales
14648,2.5,0,Safe,Sales
14649,2.3,0,Safe,Sales
14651,2.5,0,Safe,Sales
14652,2.3,0,Safe,Sales
14754,1.9,0,Safe,Sales
14756,2.1,0,Safe,Sales
14759,1.9,0,Safe,Sales
14760,2.1,0,Safe,Sales
14762,1.9,0,Safe,Sales
14764,2.1,0,Safe,Sales
14767,1.9,0,Safe,Sales
14768,2.1,0,Safe,Sales
14848,0.9,0,Safe,Research & Development
14850,0.6,0,Safe,Research & Development
14854,0.9,0,Safe,Research & Development
14855,0.6,0,Safe,Research & Development
14856,0.9,0,Safe,Research & Development
14858,0.6,0,Safe,Research & Development
14862,0.9,0,Safe,Research & Development
14863,0.6,0,Safe,Research & Development
14992,7.7,0,Safe,Sales
14993,7.6,0,Safe,Sales
14995,7.5,0,Safe,Sales
14996,7.8,0,Safe,Sales
15000,7.7,0,Safe,Sales
15001,7.6,0,Safe,Sales
15003,7.5,0,Safe,Sales
15004,7.8,0,Safe,Sales
15087,9.2,0,Safe,Research & Development
15090,8.6,0,Safe,Research & Development
15091,9.2,0,Safe,Research & Development
15092,8.6,0,Safe,Research & Development
15095,9.2,0,Safe,Research & Development
15098,8.6,0,Safe,Research & Development
15099,9.2,0,Safe,Research & Development
15100,8.6,0,Safe,Research & Development
15334,15.1,0,Safe,Research & Development
15335,12.2,0,Safe,Research & Development
15337,15.1,0,Safe,Research & Development
15338,12.2,0,Safe,Research & Development
15342,15.1,0,Safe,Research & Development
15343,12.2,0,Safe,Research & Development
15345,15.1,0,Safe,Research & Development
15346,12.2,0,Safe,Research & Development
15508,2.3,0,Safe,Sales
15510,2.3,0,Safe,Sales
15514,2.3,0,Safe,Sales
15515,2.3,0,Safe,Sales
15516,2.3,0,Safe,Sales
15518,2.3,0,Safe,Sales
15522,2.3,0,Safe,Sales
15523,2.3,0,Safe,Sales
16156,2.2,0,Safe,Research & Development
16158,2.0,0,Safe,Research & Development
16159,1.6,0,Safe,Research & Development
16160,1.6,0,Safe,Research & Development
16164,2.2,0,Safe,Research & Development
16166,2.0,0,Safe,Research & Development
16167,1.6,0,Safe,Research & Development
16168,1.6,0,Safe,Research & Development
16185,11.3,0,Safe,Sales
16187,10.3,0,Safe,Sales
16189,11.3,0,Safe,Sales
16190,10.3,0,Safe,Sales
16193,11.3,0,Safe,Sales
16195,10.3,0,Safe,Sales
16197,11.3,0,Safe,Sales
16198,10.3,0,Safe,Sales
16293,10.1,0,Safe,Research & Development
16296,10.1,0,Safe,Research & Development
16297,10.1,0,Safe,Research & Development
16298,10.1,0,Safe,Research & Development
16301,10.1,0,Safe,Research & Development
16304,10.1,0,Safe,Research & Development
16305,10.1,0,Safe,Research & Development
16306,10.1,0,Safe,Research & Development
16309,6.4,0,Safe,Sales
16312,7.1,0,Safe,Sales
16313,6.4,0,Safe,Sales
16314,7.1,0,Safe,Sales
16317,6.4,0,Safe,Sales
16320,7.1,0,Safe,Sales
16321,6.4,0,Safe,Sales
16322,7.1,0,Safe,Sales
16650,5.1,0,Safe,Research & Development
16652,2.0,0,Safe,Research & Development
16653,5.1,0,Safe,Research & Development
16654,5.1,0,Safe,Research & Development
16658,5.1,0,Safe,Research & Development
16660,2.0,0,Safe,Research & Development
16661,5.1,0,Safe,Research & Development
16662,5.1,0,Safe,Research & Development
17636,7.2,0,Safe,Sales
17638,7.8,0,Safe,Sales
17642,5.4,0,Safe,Sales
17643,5.7,0,Safe,Sales
17644,7.2,0,Safe,Sales
17646,7.8,0,Safe,Sales
17650,5.4,0,Safe,Sales
17651,5.7,0,Safe,Sales
17927,12.0,0,Safe,Sales
17929,12.6,0,Safe,Sales
17933,14.0,0,Safe,Sales
17934,12.6,0,Safe,Sales
17935,12.0,0,Safe,Sales
17936,12.6,0,Safe,Sales
17940,14.0,0,Safe,Sales
17941,12.6,0,Safe,Sales
18033,2.1,0,Safe,Research & Development
18036,2.0,0,Safe,Research & Development
18037,2.2,0,Safe,Research & Development
18038,2.0,0,Safe,Research & Development
18041,2.1,0,Safe,Research & Development
18044,2.0,0,Safe,Research & Development
18045,2.2,0,Safe,Research & Development
18046,2.0,0,Safe,Research & Development
18290,19.2,0,Safe,Research & Development
18293,5.8,0,Safe,Research & Development
18296,19.2,0,Safe,Research & Development
18297,10.6,0,Safe,Research & Development
18300,5.8,0,Safe,Research & Development
18303,19.2,0,Safe,Research & Development
18304,10.6,0,Safe,Research & Development
18599,9.2,0,Safe,Research & Development
18600,17.7,0,Safe,Research & Development
18602,16.5,0,Safe,Research & Development
18603,17.7,0,Safe,Research & Development
18607,9.2,0,Safe,Research & Development
18608,17.7,0,Safe,Research & Development
18610,16.5,0,Safe,Research & Development
18611,17.7,0,Safe,Research & Development
18752,3.5,0,Safe,Research & Development
18754,3.5,0,Safe,Research & Development
18756,3.5,0,Safe,Research & Development
18757,3.5,0,Safe,Research & Development
18760,3.5,0,Safe,Research & Development
18762,3.5,0,Safe,Research & Development
18764,3.5,0,Safe,Research & Development
18765,3.5,0,Safe,Research & Development
18871,4.5,0,Safe,Research & Development
18874,4.1,0,Safe,Research & Development
18875,4.5,0,Safe,Research & Development
18876,4.1,0,Safe,Research & Development
18879,4.5,0,Safe,Research & Development
18882,4.1,0,Safe,Research & Development
18883,4.5,0,Safe,Research & Development
18884,4.1,0,Safe,Research & Development
18903,4.0,0,Safe,Research & Development
18905,4.3,0,Safe,Research & Development
18909,4.0,0,Safe,Research & Development
18910,4.3,0,Safe,Research & Development
18911,4.0,0,Safe,Research & Development
18913,4.3,0,Safe,Research & Development
18917,4.0,0,Safe,Research & Development
18918,4.3,0,Safe,Research & Development
18919,9.2,0,Safe,Research & Development
18921,8.3,0,Safe,Research & Development
18925,5.3,0,Safe,Research & Development
18926,5.1,0,Safe,Research & Development
18927,9.2,0,Safe,Research & Development
18929,8.3,0,Safe,Research & Development
18933,5.3,0,Safe,Research & Development
18934,5.1,0,Safe,Research & Development
19175,2.7,0,Safe,Research & Development
19178,2.4,0,Safe,Research & Development
19179,2.7,0,Safe,Research & Development
19180,2.4,0,Safe,Research & Development
19183,2.7,0,Safe,Research & Development
19186,2.4,0,Safe,Research & Development
19187,2.7,0,Safe,Research & Development
19188,2.4,0,Safe,Research & Development
19506,18.2,0,Safe,Sales
19508,10.0,0,Safe,Sales
19510,18.2,0,Safe,Sales
19511,20.0,0,Safe,Sales
19514,18.2,0,Safe,Sales
19516,10.0,0,Safe,Sales
19518,18.2,0,Safe,Sales
19519,20.0,0,Safe,Sales
19937,7.3,0,Safe,Sales
19938,7.2,0,Safe,Sales
19942,7.3,0,Safe,Sales
19943,7.2,0,Safe,Sales
19945,7.3,0,Safe,Sales
19946,7.2,0,Safe,Sales
19950,7.3,0,Safe,Sales
19951,7.2,0,Safe,Sales
20017,2.5,0,Safe,Research & Development
20019,4.1,0,Safe,Research & Development
20022,3.7,0,Safe,Research & Development
20023,4.1,0,Safe,Research & Development
20025,2.5,0,Safe,Research & Development
20027,4.1,0,Safe,Research & Development
20030,3.7,0,Safe,Research & Development
20031,4.1,0,Safe,Research & Development
20427,5.8,0,Safe,Research & Development
20429,4.3,0,Safe,Research & Development
20433,5.8,0,Safe,Research & Development
20434,4.3,0,Safe,Research & Development
20435,5.8,0,Safe,Research & Development
20437,4.3,0,Safe,Research & Development
20441,5.8,0,Safe,Research & Development
20442,4.3,0,Safe,Research & Development
20572,6.6,0,Safe,Research & Development
20573,3.8,0,Safe,Research & Development
20575,6.6,0,Safe,Research & Development
20576,5.4,0,Safe,Research & Development
20580,6.6,0,Safe,Research & Development
20581,3.8,0,Safe,Research & Development
20583,6.6,0,Safe,Research & Development
20584,5.4,0,Safe,Research & Development
20668,1.4,0,Safe,Research & Development
20669,1.5,0,Safe,Research & Development
20671,1.4,0,Safe,Research & Development
20672,1.5,0,Safe,Research & Development
20676,1.4,0,Safe,Research & Development
20677,1.5,0,Safe,Research & Development
20679,1.4,0,Safe,Research & Development
20680,1.5,0,Safe,Research & Development
21018,2.8,0,Safe,Research & Development
21020,3.0,0,Safe,Research & Development
21024,2.8,0,Safe,Research & Development
21025,3.0,0,Safe,Research & Development
21026,2.8,0,Safe,Research & Development
21028,3.0,0,Safe,Research & Development
21032,2.8,0,Safe,Research & Development
21033,3.0,0,Safe,Research & Development
21211,1.5,0,Safe,Research & Development
21212,3.2,0,Safe,Research & Development
21214,3.5,0,Safe,Research & Development
21215,3.2,0,Safe,Research & Development
21219,1.5,0,Safe,Research & Development
21220,3.2,0,Safe,Research & Development
21222,3.5,0,Safe,Research & Development
21223,3.2,0,Safe,Research & Development
21416,6.4,0,Safe,Sales
21419,7.9,0,Safe,Sales
21422,6.4,0,Safe,Sales
21423,7.9,0,Safe,Sales
21424,6.4,0,Safe,Sales
21427,7.9,0,Safe,Sales
21430,6.4,0,Safe,Sales
21431,7.9,0,Safe,Sales
21433,4.4,0,Safe,Research & Development
21434,4.4,0,Safe,Research & Development
21438,4.4,0,Safe,Research & Development
21439,4.4,0,Safe,Research & Development
21441,4.4,0,Safe,Research & Development
21442,4.4,0,Safe,Research & Development
21446,4.4,0,Safe,Research & Development
21447,4.4,0,Safe,Research & Development
21481,9.7,0,Safe,Sales
21483,9.3,0,Safe,Sales
21484,6.6,0,Safe,Sales
21485,6.5,0,Safe,Sales
21489,9.7,0,Safe,Sales
21491,9.3,0,Safe,Sales
21492,6.6,0,Safe,Sales
21493,6.5,0,Safe,Sales
21528,8.1,0,Safe,Human Resources
21530,7.5,0,Safe,Human Resources
21534,8.4,0,Safe,Human Resources
21535,7.8,0,Safe,Human Resources
21536,8.1,0,Safe,Human Resources
21538,7.5,0,Safe,Human Resources
21542,8.4,0,Safe,Human Resources
21543,7.8,0,Safe,Human Resources
21656,6.6,0,Safe,Sales
21659,13.3,0,Safe,Sales
21660,12.0,0,Safe,Sales
21661,13.3,0,Safe,Sales
21664,6.6,0,Safe,Sales
21667,13.3,0,Safe,Sales
21668,12.0,0,Safe,Sales
21669,13.3,0,Safe,Sales
21759,10.2,0,Safe,Research & Development
21760,11.0,0,Safe,Research & Development
21764,10.2,0,Safe,Research & Development
21765,11.0,0,Safe,Research & Development
21767,10.2,0,Safe,Research & Development
21768,11.0,0,Safe,Research & Development
21772,10.2,0,Safe,Research & Development
21773,11.0,0,Safe,Research & Development
22117,4.7,0,Safe,Research & Development
22120,4.7,0,Safe,Research & Development
22121,3.3,0,Safe,Research & Development
22122,3.3,0,Safe,Research & Development
22125,4.7,0,Safe,Research & Development
22128,4.7,0,Safe,Research & Development
22129,3.3,0,Safe,Research & Development
22130,3.3,0,Safe,Research & Development
22374,2.2,0,Safe,Sales
22375,2.2,0,Safe,Sales
22377,2.2,0,Safe,Sales
22378,2.2,0,Safe,Sales
22382,2.2,0,Safe,Sales
22383,2.2,0,Safe,Sales
22385,2.2,0,Safe,Sales
22386,2.2,0,Safe,Sales
22596,3.4,0,Safe,Research & Development
22597,5.6,0,Safe,Research & Development
22601,3.4,0,Safe,Research & Development
22602,3.0,0,Safe,Research & Development
22604,3.4,0,Safe,Research & Development
22605,3.0,0,Safe,Research & Development
22609,3.4,0,Safe,Research & Development
22610,3.0,0,Safe,Research & Development
22628,8.5,0,Safe,Research & Development
22630,8.5,0,Safe,Research & Development
22633,8.5,0,Safe,Research & Development
22634,8.5,0,Safe,Research & Development
22636,8.7,0,Safe,Research & Development
22638,8.5,0,Safe,Research & Development
22641,8.5,0,Safe,Research & Development
22642,8.5,0,Safe,Research & Development
22728,1.7,0,Safe,Research & Development
22730,1.9,0,Safe,Research & Development
22731,1.7,0,Safe,Research & Development
22732,1.9,0,Safe,Research & Development
22736,1.7,0,Safe,Research & Development
22738,1.9,0,Safe,Research & Development
22739,1.7,0,Safe,Research & Development
22740,1.9,0,Safe,Research & Development
23015,39.0,0,Safe,Sales
23018,40.9,0,Safe,Sales
23019,39.0,0,Safe,Sales
23020,40.9,0,Safe,Sales
23023,39.0,0,Safe,Sales
23026,40.9,0,Safe,Sales
23027,39.0,0,Safe,Sales
23028,40.9,0,Safe,Sales
23030,5.3,0,Safe,Research & Development
23032,4.8,0,Safe,Research & Development
23036,5.3,0,Safe,Research & Development
23037,4.8,0,Safe,Research & Development
23038,5.3,0,Safe,Research & Development
23040,4.8,0,Safe,Research & Development
23044,5.3,0,Safe,Research & Development
23045,4.8,0,Safe,Research & Development
23138,6.5,0,Safe,Sales
23140,2.7,0,Safe,Sales
23142,3.3,0,Safe,Sales
23143,2.7,0,Safe,Sales
23146,6.5,0,Safe,Sales
23148,2.7,0,Safe,Sales
23150,3.3,0,Safe,Sales
23151,2.7,0,Safe,Sales
23236,17.1,0,Safe,Sales
23239,17.9,0,Safe,Sales
23242,17.1,0,Safe,Sales
23243,17.9,0,Safe,Sales
23244,17.1,0,Safe,Sales
23244,17.9,0,Safe,Sales
23250,17.1,0,Safe,Sales
23251,17.9,0,Safe,Sales
23365,5.3,0,Safe,Sales
23366,5.8,0,Safe,Sales
23368,5.3,0,Safe,Sales
23369,5.8,0,Safe,Sales
23373,5.3,0,Safe,Sales
23374,7.7,0,Safe,Sales
23376,5.3,0,Safe,Sales
23377,5.8,0,Safe,Sales
23428,7.2,0,Safe,Research & Development
23431,7.2,0,Safe,Research & Development
23432,7.2,0,Safe,Research & Development
23433,7.2,0,Safe,Research & Development
23436,7.2,0,Safe,Research & Development
23439,7.2,0,Safe,Research & Development
23440,7.2,0,Safe,Research & Development
23441,7.2,0,Safe,Research & Development
472,76.7,1,HIGH RISK,Human Resources
474,75.6,1,HIGH RISK,Human Resources
475,76.7,1,HIGH RISK,Human Resources
476,75.6,1,HIGH RISK,Human Resources
482,76.7,1,HIGH RISK,Human Resources
484,75.6,1,HIGH RISK,Human Resources
485,76.7,1,HIGH RISK,Human Resources
486,75.6,1,HIGH RISK,Human Resources
3363,19.7,0,Safe,Sales
3366,14.0,0,Safe,Sales
3367,12.3,0,Safe,Sales
3368,14.0,0,Safe,Sales
3371,19.7,0,Safe,Sales
3374,14.0,0,Safe,Sales
3375,12.3,0,Safe,Sales
3376,14.0,0,Safe,Sales
3557,18.8,0,Safe,Research & Development
3559,21.2,0,Safe,Research & Development
3561,18.8,0,Safe,Research & Development
3562,21.2,0,Safe,Research & Development
3565,18.8,0,Safe,Research & Development
3567,21.2,0,Safe,Research & Development
3569,18.8,0,Safe,Research & Development
3570,21.2,0,Safe,Research & Development
3749,16.7,0,Safe,Research & Development
3752,19.2,0,Safe,Research & Development
3755,16.7,0,Safe,Research & Development
3756,19.2,0,Safe,Research & Development
3757,16.7,0,Safe,Research & Development
3760,19.2,0,Safe,Research & Development
3763,16.7,0,Safe,Research & Development
3764,19.2,0,Safe,Research & Development
4341,22.6,0,Safe,Research & Development
4342,22.6,0,Safe,Research & Development
4344,17.5,0,Safe,Research & Development
4345,17.5,0,Safe,Research & Development
4349,22.6,0,Safe,Research & Development
4350,22.6,0,Safe,Research & Development
4352,17.5,0,Safe,Research & Development
4353,17.5,0,Safe,Research & Development
5137,34.8,0,Safe,Research & Development
5139,26.8,0,Safe,Research & Development
5140,38.2,0,Safe,Research & Development
5141,28.1,0,Safe,Research & Development
5145,34.8,0,Safe,Research & Development
5147,26.8,0,Safe,Research & Development
5148,38.2,0,Safe,Research & Development
5149,28.1,0,Safe,Research & Development
5450,29.5,0,Safe,Research & Development
5452,20.9,0,Safe,Research & Development
5454,29.5,0,Safe,Research & Development
5455,29.5,0,Safe,Research & Development
5458,29.5,0,Safe,Research & Development
5460,20.9,0,Safe,Research & Development
5462,29.5,0,Safe,Research & Development
5463,29.5,0,Safe,Research & Development
5956,7.1,0,Safe,Sales
5958,7.0,0,Safe,Sales
5959,7.1,0,Safe,Sales
5960,7.0,0,Safe,Sales
5964,7.1,0,Safe,Sales
5966,7.0,0,Safe,Sales
5967,7.1,0,Safe,Sales
5968,7.0,0,Safe,Sales
6791,30.4,0,Safe,Research & Development
6794,29.1,0,Safe,Research & Development
6795,30.4,0,Safe,Research & Development
6796,29.1,0,Safe,Research & Development
6801,29.1,0,Safe,Research & Development
6802,30.4,0,Safe,Research & Development
6803,29.1,0,Safe,Research & Development
9460,20.9,0,Safe,Research & Development
9462,26.2,0,Safe,Research & Development
9464,26.2,0,Safe,Research & Development
9465,26.2,0,Safe,Research & Development
9468,20.9,0,Safe,Research & Development
9470,26.2,0,Safe,Research & Development
9472,26.2,0,Safe,Research & Development
9473,26.2,0,Safe,Research & Development
10351,30.2,0,Safe,Sales
10353,31.6,0,Safe,Sales
10357,30.2,0,Safe,Sales
10358,31.6,0,Safe,Sales
10359,30.2,0,Safe,Sales
10361,31.6,0,Safe,Sales
10365,30.2,0,Safe,Sales
10366,31.6,0,Safe,Sales
10494,8.1,0,Safe,Sales
10496,5.8,0,Safe,Sales
10497,8.1,0,Safe,Sales
10498,5.8,0,Safe,Sales
10502,8.1,0,Safe,Sales
10503,11.1,0,Safe,Sales
10505,5.8,0,Safe,Sales
10506,8.1,0,Safe,Sales
10507,5.8,0,Safe,Sales
11414,23.5,0,Safe,Research & Development
11417,23.2,0,Safe,Research & Development
11418,20.6,0,Safe,Research & Development
11419,20.3,0,Safe,Research & Development
11421,23.5,0,Safe,Research & Development
11424,23.2,0,Safe,Research & Development
11425,20.6,0,Safe,Research & Development
11426,20.3,0,Safe,Research & Development
12206,15.7,0,Safe,Sales
12207,12.4,0,Safe,Sales
12209,15.7,0,Safe,Sales
12210,15.2,0,Safe,Sales
12214,15.7,0,Safe,Sales
12215,12.4,0,Safe,Sales
12217,15.7,0,Safe,Sales
12218,15.2,0,Safe,Sales
13404,28.1,0,Safe,Sales
13407,30.6,0,Safe,Sales
13408,28.1,0,Safe,Sales
13409,30.6,0,Safe,Sales
13412,28.1,0,Safe,Sales
13415,30.6,0,Safe,Sales
13416,28.1,0,Safe,Sales
13417,30.6,0,Safe,Sales
13944,20.4,0,Safe,Research & Development
13946,22.5,0,Safe,Research & Development
13947,20.4,0,Safe,Research & Development
13948,22.5,0,Safe,Research & Development
13952,20.4,0,Safe,Research & Development
13954,22.5,0,Safe,Research & Development
13955,20.4,0,Safe,Research & Development
13956,22.5,0,Safe,Research & Development
14928,2.5,0,Safe,Research & Development
14931,4.3,0,Safe,Research & Development
14932,4.3,0,Safe,Research & Development
14933,4.3,0,Safe,Research & Development
14936,2.5,0,Safe,Research & Development
14939,4.3,0,Safe,Research & Development
14940,4.3,0,Safe,Research & Development
14941,4.3,0,Safe,Research & Development
15967,44.4,1,HIGH RISK,Sales
15968,49.3,1,HIGH RISK,Sales
15972,44.4,1,HIGH RISK,Sales
15973,49.3,1,HIGH RISK,Sales
15975,44.4,1,HIGH RISK,Sales
15976,49.3,1,HIGH RISK,Sales
15980,44.4,1,HIGH RISK,Sales
15981,49.3,1,HIGH RISK,Sales
16125,53.2,1,HIGH RISK,Research & Development
16128,35.1,0,Safe,Research & Development
16131,53.2,1,HIGH RISK,Research & Development
16132,53.2,1,HIGH RISK,Research & Development
16133,53.2,1,HIGH RISK,Research & Development
16136,35.1,0,Safe,Research & Development
16139,53.2,1,HIGH RISK,Research & Development
16140,53.2,1,HIGH RISK,Research & Development
16919,70.6,1,HIGH RISK,Sales
16921,70.6,1,HIGH RISK,Sales
16923,70.6,1,HIGH RISK,Sales
16924,70.6,1,HIGH RISK,Sales
16927,70.6,1,HIGH RISK,Sales
16929,70.6,1,HIGH RISK,Sales
16931,70.6,1,HIGH RISK,Sales
16932,70.6,1,HIGH RISK,Sales
17234,88.4,1,HIGH RISK,Research & Development
17236,88.1,1,HIGH RISK,Research & Development
17238,88.4,1,HIGH RISK,Research & Development
17239,88.1,1,HIGH RISK,Research & Development
17242,88.4,1,HIGH RISK,Research & Development
17244,88.1,1,HIGH RISK,Research & Development
17246,88.4,1,HIGH RISK,Research & Development
17247,88.1,1,HIGH RISK,Research & Development
19953,14.1,0,Safe,Research & Development
19954,15.3,0,Safe,Research & Development
19958,14.1,0,Safe,Research & Development
19959,15.3,0,Safe,Research & Development
19961,14.1,0,Safe,Research & Development
19962,15.3,0,Safe,Research & Development
19966,14.1,0,Safe,Research & Development
19967,15.3,0,Safe,Research & Development
19968,45.0,1,HIGH RISK,Sales
19971,54.2,1,HIGH RISK,Sales
19972,45.0,1,HIGH RISK,Sales
19973,54.2,1,HIGH RISK,Sales
19976,45.0,1,HIGH RISK,Sales
19979,54.2,1,HIGH RISK,Sales
19980,45.0,1,HIGH RISK,Sales
19981,54.2,1,HIGH RISK,Sales
20268,19.2,0,Safe,Research & Development
20270,15.5,0,Safe,Research & Development
20271,17.0,0,Safe,Research & Development
20272,15.5,0,Safe,Research & Development
20276,19.2,0,Safe,Research & Development
20278,15.5,0,Safe,Research & Development
20279,17.0,0,Safe,Research & Development
20280,15.5,0,Safe,Research & Development
20956,62.6,1,HIGH RISK,Research & Development
20958,54.9,1,HIGH RISK,Research & Development
20961,62.6,1,HIGH RISK,Research & Development
20962,56.9,1,HIGH RISK,Research & Development
20964,62.6,1,HIGH RISK,Research & Development
20966,54.9,1,HIGH RISK,Research & Development
20969,62.6,1,HIGH RISK,Research & Development
20970,56.9,1,HIGH RISK,Research & Development
20987,37.8,0,Safe,Human Resources
20990,17.7,0,Safe,Human Resources
20991,37.8,0,Safe,Human Resources
20992,31.7,0,Safe,Human Resources
20995,37.8,0,Safe,Human Resources
20998,17.7,0,Safe,Human Resources
20999,37.8,0,Safe,Human Resources
21000,31.7,0,Safe,Human Resources
21641,7.9,0,Safe,Research & Development
21642,7.9,0,Safe,Research & Development
21644,7.9,0,Safe,Research & Development
21645,7.9,0,Safe,Research & Development
21649,7.9,0,Safe,Research & Development
21650,7.9,0,Safe,Research & Development
21652,7.9,0,Safe,Research & Development
21653,7.9,0,Safe,Research & Development
21822,26.7,0,Safe,Sales
21825,45.1,1,HIGH RISK,Sales
21826,26.7,0,Safe,Sales
21827,45.1,1,HIGH RISK,Sales
21830,26.7,0,Safe,Sales
21833,45.1,1,HIGH RISK,Sales
21834,26.7,0,Safe,Sales
21835,45.1,1,HIGH RISK,Sales
22022,27.2,0,Safe,Research & Development
22024,27.0,0,Safe,Research & Development
22025,27.2,0,Safe,Research & Development
22026,27.0,0,Safe,Research & Development
22030,27.2,0,Safe,Research & Development
22032,27.0,0,Safe,Research & Development
22033,27.2,0,Safe,Research & Development
22034,27.0,0,Safe,Research & Development
22678,5.0,0,Safe,Research & Development
22680,6.1,0,Safe,Research & Development
22681,7.6,0,Safe,Research & Development
22682,6.1,0,Safe,Research & Development
22686,5.0,0,Safe,Research & Development
22688,6.1,0,Safe,Research & Development
22689,7.6,0,Safe,Research & Development
22690,6.1,0,Safe,Research & Development
22921,21.9,0,Safe,Sales
22923,23.0,0,Safe,Sales
22926,14.2,0,Safe,Sales
22927,14.6,0,Safe,Sales
22929,21.9,0,Safe,Sales
22931,23.0,0,Safe,Sales
22934,14.2,0,Safe,Sales
22935,14.6,0,Safe,Sales
22937,21.9,0,Safe,Research & Development
22938,22.7,0,Safe,Research & Development
22940,21.9,0,Safe,Research & Development
22941,22.7,0,Safe,Research & Development
22945,21.9,0,Safe,Research & Development
22946,22.7,0,Safe,Research & Development
22948,21.9,0,Safe,Research & Development
22949,22.7,0,Safe,Research & Development
23058,24.3,0,Safe,Research & Development
23060,17.4,0,Safe,Research & Development
23062,24.3,0,Safe,Research & Development
23063,17.4,0,Safe,Research & Development
23066,24.3,0,Safe,Research & Development
23068,17.4,0,Safe,Research & Development
23070,24.3,0,Safe,Research & Development
23071,17.4,0,Safe,Research & Development
23397,8.4,0,Safe,Sales
23399,3.5,0,Safe,Sales
23400,8.4,0,Safe,Sales
23401,9.0,0,Safe,Sales
23405,8.4,0,Safe,Sales
23407,3.5,0,Safe,Sales
23408,8.4,0,Safe,Sales
23409,9.0,0,Safe,Sales
239,7.0,0,Safe,Research & Development
242,11.4,0,Safe,Research & Development
243,10.6,0,Safe,Research & Development
244,11.4,0,Safe,Research & Development
247,7.0,0,Safe,Research & Development
248,6.4,0,Safe,Research & Development
251,34.6,0,Safe,Research & Development
257,11.4,0,Safe,Research & Development
258,10.6,0,Safe,Research & Development
259,11.4,0,Safe,Research & Development
333,3.8,0,Safe,Research & Development
336,3.8,0,Safe,Research & Development
337,3.8,0,Safe,Research & Development
338,3.8,0,Safe,Research & Development
341,3.8,0,Safe,Research & Development
342,2.3,0,Safe,Research & Development
345,3.8,0,Safe,Research & Development
349,4.4,0,Safe,Sales
351,3.8,0,Safe,Research & Development
352,3.8,0,Safe,Research & Development
353,3.8,0,Safe,Research & Development
662,2.8,0,Safe,Research & Development
664,6.2,0,Safe,Research & Development
665,2.8,0,Safe,Research & Development
666,6.2,0,Safe,Research & Development
670,2.8,0,Safe,Research & Development
672,6.2,0,Safe,Research & Development
673,2.8,0,Safe,Research & Development
674,6.2,0,Safe,Research & Development
710,19.3,0,Safe,Research & Development
712,25.0,0,Safe,Research & Development
713,19.3,0,Safe,Research & Development
714,25.0,0,Safe,Research & Development
718,19.3,0,Safe,Research & Development
720,25.0,0,Safe,Research & Development
721,19.3,0,Safe,Research & Development
722,25.0,0,Safe,Research & Development
1114,10.0,0,Safe,Research & Development
1115,10.0,0,Safe,Research & Development
1117,10.0,0,Safe,Research & Development
1118,10.0,0,Safe,Research & Development
1122,10.0,0,Safe,Research & Development
1123,10.0,0,Safe,Research & Development
1125,10.0,0,Safe,Research & Development
1126,10.0,0,Safe,Research & Development
1271,1.5,0,Safe,Research & Development
1274,1.8,0,Safe,Research & Development
1275,1.0,0,Safe,Research & Development
1276,1.2,0,Safe,Research & Development
1281,1.8,0,Safe,Research & Development
1282,1.0,0,Safe,Research & Development
1283,1.2,0,Safe,Research & Development
2177,39.8,0,Safe,Research & Development
2178,41.6,0,Safe,Research & Development
2180,39.8,0,Safe,Research & Development
2181,41.6,0,Safe,Research & Development
2185,39.8,0,Safe,Research & Development
2186,41.6,0,Safe,Research & Development
2188,39.8,0,Safe,Research & Development
2189,41.6,0,Safe,Research & Development
2398,4.2,0,Safe,Sales
2399,4.7,0,Safe,Sales
2401,4.2,0,Safe,Sales
2402,4.7,0,Safe,Sales
2406,4.2,0,Safe,Sales
2407,4.7,0,Safe,Sales
2409,4.2,0,Safe,Sales
2410,4.7,0,Safe,Sales
2568,2.8,0,Safe,Research & Development
2570,2.8,0,Safe,Research & Development
2572,2.8,0,Safe,Research & Development
2573,2.8,0,Safe,Research & Development
2576,2.8,0,Safe,Research & Development
2577,2.8,0,Safe,Research & Development
2579,2.8,0,Safe,Research & Development
2580,2.8,0,Safe,Research & Development
2817,19.9,0,Safe,Sales
2819,17.8,0,Safe,Sales
2822,12.4,0,Safe,Sales
2823,10.9,0,Safe,Sales
2825,19.9,0,Safe,Sales
2827,17.8,0,Safe,Sales
2830,12.4,0,Safe,Sales
2831,10.9,0,Safe,Sales
2897,8.6,0,Safe,Research & Development
2899,14.2,0,Safe,Research & Development
2900,13.4,0,Safe,Research & Development
2901,14.2,0,Safe,Research & Development
2905,8.6,0,Safe,Research & Development
2907,14.2,0,Safe,Research & Development
2908,13.4,0,Safe,Research & Development
2909,14.2,0,Safe,Research & Development
3717,2.0,0,Safe,Sales
3719,1.8,0,Safe,Sales
3721,2.0,0,Safe,Sales
3722,1.8,0,Safe,Sales
3725,2.0,0,Safe,Sales
3727,1.8,0,Safe,Sales
3729,2.0,0,Safe,Sales
3730,1.8,0,Safe,Sales
3846,5.1,0,Safe,Research & Development
3847,6.0,0,Safe,Research & Development
3849,3.2,0,Safe,Research & Development
3850,4.1,0,Safe,Research & Development
3854,5.1,0,Safe,Research & Development
3855,6.0,0,Safe,Research & Development
3857,3.2,0,Safe,Research & Development
3858,4.1,0,Safe,Research & Development
4038,2.7,0,Safe,Sales
4040,2.2,0,Safe,Sales
4041,2.7,0,Safe,Sales
4042,2.2,0,Safe,Sales
4046,2.7,0,Safe,Sales
4048,2.2,0,Safe,Sales
4049,2.7,0,Safe,Sales
4050,2.2,0,Safe,Sales
4117,9.5,0,Safe,Research & Development
4120,17.0,0,Safe,Research & Development
4121,16.6,0,Safe,Research & Development
4122,17.0,0,Safe,Research & Development
4125,9.5,0,Safe,Research & Development
4128,17.0,0,Safe,Research & Development
4129,16.6,0,Safe,Research & Development
4130,17.0,0,Safe,Research & Development
4149,2.9,0,Safe,Sales
4152,3.1,0,Safe,Sales
4153,2.9,0,Safe,Sales
4154,3.1,0,Safe,Sales
4157,2.9,0,Safe,Sales
4160,3.1,0,Safe,Sales
4161,2.9,0,Safe,Sales
4162,3.1,0,Safe,Sales
4324,5.9,0,Safe,Sales
4326,5.5,0,Safe,Sales
4328,5.9,0,Safe,Sales
4329,5.5,0,Safe,Sales
4332,5.9,0,Safe,Sales
4334,5.5,0,Safe,Sales
4336,5.9,0,Safe,Sales
4337,5.5,0,Safe,Sales
4357,5.6,0,Safe,Research & Development
4359,5.6,0,Safe,Research & Development
4362,5.6,0,Safe,Research & Development
4363,5.6,0,Safe,Research & Development
4365,5.6,0,Safe,Research & Development
4367,5.6,0,Safe,Research & Development
4370,5.6,0,Safe,Research & Development
4371,5.6,0,Safe,Research & Development
4602,2.5,0,Safe,Sales
4604,2.4,0,Safe,Sales
4606,5.9,0,Safe,Sales
4607,5.9,0,Safe,Sales
4610,2.5,0,Safe,Sales
4612,2.4,0,Safe,Sales
4614,5.9,0,Safe,Sales
4615,5.9,0,Safe,Sales
5466,6.6,0,Safe,Research & Development
5468,7.1,0,Safe,Research & Development
5470,6.6,0,Safe,Research & Development
5471,7.1,0,Safe,Research & Development
5474,6.6,0,Safe,Research & Development
5476,7.1,0,Safe,Research & Development
5478,6.6,0,Safe,Research & Development
5479,7.1,0,Safe,Research & Development
5560,3.3,0,Safe,Sales
5563,3.7,0,Safe,Sales
5564,3.3,0,Safe,Sales
5565,3.7,0,Safe,Sales
5568,3.3,0,Safe,Sales
5571,3.7,0,Safe,Sales
5572,3.3,0,Safe,Sales
5573,3.7,0,Safe,Sales
5654,6.1,0,Safe,Sales
5656,10.3,0,Safe,Sales
5658,10.7,0,Safe,Sales
5659,10.3,0,Safe,Sales
5662,6.1,0,Safe,Sales
5664,10.3,0,Safe,Sales
5666,10.7,0,Safe,Sales
5667,10.3,0,Safe,Sales
5750,2.2,0,Safe,Research & Development
5752,5.6,0,Safe,Research & Development
5755,5.3,0,Safe,Research & Development
5756,5.6,0,Safe,Research & Development
5758,2.2,0,Safe,Research & Development
5760,5.6,0,Safe,Research & Development
5763,5.3,0,Safe,Research & Development
5764,5.6,0,Safe,Research & Development
5877,23.2,0,Safe,Research & Development
5879,35.4,0,Safe,Research & Development
5880,23.2,0,Safe,Research & Development
5881,35.4,0,Safe,Research & Development
5885,23.2,0,Safe,Research & Development
5887,35.4,0,Safe,Research & Development
5888,23.2,0,Safe,Research & Development
5889,35.4,0,Safe,Research & Development
6003,10.3,0,Safe,Research & Development
6006,5.4,0,Safe,Research & Development
6007,10.3,0,Safe,Research & Development
6008,8.2,0,Safe,Research & Development
6011,10.3,0,Safe,Research & Development
6014,5.4,0,Safe,Research & Development
6015,10.3,0,Safe,Research & Development
6016,8.2,0,Safe,Research & Development
6100,8.3,0,Safe,Research & Development
6102,8.9,0,Safe,Research & Development
6103,8.3,0,Safe,Research & Development
6104,8.9,0,Safe,Research & Development
6108,8.3,0,Safe,Research & Development
6110,8.9,0,Safe,Research & Development
6111,8.3,0,Safe,Research & Development
6112,8.9,0,Safe,Research & Development
6341,2.1,0,Safe,Research & Development
6342,3.7,0,Safe,Research & Development
6344,3.3,0,Safe,Research & Development
6345,3.7,0,Safe,Research & Development
6349,2.1,0,Safe,Research & Development
6350,3.7,0,Safe,Research & Development
6352,3.3,0,Safe,Research & Development
6353,3.7,0,Safe,Research & Development
6420,4.1,0,Safe,Research & Development
6422,2.5,0,Safe,Research & Development
6425,4.1,0,Safe,Research & Development
6426,4.4,0,Safe,Research & Development
6428,4.1,0,Safe,Research & Development
6430,2.5,0,Safe,Research & Development
6433,4.1,0,Safe,Research & Development
6434,4.4,0,Safe,Research & Development
6452,7.5,0,Safe,Research & Development
6454,12.1,0,Safe,Research & Development
6455,12.1,0,Safe,Research & Development
6456,12.1,0,Safe,Research & Development
6460,7.5,0,Safe,Research & Development
6462,12.1,0,Safe,Research & Development
6463,12.1,0,Safe,Research & Development
6464,12.1,0,Safe,Research & Development
6776,18.3,0,Safe,Research & Development
6778,18.3,0,Safe,Research & Development
6780,18.3,0,Safe,Research & Development
6781,18.3,0,Safe,Research & Development
6785,18.3,0,Safe,Research & Development
6787,18.3,0,Safe,Research & Development
6788,18.3,0,Safe,Research & Development
7300,12.5,0,Safe,Research & Development
7303,11.9,0,Safe,Research & Development
7304,12.5,0,Safe,Research & Development
7305,11.9,0,Safe,Research & Development
7308,12.5,0,Safe,Research & Development
7310,11.9,0,Safe,Research & Development
7311,12.5,0,Safe,Research & Development
7312,11.9,0,Safe,Research & Development
7466,2.8,0,Safe,Sales
7468,2.0,0,Safe,Sales
7469,2.8,0,Safe,Sales
7470,2.0,0,Safe,Sales
7475,8.9,0,Safe,Sales
7476,2.8,0,Safe,Sales
7477,2.0,0,Safe,Sales
7542,9.3,0,Safe,Research & Development
7543,4.1,0,Safe,Research & Development
7547,9.3,0,Safe,Research & Development
7548,11.6,0,Safe,Research & Development
7550,9.3,0,Safe,Research & Development
7551,4.1,0,Safe,Research & Development
7555,9.3,0,Safe,Research & Development
7556,11.6,0,Safe,Research & Development
7820,0.7,0,Safe,Research & Development
7822,0.7,0,Safe,Research & Development
7823,0.7,0,Safe,Research & Development
7824,0.7,0,Safe,Research & Development
7827,0.7,0,Safe,Research & Development
7829,0.7,0,Safe,Research & Development
7830,0.7,0,Safe,Research & Development
7831,0.7,0,Safe,Research & Development
7960,1.0,0,Safe,Research & Development
7961,1.1,0,Safe,Research & Development
7963,1.0,0,Safe,Research & Development
7964,1.1,0,Safe,Research & Development
7968,1.0,0,Safe,Research & Development
7969,1.1,0,Safe,Research & Development
7971,1.0,0,Safe,Research & Development
7972,1.1,0,Safe,Research & Development
8119,2.8,0,Safe,Sales
8121,2.7,0,Safe,Sales
8123,2.8,0,Safe,Sales
8124,2.7,0,Safe,Sales
8127,2.8,0,Safe,Sales
8129,2.7,0,Safe,Sales
8131,2.8,0,Safe,Sales
8132,2.7,0,Safe,Sales
8310,8.5,0,Safe,Research & Development
8312,14.6,0,Safe,Research & Development
8314,11.9,0,Safe,Research & Development
8315,14.6,0,Safe,Research & Development
8318,8.5,0,Safe,Research & Development
8320,14.6,0,Safe,Research & Development
8322,11.9,0,Safe,Research & Development
8323,14.6,0,Safe,Research & Development
8775,5.8,0,Safe,Sales
8777,7.2,0,Safe,Sales
8779,5.8,0,Safe,Sales
8780,12.0,0,Safe,Sales
8783,5.8,0,Safe,Sales
8785,7.2,0,Safe,Sales
8787,5.8,0,Safe,Sales
8788,12.0,0,Safe,Sales
8808,10.7,0,Safe,Research & Development
8809,10.0,0,Safe,Research & Development
8811,10.7,0,Safe,Research & Development
8812,10.0,0,Safe,Research & Development
8816,10.7,0,Safe,Research & Development
8817,10.0,0,Safe,Research & Development
8819,10.7,0,Safe,Research & Development
8820,10.0,0,Safe,Research & Development
8918,8.6,0,Safe,Sales
8920,13.3,0,Safe,Sales
8922,8.6,0,Safe,Sales
8923,13.3,0,Safe,Sales
8926,8.6,0,Safe,Sales
8928,13.3,0,Safe,Sales
8930,8.6,0,Safe,Sales
8931,13.3,0,Safe,Sales
9191,3.8,0,Safe,Research & Development
9194,3.7,0,Safe,Research & Development
9195,3.8,0,Safe,Research & Development
9196,3.7,0,Safe,Research & Development
9199,3.8,0,Safe,Research & Development
9202,3.7,0,Safe,Research & Development
9203,3.8,0,Safe,Research & Development
9204,3.7,0,Safe,Research & Development
9239,8.2,0,Safe,Research & Development
9241,3.8,0,Safe,Research & Development
9242,8.2,0,Safe,Research & Development
9243,6.7,0,Safe,Research & Development
9246,8.2,0,Safe,Research & Development
9248,3.8,0,Safe,Research & Development
9249,8.2,0,Safe,Research & Development
9250,6.7,0,Safe,Research & Development
9381,1.0,0,Safe,Research & Development
9382,1.0,0,Safe,Research & Development
9384,1.0,0,Safe,Research & Development
9385,1.0,0,Safe,Research & Development
9389,1.0,0,Safe,Research & Development
9390,1.0,0,Safe,Research & Development
9392,1.0,0,Safe,Research & Development
9393,1.0,0,Safe,Research & Development
9540,3.6,0,Safe,Research & Development
9543,3.4,0,Safe,Research & Development
9544,2.6,0,Safe,Research & Development
9545,2.3,0,Safe,Research & Development
9548,3.6,0,Safe,Research & Development
9551,3.4,0,Safe,Research & Development
9552,2.6,0,Safe,Research & Development
9553,2.3,0,Safe,Research & Development
9589,5.3,0,Safe,Research & Development
9591,2.0,0,Safe,Research & Development
9592,5.3,0,Safe,Research & Development
9593,2.0,0,Safe,Research & Development
9597,5.3,0,Safe,Research & Development
9599,2.0,0,Safe,Research & Development
9600,5.3,0,Safe,Research & Development
9601,2.0,0,Safe,Research & Development
10544,1.0,0,Safe,Research & Development
10547,0.9,0,Safe,Research & Development
10548,1.4,0,Safe,Research & Development
10549,1.2,0,Safe,Research & Development
10552,1.0,0,Safe,Research & Development
10556,0.9,0,Safe,Research & Development
10557,1.4,0,Safe,Research & Development
10558,1.2,0,Safe,Research & Development
10613,3.4,0,Safe,Sales
10615,3.8,0,Safe,Sales
10616,2.3,0,Safe,Sales
10617,2.6,0,Safe,Sales
10621,3.4,0,Safe,Sales
10622,2.0,0,Safe,Sales
10624,3.8,0,Safe,Sales
10625,2.3,0,Safe,Sales
10626,2.6,0,Safe,Sales
10780,6.0,0,Safe,Sales
10782,2.9,0,Safe,Sales
10783,6.0,0,Safe,Sales
10784,6.0,0,Safe,Sales
10788,6.0,0,Safe,Sales
10790,2.9,0,Safe,Sales
10791,6.0,0,Safe,Sales
10792,6.0,0,Safe,Sales
11194,1.9,0,Safe,Sales
11197,3.4,0,Safe,Sales
11198,2.7,0,Safe,Sales
11199,3.4,0,Safe,Sales
11202,1.9,0,Safe,Sales
11205,3.4,0,Safe,Sales
11206,2.7,0,Safe,Sales
11207,3.4,0,Safe,Sales
11227,3.7,0,Safe,Sales
11229,3.3,0,Safe,Sales
11230,3.7,0,Safe,Sales
11231,3.3,0,Safe,Sales
11235,3.7,0,Safe,Sales
11237,3.3,0,Safe,Sales
11238,3.7,0,Safe,Sales
11239,3.3,0,Safe,Sales
12959,3.6,0,Safe,Research & Development
12962,3.6,0,Safe,Research & Development
12963,2.0,0,Safe,Research & Development
12964,2.0,0,Safe,Research & Development
12967,3.6,0,Safe,Research & Development
12970,3.6,0,Safe,Research & Development
12971,2.0,0,Safe,Research & Development
12972,2.0,0,Safe,Research & Development
13198,3.2,0,Safe,Research & Development
13200,4.2,0,Safe,Research & Development
13202,3.2,0,Safe,Research & Development
13203,4.2,0,Safe,Research & Development
13206,3.2,0,Safe,Research & Development
13208,4.2,0,Safe,Research & Development
13210,3.2,0,Safe,Research & Development
13211,4.2,0,Safe,Research & Development
13229,2.1,0,Safe,Research & Development
13232,2.1,0,Safe,Research & Development
13235,2.1,0,Safe,Research & Development
13236,2.1,0,Safe,Research & Development
13237,2.1,0,Safe,Research & Development
13240,2.1,0,Safe,Research & Development
13243,2.1,0,Safe,Research & Development
13244,2.1,0,Safe,Research & Development
13657,1.0,0,Safe,Research & Development
13660,1.0,0,Safe,Research & Development
13661,1.0,0,Safe,Research & Development
13662,1.0,0,Safe,Research & Development
13665,1.0,0,Safe,Research & Development
13668,1.0,0,Safe,Research & Development
13669,1.0,0,Safe,Research & Development
13670,1.0,0,Safe,Research & Development
13768,7.6,0,Safe,Research & Development
13770,9.1,0,Safe,Research & Development
13772,7.6,0,Safe,Research & Development
13773,9.1,0,Safe,Research & Development
13776,7.6,0,Safe,Research & Development
13778,9.1,0,Safe,Research & Development
13780,7.6,0,Safe,Research & Development
13781,9.1,0,Safe,Research & Development
13928,1.0,0,Safe,Sales
13929,1.0,0,Safe,Sales
13931,1.0,0,Safe,Sales
13932,1.0,0,Safe,Sales
13936,1.0,0,Safe,Sales
13937,1.0,0,Safe,Sales
13939,1.0,0,Safe,Sales
13940,1.0,0,Safe,Sales
14120,1.0,0,Safe,Sales
14122,1.0,0,Safe,Sales
14123,1.0,0,Safe,Sales
14124,1.0,0,Safe,Sales
14128,1.0,0,Safe,Sales
14130,1.0,0,Safe,Sales
14131,1.0,0,Safe,Sales
14132,1.0,0,Safe,Sales
14304,8.1,0,Safe,Research & Development
14306,3.4,0,Safe,Research & Development
14308,8.1,0,Safe,Research & Development
14309,7.9,0,Safe,Research & Development
14311,8.1,0,Safe,Research & Development
14313,3.4,0,Safe,Research & Development
14315,8.1,0,Safe,Research & Development
14316,7.9,0,Safe,Research & Development
14463,1.6,0,Safe,Research & Development
14465,0.7,0,Safe,Research & Development
14467,1.6,0,Safe,Research & Development
14468,1.5,0,Safe,Research & Development
14471,1.6,0,Safe,Research & Development
14473,0.7,0,Safe,Research & Development
14475,1.6,0,Safe,Research & Development
14476,1.5,0,Safe,Research & Development
14495,2.7,0,Safe,Research & Development
14497,2.0,0,Safe,Research & Development
14499,2.7,0,Safe,Research & Development
14500,2.5,0,Safe,Research & Development
14503,2.7,0,Safe,Research & Development
14505,2.0,0,Safe,Research & Development
14507,2.7,0,Safe,Research & Development
14508,2.5,0,Safe,Research & Development
14913,12.3,0,Safe,Research & Development
14914,10.4,0,Safe,Research & Development
14916,12.3,0,Safe,Research & Development
14917,10.4,0,Safe,Research & Development
14921,12.3,0,Safe,Research & Development
14922,10.4,0,Safe,Research & Development
14924,12.3,0,Safe,Research & Development
14925,10.4,0,Safe,Research & Development
15300,0.8,0,Safe,Sales
15302,0.7,0,Safe,Sales
15303,1.9,0,Safe,Sales
15304,1.7,0,Safe,Sales
15310,0.8,0,Safe,Sales
15312,0.7,0,Safe,Sales
15313,1.9,0,Safe,Sales
15314,1.7,0,Safe,Sales
15650,7.2,0,Safe,Research & Development
15652,5.9,0,Safe,Research & Development
15653,5.8,0,Safe,Research & Development
15654,5.9,0,Safe,Research & Development
15658,7.2,0,Safe,Research & Development
15660,5.9,0,Safe,Research & Development
15661,5.8,0,Safe,Research & Development
15662,5.9,0,Safe,Research & Development
16015,7.6,0,Safe,Research & Development
16016,7.0,0,Safe,Research & Development
16018,7.6,0,Safe,Research & Development
16019,7.0,0,Safe,Research & Development
16023,7.6,0,Safe,Research & Development
16024,7.0,0,Safe,Research & Development
16026,7.6,0,Safe,Research & Development
16027,7.0,0,Safe,Research & Development
16093,31.0,0,Safe,Human Resources
16096,21.0,0,Safe,Human Resources
16097,31.0,0,Safe,Human Resources
16098,33.2,0,Safe,Human Resources
16101,31.0,0,Safe,Human Resources
16104,21.0,0,Safe,Human Resources
16105,31.0,0,Safe,Human Resources
16106,33.2,0,Safe,Human Resources
16872,2.2,0,Safe,Research & Development
16874,1.8,0,Safe,Research & Development
16875,2.2,0,Safe,Research & Development
16876,1.8,0,Safe,Research & Development
16880,2.2,0,Safe,Research & Development
16882,1.8,0,Safe,Research & Development
16883,2.2,0,Safe,Research & Development
16884,1.8,0,Safe,Research & Development
17013,6.5,0,Safe,Sales
17016,7.8,0,Safe,Sales
17017,6.5,0,Safe,Sales
17018,7.8,0,Safe,Sales
17021,6.5,0,Safe,Sales
17024,7.8,0,Safe,Sales
17025,6.5,0,Safe,Sales
17026,7.8,0,Safe,Sales
17030,1.2,0,Safe,Research & Development
17032,1.2,0,Safe,Research & Development
17033,0.7,0,Safe,Research & Development
17034,0.7,0,Safe,Research & Development
17038,1.2,0,Safe,Research & Development
17040,1.2,0,Safe,Research & Development
17041,0.7,0,Safe,Research & Development
17042,0.7,0,Safe,Research & Development
17157,4.1,0,Safe,Research & Development
17159,4.4,0,Safe,Research & Development
17161,4.1,0,Safe,Research & Development
17162,4.4,0,Safe,Research & Development
17165,4.1,0,Safe,Research & Development
17167,4.4,0,Safe,Research & Development
17169,4.1,0,Safe,Research & Development
17170,4.4,0,Safe,Research & Development
17446,5.8,0,Safe,Research & Development
17448,5.2,0,Safe,Research & Development
17450,5.8,0,Safe,Research & Development
17451,5.2,0,Safe,Research & Development
17454,5.8,0,Safe,Research & Development
17456,5.2,0,Safe,Research & Development
17458,5.8,0,Safe,Research & Development
17459,5.2,0,Safe,Research & Development
17668,4.8,0,Safe,Research & Development
17671,4.9,0,Safe,Research & Development
17672,4.8,0,Safe,Research & Development
17673,4.9,0,Safe,Research & Development
17676,4.8,0,Safe,Research & Development
17679,4.9,0,Safe,Research & Development
17680,4.8,0,Safe,Research & Development
17681,4.9,0,Safe,Research & Development
17942,2.9,0,Safe,Research & Development
17944,1.6,0,Safe,Research & Development
17946,2.9,0,Safe,Research & Development
17947,2.9,0,Safe,Research & Development
17950,2.9,0,Safe,Research & Development
17951,1.6,0,Safe,Research & Development
17953,2.9,0,Safe,Research & Development
17954,2.9,0,Safe,Research & Development
17985,2.4,0,Safe,Research & Development
17987,5.0,0,Safe,Research & Development
17989,5.0,0,Safe,Research & Development
17990,5.0,0,Safe,Research & Development
17993,2.4,0,Safe,Research & Development
17995,5.0,0,Safe,Research & Development
17997,5.0,0,Safe,Research & Development
17998,5.0,0,Safe,Research & Development
18201,1.9,0,Safe,Research & Development
18202,2.5,0,Safe,Research & Development
18204,2.5,0,Safe,Research & Development
18205,2.5,0,Safe,Research & Development
18208,1.9,0,Safe,Research & Development
18209,2.5,0,Safe,Research & Development
18211,2.5,0,Safe,Research & Development
18212,2.5,0,Safe,Research & Development
18544,2.5,0,Safe,Sales
18546,2.5,0,Safe,Sales
18547,2.5,0,Safe,Sales
18548,2.5,0,Safe,Sales
18552,2.5,0,Safe,Sales
18554,2.5,0,Safe,Sales
17031,2.5,0,Safe,Sales
18556,2.5,0,Safe,Sales
18629,6.3,0,Safe,Sales
18631,5.8,0,Safe,Sales
18632,6.3,0,Safe,Sales
18633,5.8,0,Safe,Sales
18637,6.3,0,Safe,Sales
18639,5.8,0,Safe,Sales
18640,6.3,0,Safe,Sales
18641,5.8,0,Safe,Sales
18738,24.7,0,Safe,Sales
18740,20.0,0,Safe,Sales
18742,24.7,0,Safe,Sales
18743,20.0,0,Safe,Sales
18745,24.7,0,Safe,Sales
18747,20.0,0,Safe,Sales
18749,24.7,0,Safe,Sales
18750,20.0,0,Safe,Sales
18904,3.3,0,Safe,Research & Development
18906,3.5,0,Safe,Research & Development
18907,3.3,0,Safe,Research & Development
18908,3.5,0,Safe,Research & Development
18912,3.3,0,Safe,Research & Development
18914,3.5,0,Safe,Research & Development
18915,3.3,0,Safe,Research & Development
18916,3.5,0,Safe,Research & Development
18997,2.5,0,Safe,Sales
18999,2.9,0,Safe,Sales
19003,2.5,0,Safe,Sales
19004,2.9,0,Safe,Sales
19005,2.5,0,Safe,Sales
19007,2.9,0,Safe,Sales
19011,2.5,0,Safe,Sales
19012,2.9,0,Safe,Sales
19363,7.2,0,Safe,Research & Development
19365,5.0,0,Safe,Research & Development
19366,7.2,0,Safe,Research & Development
19367,7.3,0,Safe,Research & Development
19371,7.2,0,Safe,Research & Development
19373,5.0,0,Safe,Research & Development
19374,7.2,0,Safe,Research & Development
19375,7.3,0,Safe,Research & Development
19395,4.2,0,Safe,Human Resources
19396,7.9,0,Safe,Human Resources
19400,2.7,0,Safe,Human Resources
19401,4.1,0,Safe,Human Resources
19403,4.2,0,Safe,Human Resources
19404,7.9,0,Safe,Human Resources
19408,2.7,0,Safe,Human Resources
19409,4.1,0,Safe,Human Resources
19490,5.0,0,Safe,Research & Development
19492,1.7,0,Safe,Research & Development
19494,5.0,0,Safe,Research & Development
19495,3.0,0,Safe,Research & Development
19498,5.0,0,Safe,Research & Development
19500,1.7,0,Safe,Research & Development
19502,5.0,0,Safe,Research & Development
19503,3.0,0,Safe,Research & Development
19984,11.1,0,Safe,Research & Development
19985,12.4,0,Safe,Research & Development
19986,8.0,0,Safe,Research & Development
19987,9.0,0,Safe,Research & Development
19988,11.1,0,Safe,Research & Development
19989,12.4,0,Safe,Research & Development
19990,8.0,0,Safe,Research & Development
19991,9.0,0,Safe,Research & Development
19992,11.1,0,Safe,Research & Development
19993,12.4,0,Safe,Research & Development
19994,8.0,0,Safe,Research & Development
19995,9.0,0,Safe,Research & Development
19996,11.1,0,Safe,Research & Development
19997,12.4,0,Safe,Research & Development
19998,8.0,0,Safe,Research & Development
19999,9.0,0,Safe,Research & Development
20111,16.4,0,Safe,Research & Development
20113,21.3,0,Safe,Research & Development
20115,24.3,0,Safe,Research & Development
20116,21.3,0,Safe,Research & Development
20118,16.4,0,Safe,Research & Development
20120,21.3,0,Safe,Research & Development
20122,24.3,0,Safe,Research & Development
20123,21.3,0,Safe,Research & Development
20284,0.8,0,Safe,Research & Development
20286,0.4,0,Safe,Research & Development
20287,0.8,0,Safe,Research & Development
20288,0.8,0,Safe,Research & Development
20292,0.8,0,Safe,Research & Development
20294,0.4,0,Safe,Research & Development
20295,0.8,0,Safe,Research & Development
20296,0.8,0,Safe,Research & Development
20940,15.1,0,Safe,Human Resources
20942,26.8,0,Safe,Human Resources
20943,26.8,0,Safe,Human Resources
20944,26.8,0,Safe,Human Resources
20948,15.1,0,Safe,Human Resources
20950,26.8,0,Safe,Human Resources
20951,26.8,0,Safe,Human Resources
20952,26.8,0,Safe,Human Resources
21019,3.5,0,Safe,Research & Development
21021,3.7,0,Safe,Research & Development
21022,2.2,0,Safe,Research & Development
21023,2.3,0,Safe,Research & Development
21027,3.5,0,Safe,Research & Development
21029,3.7,0,Safe,Research & Development
21030,2.2,0,Safe,Research & Development
21031,2.3,0,Safe,Research & Development
21066,3.3,0,Safe,Research & Development
21068,3.3,0,Safe,Research & Development
21072,3.3,0,Safe,Research & Development
21073,3.3,0,Safe,Research & Development
21074,3.3,0,Safe,Research & Development
21076,3.3,0,Safe,Research & Development
21080,3.3,0,Safe,Research & Development
21081,3.3,0,Safe,Research & Development
21162,6.6,0,Safe,Research & Development
21165,6.9,0,Safe,Research & Development
21166,9.8,0,Safe,Research & Development
21167,6.9,0,Safe,Research & Development
21170,6.6,0,Safe,Research & Development
21173,6.9,0,Safe,Research & Development
21174,9.8,0,Safe,Research & Development
21175,6.9,0,Safe,Research & Development
21242,39.0,0,Safe,Human Resources
21244,37.2,0,Safe,Human Resources
21246,39.0,0,Safe,Human Resources
21247,37.2,0,Safe,Human Resources
21250,39.0,0,Safe,Human Resources
21252,37.2,0,Safe,Human Resources
21254,39.0,0,Safe,Human Resources
21255,37.2,0,Safe,Human Resources
21355,3.7,0,Safe,Research & Development
21357,2.4,0,Safe,Research & Development
21358,2.4,0,Safe,Research & Development
21359,2.4,0,Safe,Research & Development
21362,3.7,0,Safe,Research & Development
21364,2.4,0,Safe,Research & Development
21365,2.4,0,Safe,Research & Development
21366,2.4,0,Safe,Research & Development
21464,7.5,0,Safe,Research & Development
21467,7.0,0,Safe,Research & Development
21468,7.5,0,Safe,Research & Development
21469,7.0,0,Safe,Research & Development
21472,7.5,0,Safe,Research & Development
21475,7.0,0,Safe,Research & Development
21476,7.5,0,Safe,Research & Development
21477,7.0,0,Safe,Research & Development
21545,4.4,0,Safe,Research & Development
21547,4.4,0,Safe,Research & Development
21548,4.4,0,Safe,Research & Development
21549,4.4,0,Safe,Research & Development
21553,4.4,0,Safe,Research & Development
21555,4.4,0,Safe,Research & Development
21556,4.4,0,Safe,Research & Development
21557,4.4,0,Safe,Research & Development
22070,33.8,0,Safe,Research & Development
22072,40.2,0,Safe,Research & Development
22073,33.8,0,Safe,Research & Development
22074,40.2,0,Safe,Research & Development
22078,33.8,0,Safe,Research & Development
22080,40.2,0,Safe,Research & Development
22081,33.8,0,Safe,Research & Development
22082,40.2,0,Safe,Research & Development
22181,7.5,0,Safe,Research & Development
22183,7.5,0,Safe,Research & Development
22185,7.5,0,Safe,Research & Development
22186,7.5,0,Safe,Research & Development
22189,7.5,0,Safe,Research & Development
22191,7.5,0,Safe,Research & Development
22193,7.5,0,Safe,Research & Development
22194,7.5,0,Safe,Research & Development
22326,5.9,0,Safe,Sales
22327,5.9,0,Safe,Sales
22329,5.9,0,Safe,Sales
22330,5.9,0,Safe,Sales
22334,5.9,0,Safe,Sales
22335,5.9,0,Safe,Sales
22337,5.9,0,Safe,Sales
22338,5.9,0,Safe,Sales
23221,8.2,0,Safe,Research & Development
23223,7.7,0,Safe,Research & Development
23224,8.2,0,Safe,Research & Development
23225,7.7,0,Safe,Research & Development
23229,8.2,0,Safe,Research & Development
23231,7.7,0,Safe,Research & Development
23232,8.2,0,Safe,Research & Development
23233,7.7,0,Safe,Research & Development
23332,2.8,0,Safe,Research & Development
23335,2.8,0,Safe,Research & Development
23336,5.8,0,Safe,Research & Development
23337,5.7,0,Safe,Research & Development
23340,2.8,0,Safe,Research & Development
23343,2.8,0,Safe,Research & Development
23344,5.8,0,Safe,Research & Development
23345,5.7,0,Safe,Research & Development
23348,15.7,0,Safe,Research & Development
23351,16.9,0,Safe,Research & Development
23352,15.7,0,Safe,Research & Development
23353,16.9,0,Safe,Research & Development
23356,15.7,0,Safe,Research & Development
23359,16.9,0,Safe,Research & Development
23360,15.7,0,Safe,Research & Development
23361,16.9,0,Safe,Research & Development
508,52.8,1,HIGH RISK,Human Resources
510,51.2,1,HIGH RISK,Human Resources
511,52.8,1,HIGH RISK,Human Resources
512,51.2,1,HIGH RISK,Human Resources
518,52.8,1,HIGH RISK,Human Resources
520,51.2,1,HIGH RISK,Human Resources
521,52.8,1,HIGH RISK,Human Resources
522,51.2,1,HIGH RISK,Human Resources
7121,56.8,1,HIGH RISK,Research & Development
7123,37.4,0,Safe,Research & Development
7126,56.8,1,HIGH RISK,Research & Development
7127,54.9,1,HIGH RISK,Research & Development
7129,56.8,1,HIGH RISK,Research & Development
7131,37.4,0,Safe,Research & Development
7134,56.8,1,HIGH RISK,Research & Development
7135,54.9,1,HIGH RISK,Research & Development
7927,23.0,0,Safe,Sales
7929,34.1,0,Safe,Sales
7931,34.2,0,Safe,Sales
7932,34.1,0,Safe,Sales
7935,23.0,0,Safe,Sales
7937,34.1,0,Safe,Sales
7939,34.2,0,Safe,Sales
7940,34.1,0,Safe,Sales
11084,10.4,0,Safe,Sales
11085,10.4,0,Safe,Sales
11087,10.4,0,Safe,Sales
11088,10.4,0,Safe,Sales
11092,10.4,0,Safe,Sales
11093,10.4,0,Safe,Sales
11095,10.4,0,Safe,Sales
11096,10.4,0,Safe,Sales
15966,31.1,0,Safe,Research & Development
15969,56.1,1,HIGH RISK,Research & Development
15970,51.7,1,HIGH RISK,Research & Development
15971,56.1,1,HIGH RISK,Research & Development
15974,31.1,0,Safe,Research & Development
15977,56.1,1,HIGH RISK,Research & Development
15978,51.7,1,HIGH RISK,Research & Development
15979,56.1,1,HIGH RISK,Research & Development
22053,65.5,1,HIGH RISK,Human Resources
22056,65.5,1,HIGH RISK,Human Resources
22059,65.5,1,HIGH RISK,Human Resources
22060,65.5,1,HIGH RISK,Human Resources
22061,65.5,1,HIGH RISK,Human Resources
22064,65.5,1,HIGH RISK,Human Resources
22067,65.5,1,HIGH RISK,Human Resources
22068,65.5,1,HIGH RISK,Human Resources
71,8.0,0,Safe,Research & Development
73,1.9,0,Safe,Research & Development
75,8.0,0,Safe,Research & Development
76,5.3,0,Safe,Research & Development
79,8.0,0,Safe,Research & Development
80,8.7,0,Safe,Research & Development
83,3.8,0,Safe,Research & Development
88,1.9,0,Safe,Research & Development
90,8.0,0,Safe,Research & Development
91,5.3,0,Safe,Research & Development
252,1.4,0,Safe,Research & Development
348,1.1,0,Safe,Research & Development
373,6.9,0,Safe,Sales
791,1.3,0,Safe,Research & Development
793,1.3,0,Safe,Research & Development
795,1.3,0,Safe,Research & Development
796,1.3,0,Safe,Research & Development
799,1.3,0,Safe,Research & Development
801,1.3,0,Safe,Research & Development
803,1.3,0,Safe,Research & Development
804,1.3,0,Safe,Research & Development
823,1.2,0,Safe,Sales
825,1.3,0,Safe,Sales
827,1.2,0,Safe,Sales
828,1.3,0,Safe,Sales
831,1.2,0,Safe,Sales
833,1.3,0,Safe,Sales
835,1.2,0,Safe,Sales
836,1.3,0,Safe,Sales
872,18.4,0,Safe,Research & Development
873,18.6,0,Safe,Research & Development
875,7.5,0,Safe,Research & Development
876,7.4,0,Safe,Research & Development
880,18.4,0,Safe,Research & Development
881,18.6,0,Safe,Research & Development
883,7.5,0,Safe,Research & Development
884,7.4,0,Safe,Research & Development
904,3.6,0,Safe,Sales
906,4.0,0,Safe,Sales
907,2.9,0,Safe,Sales
908,3.1,0,Safe,Sales
912,3.6,0,Safe,Sales
914,4.0,0,Safe,Sales
915,2.9,0,Safe,Sales
916,3.1,0,Safe,Sales
1937,12.8,0,Safe,Sales
1939,12.2,0,Safe,Sales
1826,12.8,0,Safe,Sales
1941,12.2,0,Safe,Sales
1945,12.8,0,Safe,Sales
1947,12.2,0,Safe,Sales
1948,12.8,0,Safe,Sales
1949,12.2,0,Safe,Sales
2658,0.4,0,Safe,Research & Development
2659,0.9,0,Safe,Research & Development
2660,0.9,0,Safe,Research & Development
2661,0.9,0,Safe,Research & Development
2662,0.9,0,Safe,Research & Development
2663,0.9,0,Safe,Research & Development
2664,0.9,0,Safe,Research & Development
2665,0.9,0,Safe,Research & Development
2666,0.4,0,Safe,Research & Development
2667,0.9,0,Safe,Research & Development
2668,1.1,0,Safe,Research & Development
2669,0.9,0,Safe,Research & Development
2670,0.9,0,Safe,Research & Development
2671,0.9,0,Safe,Research & Development
2672,0.9,0,Safe,Research & Development
2674,4.3,0,Safe,Sales
2675,4.5,0,Safe,Sales
2677,4.3,0,Safe,Sales
2678,4.5,0,Safe,Sales
2682,4.5,0,Safe,Sales
2684,4.3,0,Safe,Sales
2685,4.5,0,Safe,Sales
2704,24.9,0,Safe,Research & Development
2706,18.2,0,Safe,Research & Development
2708,24.9,0,Safe,Research & Development
2709,22.6,0,Safe,Research & Development
2712,24.9,0,Safe,Research & Development
2714,18.2,0,Safe,Research & Development
2716,24.9,0,Safe,Research & Development
2717,22.6,0,Safe,Research & Development
2800,2.1,0,Safe,Research & Development
2802,2.6,0,Safe,Research & Development
2804,2.1,0,Safe,Research & Development
2805,2.6,0,Safe,Research & Development
2808,2.1,0,Safe,Research & Development
2810,2.6,0,Safe,Research & Development
2812,2.1,0,Safe,Research & Development
2813,2.6,0,Safe,Research & Development
3140,1.9,0,Safe,Research & Development
3143,2.1,0,Safe,Research & Development
3144,1.9,0,Safe,Research & Development
3145,2.1,0,Safe,Research & Development
3148,1.9,0,Safe,Research & Development
3151,0.6,0,Safe,Research & Development
3152,1.9,0,Safe,Research & Development
3153,2.1,0,Safe,Research & Development
3283,5.7,0,Safe,Research & Development
3285,4.6,0,Safe,Research & Development
3287,5.7,0,Safe,Research & Development
3288,4.6,0,Safe,Research & Development
3291,5.7,0,Safe,Research & Development
3293,4.6,0,Safe,Research & Development
3295,5.7,0,Safe,Research & Development
3296,4.6,0,Safe,Research & Development
3477,4.7,0,Safe,Sales
3480,5.5,0,Safe,Sales
3483,4.7,0,Safe,Sales
3484,5.5,0,Safe,Sales
3485,4.7,0,Safe,Sales
3488,5.5,0,Safe,Sales
3491,4.7,0,Safe,Sales
3492,5.5,0,Safe,Sales
3910,18.7,0,Safe,Research & Development
3912,10.0,0,Safe,Research & Development
3913,18.7,0,Safe,Research & Development
3914,18.7,0,Safe,Research & Development
3918,18.7,0,Safe,Research & Development
3920,10.0,0,Safe,Research & Development
3921,18.7,0,Safe,Research & Development
3922,18.7,0,Safe,Research & Development
3974,1.0,0,Safe,Research & Development
3975,1.1,0,Safe,Research & Development
3977,1.0,0,Safe,Research & Development
3978,1.1,0,Safe,Research & Development
3982,1.0,0,Safe,Research & Development
3983,1.1,0,Safe,Research & Development
3985,1.0,0,Safe,Research & Development
3986,1.1,0,Safe,Research & Development
4914,5.0,0,Safe,Research & Development
4915,5.0,0,Safe,Research & Development
4917,5.0,0,Safe,Research & Development
4918,5.0,0,Safe,Research & Development
4922,5.0,0,Safe,Research & Development
4923,5.0,0,Safe,Research & Development
4925,5.0,0,Safe,Research & Development
4926,5.0,0,Safe,Research & Development
5168,3.6,0,Safe,Research & Development
5170,3.9,0,Safe,Research & Development
5172,3.6,0,Safe,Research & Development
5173,3.9,0,Safe,Research & Development
5176,3.6,0,Safe,Research & Development
5178,3.9,0,Safe,Research & Development
5180,3.6,0,Safe,Research & Development
5181,3.9,0,Safe,Research & Development
5198,4.0,0,Safe,Sales
5200,4.0,0,Safe,Sales
5202,4.0,0,Safe,Sales
5203,4.0,0,Safe,Sales
5206,4.0,0,Safe,Sales
5208,4.0,0,Safe,Sales
5210,4.0,0,Safe,Sales
5211,4.0,0,Safe,Sales
5341,1.4,0,Safe,Research & Development
5342,0.7,0,Safe,Research & Development
5344,1.4,0,Safe,Research & Development
5345,1.6,0,Safe,Research & Development
5349,1.4,0,Safe,Research & Development
5350,0.7,0,Safe,Research & Development
5352,1.4,0,Safe,Research & Development
5353,1.6,0,Safe,Research & Development
5372,2.2,0,Safe,Sales
5374,2.1,0,Safe,Sales
5376,2.2,0,Safe,Sales
5377,2.1,0,Safe,Sales
5380,2.2,0,Safe,Sales
5382,2.1,0,Safe,Sales
5384,2.2,0,Safe,Sales
5385,2.1,0,Safe,Sales
5498,0.4,0,Safe,Sales
5500,0.6,0,Safe,Sales
5502,0.6,0,Safe,Sales
5503,0.6,0,Safe,Sales
5506,0.4,0,Safe,Sales
5508,0.6,0,Safe,Sales
5510,0.6,0,Safe,Sales
5511,0.6,0,Safe,Sales
5593,2.2,0,Safe,Research & Development
5594,2.4,0,Safe,Research & Development
5598,2.2,0,Safe,Research & Development
5599,2.4,0,Safe,Research & Development
5601,2.2,0,Safe,Research & Development
5602,2.4,0,Safe,Research & Development
5606,2.2,0,Safe,Research & Development
5607,2.4,0,Safe,Research & Development
5924,3.4,0,Safe,Research & Development
5926,3.6,0,Safe,Research & Development
5927,3.4,0,Safe,Research & Development
5928,3.6,0,Safe,Research & Development
5932,3.4,0,Safe,Research & Development
5934,3.6,0,Safe,Research & Development
5935,3.4,0,Safe,Research & Development
5936,3.6,0,Safe,Research & Development
6035,5.8,0,Safe,Research & Development
6037,5.8,0,Safe,Research & Development
6041,5.8,0,Safe,Research & Development
6042,5.8,0,Safe,Research & Development
6043,5.8,0,Safe,Research & Development
6045,5.8,0,Safe,Research & Development
6049,5.8,0,Safe,Research & Development
6050,5.8,0,Safe,Research & Development
6296,4.9,0,Safe,Research & Development
6298,3.0,0,Safe,Research & Development
6299,4.9,0,Safe,Research & Development
6300,4.2,0,Safe,Research & Development
6304,4.9,0,Safe,Research & Development
6306,3.0,0,Safe,Research & Development
6307,4.9,0,Safe,Research & Development
6308,4.2,0,Safe,Research & Development
6404,0.6,0,Safe,Research & Development
6405,0.5,0,Safe,Research & Development
6407,0.6,0,Safe,Research & Development
6408,0.5,0,Safe,Research & Development
6412,0.6,0,Safe,Research & Development
6413,0.5,0,Safe,Research & Development
6415,0.6,0,Safe,Research & Development
6416,0.5,0,Safe,Research & Development
6955,1.8,0,Safe,Sales
6957,1.8,0,Safe,Sales
6958,1.8,0,Safe,Sales
6959,1.8,0,Safe,Sales
6962,1.8,0,Safe,Sales
6964,1.8,0,Safe,Sales
6965,1.8,0,Safe,Sales
6966,1.8,0,Safe,Sales
7223,4.2,0,Safe,Research & Development
7225,4.2,0,Safe,Research & Development
7226,4.2,0,Safe,Research & Development
7227,4.2,0,Safe,Research & Development
7231,4.2,0,Safe,Research & Development
7233,4.2,0,Safe,Research & Development
7234,4.2,0,Safe,Research & Development
7235,4.2,0,Safe,Research & Development
7774,0.6,0,Safe,Research & Development
7777,1.0,0,Safe,Research & Development
7778,0.8,0,Safe,Research & Development
7779,1.0,0,Safe,Research & Development
7784,1.0,0,Safe,Research & Development
7785,0.8,0,Safe,Research & Development
7786,1.0,0,Safe,Research & Development
8198,6.3,0,Safe,Research & Development
8200,8.1,0,Safe,Research & Development
8202,6.3,0,Safe,Research & Development
8203,8.1,0,Safe,Research & Development
8206,6.3,0,Safe,Research & Development
8208,8.1,0,Safe,Research & Development
8210,6.3,0,Safe,Research & Development
8211,8.1,0,Safe,Research & Development
8342,1.3,0,Safe,Sales
8345,1.3,0,Safe,Sales
8346,1.0,0,Safe,Sales
8347,1.0,0,Safe,Sales
8350,1.3,0,Safe,Sales
8353,1.3,0,Safe,Sales
8354,1.0,0,Safe,Sales
8355,1.0,0,Safe,Sales
8494,4.3,0,Safe,Research & Development
8496,2.7,0,Safe,Research & Development
8498,4.3,0,Safe,Research & Development
8499,4.3,0,Safe,Research & Development
8502,4.3,0,Safe,Research & Development
8503,4.9,0,Safe,Research & Development
8504,0.6,0,Safe,Research & Development
8506,2.7,0,Safe,Research & Development
8508,4.3,0,Safe,Research & Development
8509,4.3,0,Safe,Research & Development
8619,3.0,0,Safe,Research & Development
8621,3.0,0,Safe,Research & Development
8623,1.3,0,Safe,Research & Development
8624,1.3,0,Safe,Research & Development
8627,3.0,0,Safe,Research & Development
8628,8.2,0,Safe,Research & Development
8629,4.4,0,Safe,Research & Development
8631,3.8,0,Safe,Research & Development
8633,1.3,0,Safe,Research & Development
8634,1.3,0,Safe,Research & Development
8902,6.0,0,Safe,Research & Development
8905,5.1,0,Safe,Research & Development
8906,6.0,0,Safe,Research & Development
8907,5.1,0,Safe,Research & Development
8910,6.0,0,Safe,Research & Development
8913,5.1,0,Safe,Research & Development
8914,6.0,0,Safe,Research & Development
8915,5.1,0,Safe,Research & Development
9176,1.4,0,Safe,Research & Development
9178,1.3,0,Safe,Research & Development
9181,1.4,0,Safe,Research & Development
9182,1.3,0,Safe,Research & Development
9184,1.4,0,Safe,Research & Development
9186,1.3,0,Safe,Research & Development
9189,1.4,0,Safe,Research & Development
9190,1.3,0,Safe,Research & Development
9252,1.2,0,Safe,Sales
9254,1.2,0,Safe,Sales
9256,1.2,0,Safe,Sales
9257,1.2,0,Safe,Sales
9260,1.2,0,Safe,Sales
9262,1.2,0,Safe,Sales
9264,1.2,0,Safe,Sales
9265,1.2,0,Safe,Sales
9317,5.1,0,Safe,Research & Development
9319,7.8,0,Safe,Research & Development
9320,5.1,0,Safe,Research & Development
9321,7.8,0,Safe,Research & Development
9325,5.1,0,Safe,Research & Development
9327,7.8,0,Safe,Research & Development
9328,5.1,0,Safe,Research & Development
9329,7.8,0,Safe,Research & Development
9796,4.4,0,Safe,Research & Development
9798,4.7,0,Safe,Research & Development
9800,4.4,0,Safe,Research & Development
9801,4.7,0,Safe,Research & Development
9804,4.4,0,Safe,Research & Development
9806,4.7,0,Safe,Research & Development
9808,4.4,0,Safe,Research & Development
9809,4.7,0,Safe,Research & Development
9875,1.2,0,Safe,Research & Development
9878,1.0,0,Safe,Research & Development
9879,1.2,0,Safe,Research & Development
9880,1.0,0,Safe,Research & Development
9883,1.2,0,Safe,Research & Development
9886,1.0,0,Safe,Research & Development
9887,1.2,0,Safe,Research & Development
9888,1.0,0,Safe,Research & Development
10144,1.6,0,Safe,Research & Development
10146,3.2,0,Safe,Research & Development
10147,3.2,0,Safe,Research & Development
10148,3.2,0,Safe,Research & Development
10152,1.6,0,Safe,Research & Development
10154,3.2,0,Safe,Research & Development
10155,3.2,0,Safe,Research & Development
10156,3.2,0,Safe,Research & Development
10732,3.3,0,Safe,Sales
10733,3.2,0,Safe,Sales
10735,3.3,0,Safe,Sales
10736,3.2,0,Safe,Sales
10740,3.3,0,Safe,Sales
10741,6.1,0,Safe,Sales
10742,3.2,0,Safe,Sales
10744,3.3,0,Safe,Sales
10745,3.2,0,Safe,Sales
10763,10.5,0,Safe,Research & Development
10764,9.1,0,Safe,Sales
10765,9.4,0,Safe,Research & Development
10766,8.0,0,Safe,Sales
10767,10.5,0,Safe,Research & Development
10768,9.1,0,Safe,Sales
10769,9.4,0,Safe,Research & Development
10770,8.0,0,Safe,Sales
10771,10.5,0,Safe,Research & Development
10772,9.1,0,Safe,Sales
10773,9.4,0,Safe,Research & Development
10774,8.0,0,Safe,Sales
10775,10.5,0,Safe,Research & Development
10776,9.1,0,Safe,Sales
10777,9.4,0,Safe,Research & Development
10778,8.0,0,Safe,Sales
11259,0.9,0,Safe,Sales
11261,0.9,0,Safe,Sales
11262,0.9,0,Safe,Sales
11263,0.9,0,Safe,Sales
11267,0.9,0,Safe,Sales
11269,0.9,0,Safe,Sales
11270,0.9,0,Safe,Sales
11271,0.9,0,Safe,Sales
11505,5.3,0,Safe,Research & Development
11508,4.3,0,Safe,Research & Development
11509,5.3,0,Safe,Research & Development
11510,4.3,0,Safe,Research & Development
11515,4.3,0,Safe,Research & Development
11516,5.3,0,Safe,Research & Development
11517,4.3,0,Safe,Research & Development
11842,7.1,0,Safe,Research & Development
11844,7.1,0,Safe,Research & Development
11846,7.1,0,Safe,Research & Development
11847,7.1,0,Safe,Research & Development
11850,7.1,0,Safe,Research & Development
11852,7.1,0,Safe,Research & Development
11854,7.1,0,Safe,Research & Development
11855,7.1,0,Safe,Research & Development
11977,2.5,0,Safe,Sales
11979,1.6,0,Safe,Sales
11980,2.5,0,Safe,Sales
11981,2.2,0,Safe,Sales
11985,2.5,0,Safe,Sales
11987,1.6,0,Safe,Sales
11988,2.5,0,Safe,Sales
11989,2.2,0,Safe,Sales
12531,1.2,0,Safe,Sales
12533,2.2,0,Safe,Sales
12536,2.2,0,Safe,Sales
12537,2.2,0,Safe,Sales
12539,1.2,0,Safe,Sales
12541,2.2,0,Safe,Sales
12544,2.2,0,Safe,Sales
12545,2.2,0,Safe,Sales
12610,0.9,0,Safe,Research & Development
12612,1.3,0,Safe,Research & Development
12616,1.3,0,Safe,Research & Development
12617,1.3,0,Safe,Research & Development
12618,0.9,0,Safe,Research & Development
12620,1.3,0,Safe,Research & Development
12624,1.3,0,Safe,Research & Development
12625,1.3,0,Safe,Research & Development
12704,0.5,0,Safe,Research & Development
12705,1.4,0,Safe,Research & Development
12707,0.5,0,Safe,Research & Development
12708,0.5,0,Safe,Research & Development
12712,0.5,0,Safe,Research & Development
12713,1.4,0,Safe,Research & Development
12715,0.5,0,Safe,Research & Development
12716,0.5,0,Safe,Research & Development
13357,1.3,0,Safe,Research & Development
13359,1.5,0,Safe,Research & Development
13361,1.3,0,Safe,Research & Development
13362,1.5,0,Safe,Research & Development
13365,1.3,0,Safe,Research & Development
13367,1.5,0,Safe,Research & Development
13369,1.3,0,Safe,Research & Development
13370,1.5,0,Safe,Research & Development
13501,7.5,0,Safe,Research & Development
13502,7.5,0,Safe,Research & Development
13504,7.5,0,Safe,Research & Development
13505,7.5,0,Safe,Research & Development
13509,7.5,0,Safe,Research & Development
13510,7.5,0,Safe,Research & Development
13512,7.5,0,Safe,Research & Development
13513,7.5,0,Safe,Research & Development
13533,0.7,0,Safe,Research & Development
13534,0.9,0,Safe,Research & Development
13536,0.7,0,Safe,Research & Development
13537,0.9,0,Safe,Research & Development
13541,0.7,0,Safe,Research & Development
13542,0.9,0,Safe,Research & Development
13544,0.7,0,Safe,Research & Development
13545,0.9,0,Safe,Research & Development
13706,1.1,0,Safe,Research & Development
13708,1.1,0,Safe,Research & Development
13709,1.1,0,Safe,Research & Development
13710,1.1,0,Safe,Research & Development
13714,1.1,0,Safe,Research & Development
13716,1.1,0,Safe,Research & Development
13717,1.1,0,Safe,Research & Development
13718,1.1,0,Safe,Research & Development
14245,4.1,0,Safe,Research & Development
14248,4.8,0,Safe,Research & Development
14249,4.1,0,Safe,Research & Development
14250,4.8,0,Safe,Research & Development
14253,4.1,0,Safe,Research & Development
14256,4.8,0,Safe,Research & Development
14257,4.1,0,Safe,Research & Development
14258,4.8,0,Safe,Research & Development
14447,1.5,0,Safe,Research & Development
14449,0.8,0,Safe,Research & Development
14451,1.5,0,Safe,Research & Development
14452,1.8,0,Safe,Research & Development
14455,1.5,0,Safe,Research & Development
14457,0.8,0,Safe,Research & Development
14459,1.5,0,Safe,Research & Development
14460,1.8,0,Safe,Research & Development
14722,2.9,0,Safe,Research & Development
14723,2.3,0,Safe,Research & Development
14725,2.9,0,Safe,Research & Development
14726,2.3,0,Safe,Research & Development
14730,2.9,0,Safe,Research & Development
14731,2.3,0,Safe,Research & Development
14733,2.9,0,Safe,Research & Development
14734,2.3,0,Safe,Research & Development
15223,2.8,0,Safe,Research & Development
15225,1.0,0,Safe,Research & Development
15226,2.8,0,Safe,Research & Development
15227,3.0,0,Safe,Research & Development
15231,2.8,0,Safe,Research & Development
15233,1.0,0,Safe,Research & Development
15234,2.8,0,Safe,Research & Development
15235,3.0,0,Safe,Research & Development
15350,1.9,0,Safe,Research & Development
15351,1.9,0,Safe,Research & Development
15353,1.9,0,Safe,Research & Development
15354,1.9,0,Safe,Research & Development
15358,1.9,0,Safe,Research & Development
15359,1.9,0,Safe,Research & Development
15361,1.9,0,Safe,Research & Development
15362,1.9,0,Safe,Research & Development
15398,0.2,0,Safe,Sales
15399,0.3,0,Safe,Sales
15401,0.3,0,Safe,Sales
15402,0.3,0,Safe,Sales
15406,0.2,0,Safe,Sales
15407,0.3,0,Safe,Sales
15409,0.3,0,Safe,Sales
15410,0.3,0,Safe,Sales
15540,0.6,0,Safe,Sales
15543,1.6,0,Safe,Sales
15544,0.7,0,Safe,Sales
15545,1.6,0,Safe,Sales
15548,0.6,0,Safe,Sales
15551,1.6,0,Safe,Sales
15552,0.7,0,Safe,Sales
15553,1.6,0,Safe,Sales
15556,1.0,0,Safe,Research & Development
15557,1.5,0,Safe,Research & Development
15559,1.9,0,Safe,Research & Development
15560,1.5,0,Safe,Research & Development
15564,1.0,0,Safe,Research & Development
15565,1.5,0,Safe,Research & Development
15567,1.9,0,Safe,Research & Development
15568,1.5,0,Safe,Research & Development
15603,3.5,0,Safe,Sales
15605,2.4,0,Safe,Sales
15609,2.4,0,Safe,Sales
15610,2.4,0,Safe,Sales
15611,3.5,0,Safe,Sales
15613,2.4,0,Safe,Sales
15617,2.4,0,Safe,Sales
15618,2.4,0,Safe,Sales
15823,1.7,0,Safe,Research & Development
15824,1.7,0,Safe,Research & Development
15826,1.7,0,Safe,Research & Development
15827,1.7,0,Safe,Research & Development
15831,1.7,0,Safe,Research & Development
15832,1.7,0,Safe,Research & Development
15834,1.7,0,Safe,Research & Development
15835,1.7,0,Safe,Research & Development
15950,13.5,0,Safe,Sales
15953,17.2,0,Safe,Sales
15954,13.5,0,Safe,Sales
15955,17.2,0,Safe,Sales
15958,13.5,0,Safe,Sales
15961,17.2,0,Safe,Sales
15962,13.5,0,Safe,Sales
15963,17.2,0,Safe,Sales
16278,10.4,0,Safe,Research & Development
16281,10.4,0,Safe,Research & Development
16282,10.4,0,Safe,Research & Development
16283,10.4,0,Safe,Research & Development
16286,10.4,0,Safe,Research & Development
16289,10.4,0,Safe,Research & Development
16290,10.4,0,Safe,Research & Development
16291,10.4,0,Safe,Research & Development
17574,4.3,0,Safe,Sales
17576,3.8,0,Safe,Sales
17577,4.3,0,Safe,Sales
17578,3.8,0,Safe,Sales
17582,4.3,0,Safe,Sales
17584,3.8,0,Safe,Sales
17585,4.3,0,Safe,Sales
17586,3.8,0,Safe,Sales
18356,2.7,0,Safe,Research & Development
18359,3.7,0,Safe,Research & Development
18362,3.7,0,Safe,Research & Development
18363,3.7,0,Safe,Research & Development
18366,3.7,0,Safe,Research & Development
18369,3.7,0,Safe,Research & Development
18370,3.7,0,Safe,Research & Development
18505,2.6,0,Safe,Research & Development
18506,2.4,0,Safe,Research & Development
18508,2.6,0,Safe,Research & Development
18509,2.4,0,Safe,Research & Development
18513,2.6,0,Safe,Research & Development
18514,2.4,0,Safe,Research & Development
18516,2.6,0,Safe,Research & Development
18517,2.4,0,Safe,Research & Development
18521,1.7,0,Safe,Research & Development
18522,1.7,0,Safe,Research & Development
18524,1.7,0,Safe,Research & Development
18525,1.7,0,Safe,Research & Development
18529,1.7,0,Safe,Research & Development
18530,1.7,0,Safe,Research & Development
18532,1.7,0,Safe,Research & Development
18533,1.7,0,Safe,Research & Development
18691,17.5,0,Safe,Research & Development
18694,17.1,0,Safe,Research & Development
18695,17.5,0,Safe,Research & Development
18696,17.1,0,Safe,Research & Development
18699,17.5,0,Safe,Research & Development
18702,17.1,0,Safe,Research & Development
18703,17.5,0,Safe,Research & Development
18704,17.1,0,Safe,Research & Development
18706,3.3,0,Safe,Research & Development
18708,3.3,0,Safe,Research & Development
18712,3.3,0,Safe,Research & Development
18713,3.3,0,Safe,Research & Development
18714,3.3,0,Safe,Research & Development
18716,3.3,0,Safe,Research & Development
18720,3.3,0,Safe,Research & Development
18721,3.3,0,Safe,Research & Development
18998,0.6,0,Safe,Research & Development
19000,0.7,0,Safe,Research & Development
19001,0.6,0,Safe,Research & Development
19002,0.7,0,Safe,Research & Development
19006,0.6,0,Safe,Research & Development
19008,0.7,0,Safe,Research & Development
19009,0.6,0,Safe,Research & Development
19010,0.7,0,Safe,Research & Development
19379,4.8,0,Safe,Sales
19381,5.4,0,Safe,Sales
19382,4.8,0,Safe,Sales
19383,5.4,0,Safe,Sales
19387,4.8,0,Safe,Sales
19389,5.4,0,Safe,Sales
19390,4.8,0,Safe,Sales
19391,5.4,0,Safe,Sales
19475,8.7,0,Safe,Sales
19476,8.9,0,Safe,Sales
19478,8.7,0,Safe,Sales
19479,8.9,0,Safe,Sales
19483,8.7,0,Safe,Sales
19484,8.9,0,Safe,Sales
19486,8.7,0,Safe,Sales
19487,8.9,0,Safe,Sales
19952,1.4,0,Safe,Research & Development
19955,0.7,0,Safe,Research & Development
19956,1.4,0,Safe,Research & Development
19957,1.5,0,Safe,Research & Development
19960,1.4,0,Safe,Research & Development
19963,0.7,0,Safe,Research & Development
19964,1.4,0,Safe,Research & Development
19965,1.5,0,Safe,Research & Development
21050,1.9,0,Safe,Research & Development
21052,1.9,0,Safe,Research & Development
21054,1.9,0,Safe,Research & Development
21055,1.9,0,Safe,Research & Development
21058,1.9,0,Safe,Research & Development
21060,1.9,0,Safe,Research & Development
21062,1.9,0,Safe,Research & Development
21063,1.9,0,Safe,Research & Development
21115,2.0,0,Safe,Research & Development
21117,1.9,0,Safe,Research & Development
21118,2.0,0,Safe,Research & Development
21119,1.9,0,Safe,Research & Development
21123,2.0,0,Safe,Research & Development
21125,1.9,0,Safe,Research & Development
21126,2.0,0,Safe,Research & Development
21127,1.9,0,Safe,Research & Development
21226,1.3,0,Safe,Sales
21229,2.2,0,Safe,Sales
21230,0.5,0,Safe,Sales
21231,0.7,0,Safe,Sales
21234,1.3,0,Safe,Sales
21237,2.2,0,Safe,Sales
21238,0.5,0,Safe,Sales
21239,0.7,0,Safe,Sales
21322,3.5,0,Safe,Research & Development
21325,2.3,0,Safe,Research & Development
21328,3.5,0,Safe,Research & Development
21329,4.6,0,Safe,Research & Development
21330,3.5,0,Safe,Research & Development
21333,2.3,0,Safe,Research & Development
21336,3.5,0,Safe,Research & Development
21337,4.6,0,Safe,Research & Development
21561,6.1,0,Safe,Research & Development
21563,5.8,0,Safe,Research & Development
21566,6.1,0,Safe,Research & Development
21567,5.8,0,Safe,Research & Development
21569,6.1,0,Safe,Research & Development
21571,5.8,0,Safe,Research & Development
21574,6.1,0,Safe,Research & Development
21575,5.8,0,Safe,Research & Development
21576,7.9,0,Safe,Sales
21579,7.8,0,Safe,Sales
21582,7.9,0,Safe,Sales
21583,7.8,0,Safe,Sales
21584,7.9,0,Safe,Sales
21587,7.8,0,Safe,Sales
21590,7.9,0,Safe,Sales
21591,7.8,0,Safe,Sales
21609,1.2,0,Safe,Research & Development
21611,0.6,0,Safe,Research & Development
21612,1.2,0,Safe,Research & Development
21613,1.1,0,Safe,Research & Development
21617,1.2,0,Safe,Research & Development
21619,0.6,0,Safe,Research & Development
21620,1.2,0,Safe,Research & Development
21621,1.1,0,Safe,Research & Development
21854,2.0,0,Safe,Research & Development
21856,1.0,0,Safe,Research & Development
21858,2.0,0,Safe,Research & Development
21859,2.1,0,Safe,Research & Development
21862,2.0,0,Safe,Research & Development
21864,1.0,0,Safe,Research & Development
21866,2.0,0,Safe,Research & Development
21867,2.1,0,Safe,Research & Development
22230,3.4,0,Safe,Research & Development
22231,2.9,0,Safe,Research & Development
22233,3.4,0,Safe,Research & Development
22234,2.9,0,Safe,Research & Development
22238,3.4,0,Safe,Research & Development
22239,2.9,0,Safe,Research & Development
22241,3.4,0,Safe,Research & Development
22242,2.9,0,Safe,Research & Development
22277,0.6,0,Safe,Sales
22280,0.6,0,Safe,Sales
22281,1.0,0,Safe,Sales
22282,1.1,0,Safe,Sales
22285,0.6,0,Safe,Sales
22288,0.6,0,Safe,Sales
22289,1.0,0,Safe,Sales
22290,1.1,0,Safe,Sales
22390,0.5,0,Safe,Research & Development
22392,1.0,0,Safe,Research & Development
22393,1.0,0,Safe,Research & Development
22394,1.0,0,Safe,Research & Development
22399,1.0,0,Safe,Research & Development
22400,1.0,0,Safe,Research & Development
22401,1.0,0,Safe,Research & Development
23413,9.2,0,Safe,Research & Development
23414,12.8,0,Safe,Research & Development
23418,9.2,0,Safe,Research & Development
23419,12.8,0,Safe,Research & Development
23421,9.2,0,Safe,Research & Development
23422,12.8,0,Safe,Research & Development
23426,9.2,0,Safe,Research & Development
23427,12.8,0,Safe,Research & Development
23460,5.0,0,Safe,Research & Development
23462,5.0,0,Safe,Research & Development
23464,2.6,0,Safe,Research & Development
23465,2.6,0,Safe,Research & Development
23468,5.0,0,Safe,Research & Development
23470,5.0,0,Safe,Research & Development
23472,2.6,0,Safe,Research & Development
23473,2.6,0,Safe,Research & Development
23517,0.5,0,Safe,Research & Development
541,8.3,0,Safe,
544,10.2,0,Safe,Research & Development
547,6.3,0,Safe,Research & Development
548,7.2,0,Safe,Research & Development
549,8.3,0,Safe,Research & Development
550,7.1,0,Safe,Research & Development
551,16.9,0,Safe,Research & Development
554,10.2,0,Safe,Research & Development
557,6.3,0,Safe,Research & Development
558,7.2,0,Safe,Research & Development
824,13.6,0,Safe,Research & Development
826,17.5,0,Safe,Research & Development
829,13.6,0,Safe,Research & Development
830,17.5,0,Safe,Research & Development
832,13.6,0,Safe,Research & Development
834,17.5,0,Safe,Research & Development
837,13.6,0,Safe,Research & Development
838,17.5,0,Safe,Research & Development
2097,38.9,0,Safe,Research & Development
2098,45.5,1,HIGH RISK,Research & Development
2102,38.9,0,Safe,Research & Development
2103,45.5,1,HIGH RISK,Research & Development
2105,38.9,0,Safe,Research & Development
2106,45.5,1,HIGH RISK,Research & Development
2110,38.9,0,Safe,Research & Development
2111,45.5,1,HIGH RISK,Research & Development
2335,30.4,0,Safe,Research & Development
2337,28.9,0,Safe,Research & Development
2339,25.4,0,Safe,Research & Development
2340,25.6,0,Safe,Research & Development
2343,30.4,0,Safe,Research & Development
2345,28.9,0,Safe,Research & Development
2347,25.4,0,Safe,Research & Development
2348,25.6,0,Safe,Research & Development
3447,42.0,0,Safe,Sales
3448,48.0,1,HIGH RISK,Sales
3450,42.0,0,Safe,Sales
3451,48.0,1,HIGH RISK,Sales
3454,42.0,0,Safe,Sales
3456,48.0,1,HIGH RISK,Sales
3458,42.0,0,Safe,Sales
3459,48.0,1,HIGH RISK,Sales
3909,16.2,0,Safe,Research & Development
3911,16.2,0,Safe,Research & Development
3915,16.2,0,Safe,Research & Development
3916,16.2,0,Safe,Research & Development
3917,16.2,0,Safe,Research & Development
3919,16.2,0,Safe,Research & Development
3923,16.2,0,Safe,Research & Development
3924,16.2,0,Safe,Research & Development
4794,22.9,0,Safe,Research & Development
4796,24.4,0,Safe,Research & Development
4797,22.9,0,Safe,Research & Development
4798,24.4,0,Safe,Research & Development
4801,22.9,0,Safe,Research & Development
4803,24.4,0,Safe,Research & Development
4804,22.9,0,Safe,Research & Development
4805,24.4,0,Safe,Research & Development
6657,6.9,0,Safe,Research & Development
6658,6.8,0,Safe,Research & Development
6660,6.9,0,Safe,Research & Development
6661,6.8,0,Safe,Research & Development
6664,6.9,0,Safe,Research & Development
6665,6.8,0,Safe,Research & Development
6667,6.9,0,Safe,Research & Development
6668,6.8,0,Safe,Research & Development
7525,57.7,1,HIGH RISK,Sales
7528,54.5,1,HIGH RISK,Sales
7531,57.7,1,HIGH RISK,Sales
7532,54.5,1,HIGH RISK,Sales
7533,57.7,1,HIGH RISK,Sales
7536,14.8,0,Safe,Sales
7539,57.7,1,HIGH RISK,Sales
7540,54.5,1,HIGH RISK,Sales
8495,10.4,0,Safe,Research & Development
8497,10.4,0,Safe,Research & Development
8500,14.7,0,Safe,Research & Development
8501,14.7,0,Safe,Research & Development
8505,10.4,0,Safe,Research & Development
8507,10.4,0,Safe,Research & Development
8510,14.7,0,Safe,Research & Development
8511,14.7,0,Safe,Research & Development
8744,4.2,0,Safe,Sales
8745,8.9,0,Safe,Sales
8747,10.0,0,Safe,Sales
8748,8.9,0,Safe,Sales
8752,4.2,0,Safe,Sales
8753,8.9,0,Safe,Sales
8755,10.0,0,Safe,Sales
8756,8.9,0,Safe,Sales
9525,18.4,0,Safe,Research & Development
9527,11.8,0,Safe,Research & Development
9528,18.4,0,Safe,Research & Development
9529,19.6,0,Safe,Research & Development
9533,18.4,0,Safe,Research & Development
9535,11.8,0,Safe,Research & Development
9536,18.4,0,Safe,Research & Development
9537,19.6,0,Safe,Research & Development
10527,70.2,1,HIGH RISK,Research & Development
10530,70.2,1,HIGH RISK,Research & Development
10531,56.3,1,HIGH RISK,Research & Development
10532,56.3,1,HIGH RISK,Research & Development
10535,70.2,1,HIGH RISK,Research & Development
10539,70.2,1,HIGH RISK,Research & Development
10540,56.3,1,HIGH RISK,Research & Development
10541,56.3,1,HIGH RISK,Research & Development
12397,37.4,0,Safe,Sales
12398,39.2,0,Safe,Sales
12400,37.4,0,Safe,Sales
12401,39.2,0,Safe,Sales
12405,37.4,0,Safe,Sales
12406,39.2,0,Safe,Sales
12408,37.4,0,Safe,Sales
12409,39.2,0,Safe,Sales
13358,13.0,0,Safe,Research & Development
13360,15.6,0,Safe,Research & Development
13363,13.0,0,Safe,Research & Development
13364,15.6,0,Safe,Research & Development
13366,13.0,0,Safe,Research & Development
13368,15.6,0,Safe,Research & Development
13371,13.0,0,Safe,Research & Development
13372,3.1,0,Safe,Research & Development
13865,8.8,0,Safe,Sales
13866,5.9,0,Safe,Sales
13870,8.8,0,Safe,Sales
13871,8.3,0,Safe,Sales
13873,8.8,0,Safe,Sales
13874,5.9,0,Safe,Sales
13878,8.8,0,Safe,Sales
13879,8.3,0,Safe,Sales
15039,2.5,0,Safe,Research & Development
15041,1.4,0,Safe,Research & Development
15045,2.5,0,Safe,Research & Development
15046,2.5,0,Safe,Research & Development
15047,2.5,0,Safe,Research & Development
15049,1.4,0,Safe,Research & Development
15053,16.8,0,Safe,Research & Development
15054,2.5,0,Safe,Research & Development
19268,27.0,0,Safe,Research & Development
19270,27.0,0,Safe,Research & Development
19272,27.0,0,Safe,Research & Development
19273,27.0,0,Safe,Research & Development
19276,27.0,0,Safe,Research & Development
19278,27.0,0,Safe,Research & Development
19280,27.0,0,Safe,Research & Development
19281,24.5,0,Safe,Research & Development
19778,48.3,1,HIGH RISK,Sales
19780,45.3,1,HIGH RISK,Sales
19782,48.3,1,HIGH RISK,Sales
19783,45.3,1,HIGH RISK,Sales
19786,48.3,1,HIGH RISK,Sales
19788,45.3,1,HIGH RISK,Sales
19790,48.3,1,HIGH RISK,Sales
19791,45.3,1,HIGH RISK,Sales
20428,16.8,0,Safe,Sales
20430,13.4,0,Safe,Sales
20431,16.8,0,Safe,Sales
20432,13.4,0,Safe,Sales
20436,16.8,0,Safe,Sales
20438,13.4,0,Safe,Sales
20439,16.8,0,Safe,Sales
20440,13.4,0,Safe,Sales
21194,46.5,1,HIGH RISK,Sales
21196,43.1,0,Safe,Sales
21198,46.5,1,HIGH RISK,Sales
21199,43.1,0,Safe,Sales
21202,46.5,1,HIGH RISK,Sales
21204,43.1,0,Safe,Sales
21206,46.5,1,HIGH RISK,Sales
21207,43.1,0,Safe,Sales
21989,33.7,0,Safe,Research & Development
21991,47.3,1,HIGH RISK,Research & Development
21993,47.3,1,HIGH RISK,Research & Development
21994,47.3,1,HIGH RISK,Research & Development
21997,33.7,0,Safe,Research & Development
21999,47.3,1,HIGH RISK,Research & Development
22001,47.3,1,HIGH RISK,Research & Development
22002,39.2,0,Safe,Research & Development
94,11.5,0,Safe,Research & Development
96,12.3,0,Safe,Research & Development
98,11.5,0,Safe,Research & Development
99,12.3,0,Safe,Research & Development
102,11.5,0,Safe,Research & Development
103,18.9,0,Safe,Research & Development
106,7.7,0,Safe,Research & Development
111,12.3,0,Safe,Research & Development
113,11.5,0,Safe,Research & Development
114,11.8,0,Safe,Research & Development
150,18.1,0,Safe,Research & Development
178,10.5,0,Safe,Sales
358,5.5,0,Safe,Research & Development
361,6.4,0,Safe,Research & Development
362,5.5,0,Safe,Research & Development
363,6.4,0,Safe,Research & Development
366,5.5,0,Safe,Research & Development
367,8.1,0,Safe,Research & Development
370,0.7,0,Safe,Research & Development
376,6.4,0,Safe,Research & Development
377,5.5,0,Safe,Research & Development
378,10.2,0,Safe,Research & Development
612,6.2,0,Safe,Research & Development
614,5.5,0,Safe,Research & Development
615,6.2,0,Safe,Research & Development
616,5.5,0,Safe,Research & Development
620,6.2,0,Safe,Research & Development
622,5.5,0,Safe,Research & Development
623,6.2,0,Safe,Research & Development
624,5.5,0,Safe,Research & Development
726,37.0,0,Safe,Research & Development
728,44.7,1,HIGH RISK,Research & Development
729,37.0,0,Safe,Research & Development
730,44.7,1,HIGH RISK,Research & Development
734,37.0,0,Safe,Research & Development
736,44.7,1,HIGH RISK,Research & Development
737,37.0,0,Safe,Research & Development
738,44.7,1,HIGH RISK,Research & Development
1097,5.3,0,Safe,Research & Development
1099,10.6,0,Safe,Research & Development
1101,5.3,0,Safe,Research & Development
1102,5.3,0,Safe,Research & Development
1105,5.3,0,Safe,Research & Development
1107,10.6,0,Safe,Research & Development
1109,5.3,0,Safe,Research & Development
1110,5.3,0,Safe,Research & Development
1130,7.2,0,Safe,Research & Development
1131,5.4,0,Safe,Research & Development
1133,7.2,0,Safe,Research & Development
1134,5.4,0,Safe,Research & Development
1138,7.2,0,Safe,Research & Development
1139,5.4,0,Safe,Research & Development
1141,7.2,0,Safe,Research & Development
800,5.4,0,Safe,Research & Development
1272,9.6,0,Safe,Research & Development
1273,11.0,0,Safe,Research & Development
1277,5.4,0,Safe,Research & Development
1278,5.9,0,Safe,Research & Development
1279,9.6,0,Safe,Research & Development
1280,11.0,0,Safe,Research & Development
1284,5.4,0,Safe,Research & Development
1285,5.9,0,Safe,Research & Development
1301,9.7,0,Safe,Research & Development
1303,10.1,0,Safe,Research & Development
1305,9.7,0,Safe,Research & Development
1306,10.1,0,Safe,Research & Development
1310,10.1,0,Safe,Research & Development
1312,9.7,0,Safe,Research & Development
1313,10.1,0,Safe,Research & Development
1614,2.1,0,Safe,Sales
1616,1.2,0,Safe,Sales
1618,2.1,0,Safe,Sales
1619,2.4,0,Safe,Sales
1622,2.1,0,Safe,Sales
1624,1.2,0,Safe,Sales
1626,2.1,0,Safe,Sales
1627,2.4,0,Safe,Sales
1708,5.2,0,Safe,Research & Development
1710,6.3,0,Safe,Research & Development
1711,5.2,0,Safe,Research & Development
1712,4.6,0,Safe,Research & Development
1715,5.2,0,Safe,Research & Development
1717,6.3,0,Safe,Research & Development
1718,5.2,0,Safe,Research & Development
1719,4.6,0,Safe,Research & Development
1722,17.4,0,Safe,Research & Development
1724,15.1,0,Safe,Research & Development
1726,17.4,0,Safe,Research & Development
1727,16.0,0,Safe,Research & Development
1731,15.1,0,Safe,Research & Development
1733,17.4,0,Safe,Research & Development
1734,16.0,0,Safe,Research & Development
2081,3.7,0,Safe,Sales
2082,8.9,0,Safe,Sales
2086,8.2,0,Safe,Sales
2087,8.9,0,Safe,Sales
2089,3.7,0,Safe,Sales
2090,8.9,0,Safe,Sales
2094,8.2,0,Safe,Sales
2095,8.9,0,Safe,Sales
2241,0.8,0,Safe,Research & Development
2242,0.8,0,Safe,Research & Development
2246,0.4,0,Safe,Research & Development
2247,0.4,0,Safe,Research & Development
2249,0.8,0,Safe,Research & Development
2250,0.8,0,Safe,Research & Development
2254,0.4,0,Safe,Research & Development
2255,0.4,0,Safe,Research & Development
2397,3.9,0,Safe,Sales
2400,5.4,0,Safe,Sales
2403,3.9,0,Safe,Sales
2404,5.4,0,Safe,Sales
2405,3.9,0,Safe,Sales
2408,5.4,0,Safe,Sales
2411,3.9,0,Safe,Sales
2412,5.4,0,Safe,Sales
2553,4.7,0,Safe,Sales
2554,2.7,0,Safe,Sales
2555,3.0,0,Safe,Sales
2556,2.2,0,Safe,Sales
2557,4.7,0,Safe,Sales
2558,2.7,0,Safe,Sales
2559,3.0,0,Safe,Sales
2560,5.3,0,Safe,Sales
2561,4.7,0,Safe,Sales
2562,3.0,0,Safe,Sales
2563,2.2,0,Safe,Sales
2564,4.7,0,Safe,Sales
2565,2.7,0,Safe,Sales
2566,3.0,0,Safe,Sales
2567,5.3,0,Safe,Sales
2784,5.3,0,Safe,Research & Development
2786,5.3,0,Safe,Research & Development
2790,2.6,0,Safe,Research & Development
2791,2.6,0,Safe,Research & Development
2792,5.3,0,Safe,Research & Development
2794,5.3,0,Safe,Research & Development
2798,2.6,0,Safe,Research & Development
2799,3.9,0,Safe,Research & Development
3702,0.8,0,Safe,Research & Development
3704,1.0,0,Safe,Research & Development
3705,0.8,0,Safe,Research & Development
3706,1.0,0,Safe,Research & Development
3710,0.8,0,Safe,Research & Development
3712,1.0,0,Safe,Research & Development
3713,0.8,0,Safe,Research & Development
3714,1.0,0,Safe,Research & Development
3893,1.9,0,Safe,Sales
3896,1.8,0,Safe,Sales
3897,3.5,0,Safe,Sales
3898,3.5,0,Safe,Sales
3901,1.9,0,Safe,Sales
3904,1.8,0,Safe,Sales
3905,3.5,0,Safe,Sales
3906,3.5,0,Safe,Sales
3926,10.7,0,Safe,Research & Development
3928,9.1,0,Safe,Research & Development
3929,10.7,0,Safe,Research & Development
3930,9.1,0,Safe,Research & Development
3934,10.7,0,Safe,Research & Development
3936,9.1,0,Safe,Research & Development
3937,10.7,0,Safe,Research & Development
3938,12.9,0,Safe,Research & Development
3941,14.9,0,Safe,Sales
3944,16.5,0,Safe,Sales
3945,14.9,0,Safe,Sales
3946,16.5,0,Safe,Sales
3949,14.9,0,Safe,Sales
3952,16.5,0,Safe,Sales
3953,14.9,0,Safe,Sales
3954,16.5,0,Safe,Sales
4102,9.4,0,Safe,Research & Development
4104,9.4,0,Safe,Research & Development
4105,9.4,0,Safe,Research & Development
4106,9.4,0,Safe,Research & Development
4110,9.4,0,Safe,Research & Development
4112,9.4,0,Safe,Research & Development
4113,9.4,0,Safe,Research & Development
4114,9.4,0,Safe,Research & Development
4244,2.2,0,Safe,Research & Development
4247,2.2,0,Safe,Research & Development
4250,1.7,0,Safe,Research & Development
4251,1.7,0,Safe,Research & Development
4252,2.2,0,Safe,Research & Development
4255,2.2,0,Safe,Research & Development
4258,1.7,0,Safe,Research & Development
4259,1.7,0,Safe,Research & Development
4276,2.5,0,Safe,Research & Development
4278,1.8,0,Safe,Research & Development
4280,2.5,0,Safe,Research & Development
4281,1.8,0,Safe,Research & Development
4284,2.5,0,Safe,Research & Development
4286,1.8,0,Safe,Research & Development
4288,2.5,0,Safe,Research & Development
4289,1.8,0,Safe,Research & Development
4427,8.1,0,Safe,Research & Development
4428,8.1,0,Safe,Research & Development
4430,8.1,0,Safe,Research & Development
4431,8.1,0,Safe,Research & Development
4435,8.1,0,Safe,Research & Development
4436,8.1,0,Safe,Research & Development
4438,8.1,0,Safe,Research & Development
4439,8.1,0,Safe,Research & Development
4539,7.9,0,Safe,Sales
4541,7.9,0,Safe,Sales
4544,3.6,0,Safe,Sales
4545,3.6,0,Safe,Sales
4547,7.9,0,Safe,Sales
4549,7.9,0,Safe,Sales
4552,3.6,0,Safe,Sales
4553,3.6,0,Safe,Sales
4657,1.9,0,Safe,Research & Development
4659,1.6,0,Safe,Research & Development
4660,1.9,0,Safe,Research & Development
4661,1.6,0,Safe,Research & Development
4665,1.9,0,Safe,Research & Development
4667,1.6,0,Safe,Research & Development
4668,1.9,0,Safe,Research & Development
4669,1.6,0,Safe,Research & Development
4689,5.6,0,Safe,Sales
4690,3.6,0,Safe,Sales
4692,5.6,0,Safe,Sales
4693,3.6,0,Safe,Sales
4697,5.6,0,Safe,Sales
4698,3.6,0,Safe,Sales
4700,5.6,0,Safe,Sales
4701,3.6,0,Safe,Sales
4977,2.4,0,Safe,Sales
4978,3.1,0,Safe,Research & Development
4979,3.4,0,Safe,Research & Development
4980,1.5,0,Safe,Sales
4981,2.4,0,Safe,Sales
4982,3.1,0,Safe,Research & Development
4983,3.4,0,Safe,Research & Development
4984,2.9,0,Safe,Sales
4985,2.4,0,Safe,Sales
4986,3.1,0,Safe,Research & Development
4987,3.4,0,Safe,Research & Development
4988,1.5,0,Safe,Sales
4989,2.4,0,Safe,Sales
4990,3.1,0,Safe,Research & Development
4991,3.4,0,Safe,Research & Development
4992,2.9,0,Safe,Sales
5183,3.1,0,Safe,Sales
5186,8.3,0,Safe,Sales
5187,8.2,0,Safe,Sales
5188,8.3,0,Safe,Sales
5191,3.1,0,Safe,Sales
5194,8.3,0,Safe,Sales
5195,8.2,0,Safe,Sales
5196,8.3,0,Safe,Sales
5230,26.3,0,Safe,Research & Development
5233,25.6,0,Safe,Research & Development
5236,26.3,0,Safe,Research & Development
5237,24.5,0,Safe,Research & Development
5238,26.3,0,Safe,Research & Development
5241,24.5,0,Safe,Research & Development
5244,26.3,0,Safe,Research & Development
5245,24.5,0,Safe,Research & Development
5686,1.4,0,Safe,Research & Development
5688,1.4,0,Safe,Research & Development
5690,1.4,0,Safe,Research & Development
5691,1.4,0,Safe,Research & Development
5694,1.4,0,Safe,Research & Development
5696,1.4,0,Safe,Research & Development
5698,1.4,0,Safe,Research & Development
5699,1.3,0,Safe,Research & Development
6020,10.3,0,Safe,Sales
6021,8.1,0,Safe,Sales
6023,17.2,0,Safe,Sales
6024,8.1,0,Safe,Sales
6028,10.3,0,Safe,Sales
6029,8.1,0,Safe,Sales
6031,17.2,0,Safe,Sales
6032,7.7,0,Safe,Sales
6264,3.8,0,Safe,Research & Development
6266,3.3,0,Safe,Research & Development
6267,3.8,0,Safe,Research & Development
6268,3.3,0,Safe,Research & Development
6272,3.8,0,Safe,Research & Development
6274,3.3,0,Safe,Research & Development
6275,3.8,0,Safe,Research & Development
6276,3.3,0,Safe,Research & Development
7775,1.6,0,Safe,Research & Development
7776,2.2,0,Safe,Research & Development
7780,1.6,0,Safe,Research & Development
7781,2.2,0,Safe,Research & Development
7782,1.6,0,Safe,Research & Development
7783,2.2,0,Safe,Research & Development
7787,1.6,0,Safe,Research & Development
7788,17.5,0,Safe,Research & Development
8007,8.5,0,Safe,Research & Development
8009,6.2,0,Safe,Research & Development
8011,8.5,0,Safe,Research & Development
8012,8.9,0,Safe,Research & Development
8015,8.5,0,Safe,Research & Development
8017,6.2,0,Safe,Research & Development
8019,8.5,0,Safe,Research & Development
8020,16.1,0,Safe,Research & Development
8440,15.3,0,Safe,Sales
8442,18.7,0,Safe,Sales
8444,15.3,0,Safe,Sales
8445,18.7,0,Safe,Sales
8448,15.3,0,Safe,Sales
8449,10.3,0,Safe,Sales
8450,6.1,0,Safe,Sales
8452,18.7,0,Safe,Sales
8454,15.3,0,Safe,Sales
8455,18.7,0,Safe,Sales
8512,2.8,0,Safe,Research & Development
8514,6.9,0,Safe,Research & Development
8516,6.9,0,Safe,Research & Development
8517,6.9,0,Safe,Research & Development
8520,2.8,0,Safe,Research & Development
8521,1.5,0,Safe,Research & Development
8522,3.4,0,Safe,Research & Development
8524,6.9,0,Safe,Research & Development
8526,6.9,0,Safe,Research & Development
8527,6.9,0,Safe,Research & Development
8620,15.5,0,Safe,Research & Development
8622,15.5,0,Safe,Research & Development
8625,7.1,0,Safe,Research & Development
8626,7.1,0,Safe,Research & Development
8630,15.5,0,Safe,Research & Development
8632,15.5,0,Safe,Research & Development
8635,7.1,0,Safe,Research & Development
8636,7.1,0,Safe,Research & Development
8776,5.0,0,Safe,Sales
8778,9.8,0,Safe,Sales
8781,5.0,0,Safe,Sales
8782,9.8,0,Safe,Sales
8784,5.0,0,Safe,Sales
8786,9.8,0,Safe,Sales
8789,5.0,0,Safe,Sales
8790,9.8,0,Safe,Sales
8964,4.1,0,Safe,Research & Development
8967,4.1,0,Safe,Research & Development
8970,4.1,0,Safe,Research & Development
8971,4.1,0,Safe,Research & Development
8972,4.1,0,Safe,Research & Development
8975,4.1,0,Safe,Research & Development
8978,4.1,0,Safe,Research & Development
8979,4.1,0,Safe,
9636,1.4,0,Safe,Research & Development
9638,2.2,0,Safe,Research & Development
9640,2.2,0,Safe,Research & Development
9641,2.2,0,Safe,Research & Development
9644,1.4,0,Safe,Research & Development
9646,2.2,0,Safe,Research & Development
9648,2.2,0,Safe,Research & Development
9649,2.2,0,Safe,Research & Development
9653,1.4,0,Safe,Research & Development
9654,1.1,0,Safe,Research & Development
9656,1.4,0,Safe,Research & Development
9657,1.1,0,Safe,Research & Development
9661,1.4,0,Safe,Research & Development
9662,1.1,0,Safe,Research & Development
9664,1.4,0,Safe,Research & Development
9665,1.0,0,Safe,Research & Development
9860,10.5,0,Safe,Research & Development
9862,11.0,0,Safe,Research & Development
9865,10.5,0,Safe,Research & Development
9866,11.0,0,Safe,Research & Development
9868,10.5,0,Safe,Research & Development
9870,11.0,0,Safe,Research & Development
9873,10.5,0,Safe,Research & Development
9874,11.0,0,Safe,Research & Development
9986,10.3,0,Safe,Sales
9989,7.0,0,Safe,Sales
9990,10.3,0,Safe,Sales
9991,12.9,0,Safe,Sales
9994,10.3,0,Safe,Sales
9997,7.0,0,Safe,Sales
9998,10.3,0,Safe,Sales
9999,12.9,0,Safe,Sales
10048,4.4,0,Safe,Research & Development
10050,9.1,0,Safe,Research & Development
10052,9.2,0,Safe,Research & Development
10053,9.1,0,Safe,Research & Development
10056,4.4,0,Safe,Research & Development
10058,9.1,0,Safe,Research & Development
10060,9.2,0,Safe,Research & Development
10061,1.8,0,Safe,Research & Development
10223,2.9,0,Safe,Research & Development
10225,2.9,0,Safe,Research & Development
10227,2.9,0,Safe,Research & Development
10228,2.9,0,Safe,Research & Development
10231,2.9,0,Safe,Research & Development
10233,2.9,0,Safe,Research & Development
10235,2.9,0,Safe,Research & Development
10236,2.9,0,Safe,Research & Development
10287,4.1,0,Safe,Sales
10024,4.8,0,Safe,Sales
10291,4.1,0,Safe,Sales
10292,4.8,0,Safe,Sales
10295,4.1,0,Safe,Sales
10298,4.8,0,Safe,Sales
10299,4.1,0,Safe,Sales
10300,4.8,0,Safe,Sales
10414,6.3,0,Safe,Sales
10415,6.1,0,Safe,Sales
10417,6.3,0,Safe,Sales
10418,6.1,0,Safe,Sales
10422,6.3,0,Safe,Sales
10423,6.1,0,Safe,Sales
10425,6.3,0,Safe,Sales
10426,6.1,0,Safe,Sales
10596,23.9,0,Safe,Sales
10598,7.1,0,Safe,Sales
10599,23.9,0,Safe,Sales
10600,8.2,0,Safe,Sales
10604,23.9,0,Safe,Sales
10605,7.7,0,Safe,Sales
10607,7.1,0,Safe,Sales
10608,23.9,0,Safe,Sales
10609,8.2,0,Safe,Sales
10955,7.5,0,Safe,Research & Development
10957,5.6,0,Safe,Research & Development
10959,5.0,0,Safe,Research & Development
10960,4.1,0,Safe,Research & Development
10963,7.5,0,Safe,Research & Development
10965,5.6,0,Safe,Research & Development
10967,5.0,0,Safe,Research & Development
11115,5.4,0,Safe,Research & Development
11117,5.4,0,Safe,Research & Development
11119,5.4,0,Safe,Research & Development
11120,5.4,0,Safe,Research & Development
11123,5.4,0,Safe,Research & Development
11125,5.4,0,Safe,Research & Development
11127,6.7,0,Safe,Research & Development
11128,5.4,0,Safe,Research & Development
11148,9.5,0,Safe,Sales
11150,13.7,0,Safe,Sales
11151,13.7,0,Safe,Sales
11152,13.7,0,Safe,Sales
11156,9.5,0,Safe,Sales
11158,13.7,0,Safe,Sales
11159,13.7,0,Safe,Sales
11160,28.0,0,Safe,Sales
11961,0.6,0,Safe,Sales
11962,0.6,0,Safe,Sales
11964,0.4,0,Safe,Sales
11965,0.4,0,Safe,Sales
11969,0.6,0,Safe,Sales
11970,0.6,0,Safe,Sales
11972,0.4,0,Safe,Sales
11973,0.4,0,Safe,Sales
12041,2.5,0,Safe,Sales
12043,2.8,0,Safe,Sales
12044,2.5,0,Safe,Sales
12045,2.8,0,Safe,Sales
12049,2.5,0,Safe,Sales
12051,2.8,0,Safe,Sales
12052,2.5,0,Safe,Sales
12053,2.8,0,Safe,Sales
12127,16.2,0,Safe,Research & Development
12130,16.1,0,Safe,Research & Development
12131,16.2,0,Safe,Research & Development
12132,16.1,0,Safe,Research & Development
12135,16.2,0,Safe,Research & Development
12138,16.1,0,Safe,Research & Development
12139,5.5,0,Safe,Research & Development
12140,16.1,0,Safe,Research & Development
12381,2.6,0,Safe,Sales
12383,2.7,0,Safe,Sales
12384,2.6,0,Safe,Sales
12385,2.7,0,Safe,Sales
12389,2.6,0,Safe,Sales
12391,2.7,0,Safe,Sales
12392,2.6,0,Safe,Sales
12393,2.7,0,Safe,Sales
12595,1.2,0,Safe,Sales
12596,3.4,0,Safe,Sales
12598,1.2,0,Safe,Sales
12599,1.3,0,Safe,Sales
12603,1.2,0,Safe,Sales
12604,3.4,0,Safe,Sales
12606,1.2,0,Safe,Sales
12607,1.3,0,Safe,Sales
12944,2.4,0,Safe,Research & Development
12945,4.8,0,Safe,Research & Development
12947,4.8,0,Safe,Research & Development
12948,4.8,0,Safe,Research & Development
12952,2.4,0,Safe,Research & Development
12953,4.8,0,Safe,Research & Development
12955,4.8,0,Safe,Research & Development
12956,4.8,0,Safe,Research & Development
13167,2.7,0,Safe,Sales
13168,1.3,0,Safe,Sales
13170,2.7,0,Safe,Sales
13171,2.7,0,Safe,Sales
13175,2.7,0,Safe,Sales
13176,1.3,0,Safe,Sales
13178,2.7,0,Safe,Sales
13179,2.7,0,Safe,Sales
13389,3.9,0,Safe,Sales
13391,3.6,0,Safe,Sales
13392,9.3,0,Safe,Sales
13393,8.6,0,Safe,Sales
13397,3.9,0,Safe,Sales
13399,3.6,0,Safe,Sales
13400,9.3,0,Safe,Sales
13401,9.8,0,Safe,Sales
13627,20.3,0,Safe,Sales
13629,18.1,0,Safe,Sales
13631,20.3,0,Safe,Sales
13632,18.1,0,Safe,Sales
13634,20.3,0,Safe,Sales
13636,18.1,0,Safe,Sales
13638,12.5,0,Safe,Sales
13639,18.1,0,Safe,Sales
14103,4.9,0,Safe,Research & Development
14105,10.4,0,Safe,Research & Development
14109,4.9,0,Safe,Research & Development
14110,4.9,0,Safe,Research & Development
14111,4.9,0,Safe,Research & Development
14113,10.4,0,Safe,Research & Development
14117,12.5,0,Safe,Research & Development
14118,4.9,0,Safe,Research & Development
14119,1.1,0,Safe,Research & Development
14121,1.2,0,Safe,Research & Development
14125,1.1,0,Safe,Research & Development
14126,1.2,0,Safe,Research & Development
14127,1.1,0,Safe,Research & Development
14129,1.2,0,Safe,Research & Development
14133,1.2,0,Safe,Research & Development
14134,1.2,0,Safe,Research & Development
14416,16.4,0,Safe,Research & Development
14417,13.5,0,Safe,Research & Development
14419,16.4,0,Safe,Research & Development
14420,13.5,0,Safe,Research & Development
14424,16.4,0,Safe,Research & Development
14425,13.5,0,Safe,Research & Development
14427,16.4,0,Safe,Research & Development
14428,13.5,0,Safe,Research & Development
14574,6.5,0,Safe,Research & Development
14576,6.0,0,Safe,Research & Development
14579,5.4,0,Safe,Research & Development
14580,4.7,0,Safe,Research & Development
14582,6.5,0,Safe,Research & Development
14584,6.0,0,Safe,Research & Development
14587,5.4,0,Safe,Research & Development
14588,5.0,0,Safe,Research & Development
14975,6.8,0,Safe,Sales
14977,7.4,0,Safe,Sales
14979,6.8,0,Safe,Sales
14980,7.4,0,Safe,Sales
14983,6.8,0,Safe,Sales
14985,7.4,0,Safe,Sales
14987,7.3,0,Safe,Sales
14988,7.4,0,Safe,Sales
15870,5.2,0,Safe,Sales
15873,5.7,0,Safe,Sales
15874,5.2,0,Safe,Sales
15875,5.7,0,Safe,Sales
15878,5.2,0,Safe,Sales
15881,5.7,0,Safe,Sales
15882,9.0,0,Safe,Sales
15883,5.7,0,Safe,Sales
15903,19.1,0,Safe,Research & Development
15904,8.5,0,Safe,Research & Development
15908,19.1,0,Safe,Research & Development
15909,19.5,0,Safe,Research & Development
15911,19.1,0,Safe,Research & Development
15912,8.5,0,Safe,Research & Development
15916,19.1,0,Safe,Research & Development
15917,19.5,0,Safe,Research & Development
16201,15.3,0,Safe,Research & Development
16203,15.9,0,Safe,Research & Development
16206,15.3,0,Safe,Research & Development
16207,15.9,0,Safe,Research & Development
16209,15.3,0,Safe,Research & Development
16211,15.9,0,Safe,Research & Development
16214,15.3,0,Safe,Research & Development
16215,15.9,0,Safe,Research & Development
16421,4.0,0,Safe,Sales
16424,4.4,0,Safe,Sales
16427,4.0,0,Safe,Sales
16428,4.4,0,Safe,Sales
16429,4.0,0,Safe,Sales
16432,4.4,0,Safe,Sales
16435,2.4,0,Safe,Sales
16436,4.4,0,Safe,Sales
16539,7.5,0,Safe,Research & Development
16541,17.3,0,Safe,Research & Development
16544,17.3,0,Safe,Research & Development
16545,17.3,0,Safe,Research & Development
16547,7.5,0,Safe,Research & Development
16549,17.3,0,Safe,Research & Development
16552,17.3,0,Safe,Research & Development
16553,17.3,0,Safe,Research & Development
17205,7.4,0,Safe,Research & Development
17207,7.3,0,Safe,Research & Development
17211,7.1,0,Safe,Research & Development
17212,7.2,0,Safe,Research & Development
17213,7.4,0,Safe,Research & Development
17215,7.3,0,Safe,Research & Development
17218,6.4,0,Safe,Research & Development
17219,7.2,0,Safe,Research & Development
17417,12.6,0,Safe,Sales
17419,13.7,0,Safe,Sales
17420,12.6,0,Safe,Sales
17421,13.7,0,Safe,Sales
17425,12.6,0,Safe,Sales
17427,13.7,0,Safe,Sales
17428,12.6,0,Safe,Sales
17429,13.4,0,Safe,Sales
17620,6.6,0,Safe,Research & Development
17622,6.6,0,Safe,Research & Development
17624,6.6,0,Safe,Research & Development
17625,6.6,0,Safe,Research & Development
17628,6.6,0,Safe,Research & Development
17630,6.6,0,Safe,Research & Development
17632,2.9,0,Safe,Research & Development
17633,7.5,0,Safe,Research & Development
17808,3.1,0,Safe,Research & Development
17810,3.4,0,Safe,Research & Development
17812,3.1,0,Safe,Research & Development
17813,3.4,0,Safe,Research & Development
17816,3.1,0,Safe,Research & Development
17817,3.4,0,Safe,Research & Development
17819,3.1,0,Safe,Research & Development
17820,3.4,0,Safe,Research & Development
18050,2.8,0,Safe,Research & Development
18052,2.0,0,Safe,Research & Development
18053,2.5,0,Safe,Research & Development
18054,2.1,0,Safe,Research & Development
18058,2.9,0,Safe,Research & Development
18060,2.0,0,Safe,Research & Development
18061,2.5,0,Safe,Research & Development
18062,2.1,0,Safe,Research & Development
18200,2.5,0,Safe,Research & Development
18203,2.5,0,Safe,Research & Development
18206,3.0,0,Safe,Research & Development
18207,3.0,0,Safe,Research & Development
18210,2.5,0,Safe,Research & Development
18213,3.0,0,Safe,Research & Development
18214,6.5,0,Safe,Research & Development
18660,13.5,0,Safe,Research & Development
18661,13.3,0,Safe,Research & Development
18663,13.5,0,Safe,Research & Development
18664,13.3,0,Safe,Research & Development
18668,13.5,0,Safe,Research & Development
18669,13.3,0,Safe,Research & Development
18671,13.5,0,Safe,Research & Development
18672,13.3,0,Safe,Research & Development
19029,4.7,0,Safe,Research & Development
19031,5.4,0,Safe,Research & Development
19033,4.7,0,Safe,Research & Development
19034,5.4,0,Safe,Research & Development
19037,4.7,0,Safe,Research & Development
19039,5.4,0,Safe,Research & Development
19041,4.7,0,Safe,Research & Development
19042,5.4,0,Safe,Research & Development
19602,23.5,0,Safe,Research & Development
19605,22.6,0,Safe,Research & Development
19606,23.5,0,Safe,Research & Development
19607,22.6,0,Safe,Research & Development
19610,23.5,0,Safe,Research & Development
19613,22.6,0,Safe,Research & Development
19614,23.5,0,Safe,Research & Development
19615,22.6,0,Safe,Research & Development
19699,5.0,0,Safe,Research & Development
19700,4.8,0,Safe,Research & Development
19702,5.0,0,Safe,Research & Development
19703,4.8,0,Safe,Research & Development
19707,5.0,0,Safe,Research & Development
19708,4.8,0,Safe,Research & Development
19710,5.0,0,Safe,Research & Development
19711,4.8,0,Safe,Research & Development
19842,8.7,0,Safe,Sales
19845,10.1,0,Safe,Sales
19846,8.7,0,Safe,Sales
19847,10.1,0,Safe,Sales
19850,8.7,0,Safe,Sales
19853,10.1,0,Safe,Sales
19854,8.7,0,Safe,Sales
19855,10.1,0,Safe,Sales
19875,9.4,0,Safe,Sales
19876,9.0,0,Safe,Sales
19878,7.9,0,Safe,Sales
19879,7.9,0,Safe,Sales
19883,9.4,0,Safe,Sales
19884,9.0,0,Safe,Sales
19886,7.9,0,Safe,Sales
20141,5.1,0,Safe,Research & Development
20144,5.2,0,Safe,Research & Development
20145,5.1,0,Safe,Research & Development
20146,5.2,0,Safe,Research & Development
20149,5.1,0,Safe,Research & Development
20152,5.2,0,Safe,Research & Development
20153,5.1,0,Safe,Research & Development
20154,2.3,0,Safe,Research & Development
20892,7.2,0,Safe,Research & Development
20894,6.7,0,Safe,Research & Development
20897,3.5,0,Safe,Research & Development
20898,3.1,0,Safe,Research & Development
20900,7.2,0,Safe,Research & Development
20902,6.7,0,Safe,Research & Development
20905,3.5,0,Safe,Research & Development
20906,3.1,0,Safe,Research & Development
21082,9.8,0,Safe,Sales
21083,6.9,0,Safe,Research & Development
21084,6.2,0,Safe,Research & Development
21085,8.8,0,Safe,Sales
21086,9.8,0,Safe,Sales
21087,6.9,0,Safe,Research & Development
21088,6.2,0,Safe,Research & Development
21089,8.8,0,Safe,Sales
21090,9.8,0,Safe,Sales
21091,6.9,0,Safe,Research & Development
21092,6.2,0,Safe,Research & Development
21093,8.8,0,Safe,Sales
21094,9.8,0,Safe,Sales
21095,6.9,0,Safe,Research & Development
21096,6.2,0,Safe,Research & Development
21097,8.8,0,Safe,Sales
21705,2.3,0,Safe,Research & Development
21706,1.2,0,Safe,Research & Development
21710,2.3,0,Safe,Research & Development
21711,2.4,0,Safe,Research & Development
21713,2.3,0,Safe,Research & Development
21714,1.2,0,Safe,Research & Development
21718,2.3,0,Safe,Research & Development
21719,2.4,0,Safe,Research & Development
21823,13.3,0,Safe,Sales
21824,22.7,0,Safe,Sales
21828,19.1,0,Safe,Sales
21829,38.1,0,Safe,Sales
21831,13.3,0,Safe,Sales
21832,22.7,0,Safe,Sales
21836,19.1,0,Safe,Sales
21837,38.1,0,Safe,Sales
22197,4.0,0,Safe,Research & Development
22200,3.4,0,Safe,Research & Development
22201,4.0,0,Safe,Research & Development
22202,3.4,0,Safe,Research & Development
22205,4.0,0,Safe,Research & Development
22208,3.4,0,Safe,Research & Development
22209,4.0,0,Safe,Research & Development
22210,3.4,0,Safe,Research & Development
22293,11.5,0,Safe,Research & Development
22296,10.8,0,Safe,Research & Development
22297,10.1,0,Safe,Research & Development
22298,10.8,0,Safe,Research & Development
22301,11.5,0,Safe,Research & Development
22304,10.8,0,Safe,Research & Development
22305,10.1,0,Safe,Research & Development
22306,10.8,0,Safe,Research & Development
22807,14.9,0,Safe,Research & Development
22809,27.3,0,Safe,Research & Development
22810,27.3,0,Safe,Research & Development
22811,27.3,0,Safe,Research & Development
22814,14.9,0,Safe,Research & Development
22817,27.3,0,Safe,Research & Development
22818,27.3,0,Safe,Research & Development
22819,27.3,0,Safe,Research & Development
22838,18.2,0,Safe,Sales
22840,23.0,0,Safe,Sales
22842,18.2,0,Safe,Sales
22843,23.0,0,Safe,Sales
22846,18.2,0,Safe,Sales
22848,23.0,0,Safe,Sales
22850,18.2,0,Safe,Sales
22851,23.0,0,Safe,Sales
22888,3.0,0,Safe,Sales
22890,5.9,0,Safe,Sales
22894,6.2,0,Safe,Sales
22895,5.9,0,Safe,Sales
22896,3.0,0,Safe,Sales
22898,5.9,0,Safe,Sales
22902,6.2,0,Safe,Sales
22903,5.9,0,Safe,Sales
23059,1.9,0,Safe,Research & Development
23061,3.8,0,Safe,Research & Development
23064,5.9,0,Safe,Research & Development
23065,3.8,0,Safe,Research & Development
23067,1.9,0,Safe,Research & Development
23069,3.8,0,Safe,Research & Development
23072,5.9,0,Safe,Research & Development
23073,3.8,0,Safe,Research & Development
23170,6.2,0,Safe,Research & Development
23172,7.0,0,Safe,Research & Development
23176,6.2,0,Safe,Research & Development
23177,7.0,0,Safe,Research & Development
23178,6.2,0,Safe,Research & Development
23180,7.0,0,Safe,Research & Development
23184,6.2,0,Safe,Research & Development
23185,7.0,0,Safe,Research & Development
23237,7.0,0,Safe,Research & Development
23238,7.2,0,Safe,Research & Development
23240,7.0,0,Safe,Research & Development
23241,7.2,0,Safe,Research & Development
23244,7.0,0,Safe,Research & Development
23244,7.2,0,Safe,Research & Development
23244,7.2,0,Safe,Research & Development
23244,7.2,0,Safe,Research & Development
23493,11.8,0,Safe,Research & Development
23494,10.8,0,Safe,Research & Development
23496,11.8,0,Safe,Research & Development
23497,10.8,0,Safe,Research & Development
23501,11.8,0,Safe,Research & Development
23502,10.8,0,Safe,Research & Development
23407,11.8,0,Safe,Research & Development
23505,10.8,0,Safe,Research & Development
10968,4.1,0,Safe,Research & Development
709,23.0,0,Safe,Sales
711,18.2,0,Safe,Sales
715,23.0,0,Safe,Sales
716,30.7,0,Safe,Sales
717,23.0,0,Safe,Sales
719,18.2,0,Safe,Sales
723,23.0,0,Safe,Sales
724,30.7,0,Safe,Sales
8458,9.2,0,Safe,Sales
8460,9.7,0,Safe,Sales
8464,9.2,0,Safe,Sales
8465,9.7,0,Safe,Sales
8466,9.2,0,Safe,Sales
8467,9.3,0,Safe,Sales
8468,21.3,0,Safe,Sales
8470,9.7,0,Safe,Sales
8474,9.2,0,Safe,Sales
8475,9.7,0,Safe,Sales
10065,20.2,0,Safe,Sales
10066,9.3,0,Safe,Sales
10068,20.2,0,Safe,Sales
10069,17.4,0,Safe,Sales
10073,20.2,0,Safe,Sales
10074,9.3,0,Safe,Sales
10076,20.2,0,Safe,Sales
10077,17.4,0,Safe,Sales
10192,2.9,0,Safe,Sales
10193,4.0,0,Safe,Sales
10197,2.9,0,Safe,Sales
10198,2.9,0,Safe,Sales
10200,2.9,0,Safe,Sales
10201,4.0,0,Safe,Sales
10205,2.9,0,Safe,Sales
10206,2.9,0,Safe,Sales
12672,4.9,0,Safe,Sales
12674,4.1,0,Safe,Sales
12677,4.9,0,Safe,Sales
12678,4.1,0,Safe,Sales
12680,4.9,0,Safe,Sales
12682,4.1,0,Safe,Sales
12685,4.9,0,Safe,Sales
12686,4.1,0,Safe,Sales
12847,5.1,0,Safe,Sales
12849,4.8,0,Safe,Sales
12853,5.1,0,Safe,Sales
12854,4.8,0,Safe,Sales
12855,5.1,0,Safe,Sales
12857,4.8,0,Safe,Sales
12861,5.1,0,Safe,Sales
12862,4.8,0,Safe,Sales
20844,4.7,0,Safe,Sales
20845,4.0,0,Safe,Sales
20849,4.7,0,Safe,Sales
20850,4.0,0,Safe,Sales
20852,4.7,0,Safe,Sales
20853,4.0,0,Safe,Sales
20857,4.7,0,Safe,Sales
20858,4.0,0,Safe,Sales
22182,12.9,0,Safe,Sales
22184,12.9,0,Safe,Sales
22187,12.9,0,Safe,Sales
22188,12.9,0,Safe,Sales
22190,12.9,0,Safe,Sales
22192,12.9,0,Safe,Sales
22195,12.9,0,Safe,Sales
22196,12.9,0,Safe,Sales
23220,21.9,0,Safe,Sales
23222,18.1,0,Safe,Sales
23226,21.9,0,Safe,Sales
23227,18.1,0,Safe,Sales
23228,21.9,0,Safe,Sales
23230,18.1,0,Safe,Sales
23234,21.9,0,Safe,Sales
23235,18.1,0,Safe,Sales
23364,4.9,0,Safe,Sales
23367,5.2,0,Safe,Sales
23370,4.9,0,Safe,Sales
23371,5.2,0,Safe,Sales
23372,4.9,0,Safe,Sales
23375,5.2,0,Safe,Sales
23378,4.9,0,Safe,Sales
23379,5.2,0,Safe,Sales
272,7.1,0,Safe,Research & Development
1129,2.0,0,Safe,Research & Development
1132,1.0,0,Safe,Research & Development
1135,2.0,0,Safe,Research & Development
1136,2.0,0,Safe,Research & Development
1137,2.0,0,Safe,Research & Development
1140,1.0,0,Safe,Research & Development
1143,2.0,0,Safe,Research & Development
1144,2.0,0,Safe,Research & Development
1317,8.8,0,Safe,Research & Development
1318,7.9,0,Safe,Research & Development
1322,8.8,0,Safe,Research & Development
1323,7.9,0,Safe,Research & Development
1324,8.8,0,Safe,Research & Development
1325,7.9,0,Safe,Research & Development
1329,8.8,0,Safe,Research & Development
1330,7.9,0,Safe,Research & Development
1645,5.1,0,Safe,Research & Development
1647,5.3,0,Safe,Research & Development
1650,5.1,0,Safe,Research & Development
1651,5.3,0,Safe,Research & Development
1653,5.1,0,Safe,Research & Development
1655,5.3,0,Safe,Research & Development
1658,5.1,0,Safe,Research & Development
1659,5.3,0,Safe,Research & Development
1799,4.8,0,Safe,Research & Development
1801,4.1,0,Safe,Research & Development
1805,4.8,0,Safe,Research & Development
1806,4.1,0,Safe,Research & Development
1808,4.1,0,Safe,Research & Development
1812,4.8,0,Safe,Research & Development
1813,4.1,0,Safe,Research & Development
2192,6.4,0,Safe,Sales
2194,7.0,0,Safe,Sales
2198,6.4,0,Safe,Sales
2199,7.0,0,Safe,Sales
2200,6.4,0,Safe,Sales
2202,7.0,0,Safe,Sales
2206,6.4,0,Safe,Sales
2207,7.0,0,Safe,Sales
2367,1.9,0,Safe,Research & Development
2369,1.9,0,Safe,Research & Development
2372,1.0,0,Safe,Research & Development
2373,1.0,0,Safe,Research & Development
2375,1.9,0,Safe,Research & Development
2377,1.9,0,Safe,Research & Development
2379,1.0,0,Safe,Research & Development
2380,1.0,0,Safe,Research & Development
2720,2.7,0,Safe,Research & Development
2723,1.3,0,Safe,Research & Development
2726,2.7,0,Safe,Research & Development
2727,2.6,0,Safe,Research & Development
2728,2.7,0,Safe,Research & Development
2731,1.3,0,Safe,Research & Development
2734,2.7,0,Safe,Research & Development
2735,2.6,0,Safe,Research & Development
3005,2.5,0,Safe,Research & Development
3007,2.6,0,Safe,Research & Development
3011,3.5,0,Safe,Research & Development
3012,2.6,0,Safe,Research & Development
3013,2.5,0,Safe,Research & Development
3015,2.6,0,Safe,Research & Development
3019,3.5,0,Safe,Research & Development
3020,2.6,0,Safe,Research & Development
3268,9.6,0,Safe,Research & Development
3270,3.7,0,Safe,Research & Development
3273,9.6,0,Safe,Research & Development
3274,8.7,0,Safe,Research & Development
3276,9.6,0,Safe,Research & Development
3278,3.7,0,Safe,Research & Development
3281,9.6,0,Safe,Research & Development
3282,8.7,0,Safe,Research & Development
3813,1.5,0,Safe,Sales
3815,1.2,0,Safe,Sales
3819,1.4,0,Safe,Sales
3820,1.2,0,Safe,Sales
3821,1.5,0,Safe,Sales
3823,1.2,0,Safe,Sales
3827,1.4,0,Safe,Sales
3828,1.2,0,Safe,Sales
4554,1.4,0,Safe,Research & Development
4556,2.7,0,Safe,Research & Development
4560,2.8,0,Safe,Research & Development
4561,2.7,0,Safe,Research & Development
4562,1.4,0,Safe,Research & Development
4564,2.7,0,Safe,Research & Development
4568,2.8,0,Safe,Research & Development
4569,2.7,0,Safe,Research & Development
4765,14.3,0,Safe,Research & Development
4766,13.1,0,Safe,Research & Development
4770,14.3,0,Safe,Research & Development
4771,13.1,0,Safe,Research & Development
4772,14.3,0,Safe,Research & Development
4773,13.1,0,Safe,Research & Development
4777,14.3,0,Safe,Research & Development
4778,13.1,0,Safe,Research & Development
5215,12.0,0,Safe,Research & Development
5217,14.1,0,Safe,Research & Development
5220,12.0,0,Safe,Research & Development
5221,14.1,0,Safe,Research & Development
5223,12.0,0,Safe,Research & Development
5225,14.1,0,Safe,Research & Development
5228,12.0,0,Safe,Research & Development
5229,14.1,0,Safe,Research & Development
5357,3.4,0,Safe,Research & Development
5358,3.5,0,Safe,Research & Development
5362,3.5,0,Safe,Research & Development
5363,3.5,0,Safe,Research & Development
5365,3.4,0,Safe,Research & Development
5366,3.5,0,Safe,Research & Development
5370,3.5,0,Safe,Research & Development
5371,3.5,0,Safe,Research & Development
5420,3.8,0,Safe,Sales
5421,2.9,0,Safe,Sales
5425,3.8,0,Safe,Sales
5426,2.9,0,Safe,Sales
5428,3.8,0,Safe,Sales
5429,2.9,0,Safe,Sales
5432,3.8,0,Safe,Sales
5433,2.9,0,Safe,Sales
5939,3.9,0,Safe,Research & Development
5942,2.6,0,Safe,Research & Development
5945,3.9,0,Safe,Research & Development
5946,2.6,0,Safe,Research & Development
5947,3.9,0,Safe,Research & Development
5950,2.6,0,Safe,Research & Development
5953,3.9,0,Safe,Research & Development
5954,2.6,0,Safe,Research & Development
6702,3.7,0,Safe,Research & Development
6704,10.2,0,Safe,Research & Development
6707,3.7,0,Safe,Research & Development
6708,10.2,0,Safe,Research & Development
6709,3.7,0,Safe,Research & Development
6711,10.2,0,Safe,Research & Development
6714,3.7,0,Safe,Research & Development
6715,10.2,0,Safe,Research & Development
6851,5.3,0,Safe,Research & Development
6854,4.8,0,Safe,Research & Development
6857,5.3,0,Safe,Research & Development
6858,4.8,0,Safe,Research & Development
6861,4.8,0,Safe,Research & Development
6864,5.3,0,Safe,Research & Development
6865,4.8,0,Safe,Research & Development
7653,2.1,0,Safe,Human Resources
7655,1.4,0,Safe,Human Resources
7659,2.1,0,Safe,Human Resources
7660,2.1,0,Safe,Human Resources
7661,2.1,0,Safe,Human Resources
7663,1.4,0,Safe,Human Resources
7667,2.1,0,Safe,Human Resources
7668,2.1,0,Safe,Human Resources
8247,24.4,0,Safe,Research & Development
8249,24.4,0,Safe,Research & Development
8252,24.4,0,Safe,Research & Development
8253,24.4,0,Safe,Research & Development
8255,24.4,0,Safe,Research & Development
8257,24.4,0,Safe,Research & Development
8260,24.4,0,Safe,Research & Development
8261,24.4,0,Safe,Research & Development
8374,1.1,0,Safe,Research & Development
8377,1.7,0,Safe,Research & Development
8380,1.7,0,Safe,Research & Development
8381,1.7,0,Safe,Research & Development
8382,1.1,0,Safe,Research & Development
8385,1.7,0,Safe,Research & Development
8387,1.7,0,Safe,Research & Development
8388,1.7,0,Safe,Research & Development
8655,3.3,0,Safe,Sales
8657,2.6,0,Safe,Sales
8661,3.3,0,Safe,Sales
8662,6.4,0,Safe,Sales
8663,3.3,0,Safe,Sales
8664,3.6,0,Safe,Sales
8665,1.9,0,Safe,Sales
8667,2.6,0,Safe,Sales
8671,3.3,0,Safe,Sales
8672,6.4,0,Safe,Sales
9444,5.4,0,Safe,Research & Development
9447,4.0,0,Safe,Research & Development
9450,5.4,0,Safe,Research & Development
9451,4.0,0,Safe,Research & Development
9452,5.4,0,Safe,Research & Development
9455,4.0,0,Safe,Research & Development
9458,5.4,0,Safe,Research & Development
9459,4.0,0,Safe,Research & Development
10368,4.3,0,Safe,Sales
10370,4.8,0,Safe,Sales
10371,4.3,0,Safe,Sales
10372,4.8,0,Safe,Sales
10376,4.3,0,Safe,Sales
10378,4.8,0,Safe,Sales
10379,4.3,0,Safe,Sales
10380,4.8,0,Safe,Sales
10477,3.8,0,Safe,Research & Development
10479,3.8,0,Safe,Research & Development
10483,3.8,0,Safe,Research & Development
10484,3.8,0,Safe,Research & Development
10485,3.8,0,Safe,Research & Development
10488,3.8,0,Safe,Research & Development
10491,3.8,0,Safe,Research & Development
10492,3.8,0,Safe,Research & Development
11195,6.6,0,Safe,Sales
11196,11.5,0,Safe,Sales
11200,6.6,0,Safe,Sales
11201,11.5,0,Safe,Sales
11203,6.6,0,Safe,Sales
11204,11.5,0,Safe,Sales
11208,6.6,0,Safe,Sales
11209,11.5,0,Safe,Sales
11459,1.9,0,Safe,Research & Development
11461,2.3,0,Safe,Research & Development
11465,1.9,0,Safe,Research & Development
11466,1.6,0,Safe,Research & Development
11467,1.9,0,Safe,Research & Development
11469,2.3,0,Safe,Research & Development
11473,1.9,0,Safe,Research & Development
11474,1.6,0,Safe,Research & Development
11563,2.5,0,Safe,Research & Development
11566,3.3,0,Safe,Research & Development
11569,3.1,0,Safe,Research & Development
11570,3.3,0,Safe,Research & Development
11573,3.3,0,Safe,Research & Development
11576,3.1,0,Safe,Research & Development
11577,3.3,0,Safe,Research & Development
11890,2.3,0,Safe,Research & Development
11893,2.2,0,Safe,Research & Development
11896,2.3,0,Safe,Research & Development
11897,2.2,0,Safe,Research & Development
11898,2.3,0,Safe,Research & Development
11901,2.2,0,Safe,Research & Development
11904,2.3,0,Safe,Research & Development
11905,2.2,0,Safe,Research & Development
11470,0.4,0,Safe,Sales
12042,0.4,0,Safe,Sales
12046,0.4,0,Safe,Sales
12047,0.4,0,Safe,Sales
12048,0.4,0,Safe,Sales
12050,0.4,0,Safe,Sales
12054,0.4,0,Safe,Sales
12055,0.4,0,Safe,Sales
12128,2.5,0,Safe,Sales
12129,3.6,0,Safe,Sales
12133,5.8,0,Safe,Sales
12134,3.6,0,Safe,Sales
12136,2.5,0,Safe,Sales
12137,3.6,0,Safe,Sales
12141,5.8,0,Safe,Sales
12142,3.6,0,Safe,Sales
12284,0.9,0,Safe,Research & Development
12286,0.3,0,Safe,Research & Development
12290,0.9,0,Safe,Research & Development
12291,0.8,0,Safe,Research & Development
12292,0.9,0,Safe,Research & Development
12294,0.3,0,Safe,Research & Development
12298,0.9,0,Safe,Research & Development
12299,0.8,0,Safe,Research & Development
12960,3.7,0,Safe,Research & Development
12961,5.5,0,Safe,Research & Development
12965,3.7,0,Safe,Research & Development
12966,3.7,0,Safe,Research & Development
12968,3.7,0,Safe,Research & Development
12969,5.5,0,Safe,Research & Development
12973,3.7,0,Safe,Research & Development
12974,3.7,0,Safe,Research & Development
13613,6.5,0,Safe,Research & Development
13617,6.5,0,Safe,Research & Development
13618,5.6,0,Safe,Research & Development
13620,6.5,0,Safe,Research & Development
13621,5.6,0,Safe,Research & Development
13625,6.5,0,Safe,Research & Development
13626,5.6,0,Safe,Research & Development
13895,0.6,0,Safe,Research & Development
13897,0.5,0,Safe,Research & Development
13901,0.4,0,Safe,Research & Development
13902,0.3,0,Safe,Research & Development
13903,0.6,0,Safe,Research & Development
13905,0.5,0,Safe,Research & Development
13909,0.4,0,Safe,Research & Development
13910,0.3,0,Safe,Research & Development
13976,3.2,0,Safe,Sales
13977,3.3,0,Safe,Sales
13981,3.2,0,Safe,Sales
13982,3.3,0,Safe,Sales
13984,3.2,0,Safe,Sales
13985,3.3,0,Safe,Sales
13989,3.2,0,Safe,Sales
13990,3.3,0,Safe,Sales
15135,3.7,0,Safe,Research & Development
15138,3.9,0,Safe,Research & Development
15141,3.7,0,Safe,Research & Development
15142,3.9,0,Safe,Research & Development
15143,3.7,0,Safe,Research & Development
15146,3.9,0,Safe,Research & Development
15149,3.7,0,Safe,Research & Development
15150,3.9,0,Safe,Research & Development
15152,6.1,0,Safe,Human Resources
15153,3.7,0,Safe,Human Resources
15157,6.1,0,Safe,Human Resources
15158,6.5,0,Safe,Human Resources
15160,6.1,0,Safe,Human Resources
15161,3.7,0,Safe,Human Resources
15165,6.1,0,Safe,Human Resources
15166,6.5,0,Safe,Human Resources
15414,0.5,0,Safe,Research & Development
15416,0.5,0,Safe,Research & Development
15417,0.5,0,Safe,Research & Development
15418,0.5,0,Safe,Research & Development
15422,0.5,0,Safe,Research & Development
15424,0.5,0,Safe,Research & Development
15425,0.5,0,Safe,Research & Development
15426,0.5,0,Safe,Research & Development
15713,15.6,0,Safe,Research & Development
15714,15.1,0,Safe,Research & Development
15718,15.6,0,Safe,Research & Development
15719,15.1,0,Safe,Research & Development
15721,15.6,0,Safe,Research & Development
15722,15.1,0,Safe,Research & Development
15726,15.6,0,Safe,Research & Development
15727,15.1,0,Safe,Research & Development
16294,13.2,0,Safe,Research & Development
16295,17.5,0,Safe,Research & Development
16299,13.2,0,Safe,Research & Development
16300,13.2,0,Safe,Research & Development
16302,13.2,0,Safe,Research & Development
16303,13.2,0,Safe,Research & Development
16307,13.2,0,Safe,Research & Development
16308,13.2,0,Safe,Research & Development
16586,1.0,0,Safe,Research & Development
16588,2.1,0,Safe,Research & Development
16591,2.3,0,Safe,Research & Development
16592,2.1,0,Safe,Research & Development
16594,1.0,0,Safe,Research & Development
16596,2.1,0,Safe,Research & Development
16599,2.3,0,Safe,Research & Development
16600,2.1,0,Safe,Research & Development
17094,7.8,0,Safe,Research & Development
17096,5.1,0,Safe,Research & Development
17099,7.8,0,Safe,Research & Development
17100,5.6,0,Safe,Research & Development
17102,7.8,0,Safe,Research & Development
17104,5.1,0,Safe,Research & Development
17107,7.8,0,Safe,Research & Development
17108,5.6,0,Safe,Research & Development
17384,2.2,0,Safe,Research & Development
17387,1.4,0,Safe,Research & Development
17390,2.2,0,Safe,Research & Development
17391,3.1,0,Safe,Research & Development
17392,2.2,0,Safe,Research & Development
17395,1.4,0,Safe,Research & Development
17398,2.2,0,Safe,Research & Development
17399,3.1,0,Safe,Research & Development
18001,1.9,0,Safe,Sales
18003,1.8,0,Safe,Sales
18007,1.9,0,Safe,Sales
18008,1.8,0,Safe,Sales
18009,1.9,0,Safe,Sales
18011,1.8,0,Safe,Sales
18015,1.9,0,Safe,Sales
18016,1.8,0,Safe,Sales
18080,5.6,0,Safe,Research & Development
18082,2.8,0,Safe,Research & Development
18085,5.6,0,Safe,Research & Development
18086,5.2,0,Safe,Research & Development
18088,5.6,0,Safe,Research & Development
18090,2.8,0,Safe,Research & Development
18093,5.6,0,Safe,Research & Development
18094,5.2,0,Safe,Research & Development
18185,0.4,0,Safe,Research & Development
18188,0.3,0,Safe,Research & Development
18191,0.4,0,Safe,Research & Development
18192,0.3,0,Safe,Research & Development
18195,0.3,0,Safe,Research & Development
18198,0.4,0,Safe,Research & Development
18199,0.3,0,Safe,Research & Development
18261,1.4,0,Safe,Research & Development
18262,1.6,0,Safe,Research & Development
18266,1.4,0,Safe,Research & Development
18267,1.6,0,Safe,Research & Development
18268,1.4,0,Safe,Research & Development
18269,1.6,0,Safe,Research & Development
18273,1.4,0,Safe,Research & Development
18274,1.6,0,Safe,Research & Development
18823,4.9,0,Safe,Research & Development
18825,4.0,0,Safe,Research & Development
18829,4.9,0,Safe,Research & Development
18830,4.6,0,Safe,Research & Development
18831,4.9,0,Safe,Research & Development
18833,4.0,0,Safe,Research & Development
18837,4.9,0,Safe,Research & Development
18838,4.6,0,Safe,Research & Development
21903,1.8,0,Safe,Research & Development
21904,1.5,0,Safe,Research & Development
21908,1.8,0,Safe,Research & Development
21909,1.5,0,Safe,Research & Development
21911,1.8,0,Safe,Research & Development
21912,1.5,0,Safe,Research & Development
21916,1.8,0,Safe,Research & Development
21917,1.5,0,Safe,Research & Development
23512,2.8,0,Safe,Research & Development
935,58.1,1,HIGH RISK,Research & Development
937,29.2,0,Safe,Research & Development
941,58.1,1,HIGH RISK,Research & Development
942,29.2,0,Safe,Research & Development
943,58.1,1,HIGH RISK,Research & Development
945,29.2,0,Safe,Research & Development
949,58.1,1,HIGH RISK,Research & Development
950,29.2,0,Safe,Research & Development
952,38.5,0,Safe,Research & Development
953,54.4,1,HIGH RISK,Research & Development
957,54.4,1,HIGH RISK,Research & Development
958,54.4,1,HIGH RISK,Research & Development
960,38.5,0,Safe,Research & Development
961,54.4,1,HIGH RISK,Research & Development
965,54.4,1,HIGH RISK,Research & Development
966,54.4,1,HIGH RISK,Research & Development
18753,8.9,0,Safe,Sales
18755,8.3,0,Safe,Sales
18758,8.9,0,Safe,Sales
18759,8.3,0,Safe,Sales
18761,8.9,0,Safe,Sales
18763,8.3,0,Safe,Sales
18766,8.9,0,Safe,Sales
18767,8.3,0,Safe,Sales
19252,9.9,0,Safe,Sales
19254,13.4,0,Safe,Sales
19258,9.9,0,Safe,Sales
19259,13.4,0,Safe,Sales
19260,9.9,0,Safe,Sales
19262,13.4,0,Safe,Sales
19266,9.9,0,Safe,Sales
19267,13.4,0,Safe,Sales
3670,5.2,0,Safe,Research & Development
3672,5.2,0,Safe,Research & Development
3675,5.2,0,Safe,Research & Development
3676,5.2,0,Safe,Research & Development
3678,5.2,0,Safe,Research & Development
3680,5.2,0,Safe,Research & Development
3683,5.2,0,Safe,Research & Development
3684,5.2,0,Safe,Research & Development
5295,0.6,0,Safe,Research & Development
5296,1.0,0,Safe,Research & Development
5300,1.0,0,Safe,Research & Development
5301,1.0,0,Safe,Research & Development
5303,0.6,0,Safe,Research & Development
5304,1.0,0,Safe,Research & Development
5307,1.0,0,Safe,Research & Development
5308,1.0,0,Safe,Research & Development
5310,2.3,0,Safe,Research & Development
5312,2.6,0,Safe,Research & Development
5315,2.3,0,Safe,Research & Development
5316,2.6,0,Safe,Research & Development
5318,2.3,0,Safe,Research & Development
5320,2.6,0,Safe,Research & Development
5322,2.3,0,Safe,Research & Development
5323,2.6,0,Safe,Research & Development
5702,6.4,0,Safe,Sales
5705,6.2,0,Safe,Sales
5708,2.9,0,Safe,Sales
5709,3.1,0,Safe,Sales
5710,6.4,0,Safe,Sales
5064,6.2,0,Safe,Sales
5716,2.9,0,Safe,Sales
5717,3.1,0,Safe,Sales
6436,2.1,0,Safe,Research & Development
6437,4.6,0,Safe,Research & Development
6441,4.7,0,Safe,Research & Development
6442,4.6,0,Safe,Research & Development
6444,2.1,0,Safe,Research & Development
6445,4.6,0,Safe,Research & Development
6449,4.7,0,Safe,Research & Development
6450,4.6,0,Safe,Research & Development
6927,9.6,0,Safe,Research & Development
6928,5.8,0,Safe,Research & Development
6932,9.6,0,Safe,Research & Development
6933,10.3,0,Safe,Research & Development
6934,9.6,0,Safe,Research & Development
6935,5.8,0,Safe,Research & Development
6939,9.6,0,Safe,Research & Development
6940,10.3,0,Safe,Research & Development
7136,1.8,0,Safe,Sales
7138,3.6,0,Safe,Sales
7142,4.2,0,Safe,Sales
7143,4.1,0,Safe,Sales
7144,1.8,0,Safe,Sales
7146,4.1,0,Safe,Sales
7150,4.2,0,Safe,Sales
7151,4.1,0,Safe,Sales
7805,34.7,0,Safe,Sales
7807,23.6,0,Safe,Sales
7810,34.7,0,Safe,Sales
7811,31.9,0,Safe,Sales
7812,34.7,0,Safe,Sales
7814,23.6,0,Safe,Sales
7817,34.7,0,Safe,Sales
7818,31.9,0,Safe,Sales
7880,2.8,0,Safe,Research & Development
7882,2.2,0,Safe,Research & Development
7886,2.8,0,Safe,Research & Development
7887,2.2,0,Safe,Research & Development
7888,2.8,0,Safe,Research & Development
7890,2.2,0,Safe,Research & Development
7894,2.8,0,Safe,Research & Development
7895,2.2,0,Safe,Research & Development
8326,9.1,0,Safe,Sales
8328,8.5,0,Safe,
8332,9.1,0,Safe,Sales
8333,8.5,0,Safe,Sales
8334,9.1,0,Safe,Sales
8336,8.5,0,Safe,Sales
8340,9.1,0,Safe,Sales
8341,8.5,0,Safe,Sales
9269,2.2,0,Safe,Research & Development
9271,3.0,0,Safe,Research & Development
9274,2.2,0,Safe,Research & Development
9275,3.0,0,Safe,Research & Development
9277,2.2,0,Safe,Research & Development
9279,3.0,0,Safe,Research & Development
9282,2.2,0,Safe,Research & Development
9283,3.0,0,Safe,Research & Development
10891,0.8,0,Safe,Research & Development
10894,0.9,0,Safe,Research & Development
10897,1.1,0,Safe,Research & Development
10898,1.2,0,Safe,Research & Development
10899,0.8,0,Safe,Research & Development
10902,0.9,0,Safe,Research & Development
10905,1.1,0,Safe,Research & Development
10906,1.2,0,Safe,Research & Development
11004,2.5,0,Safe,Sales
11006,2.9,0,Safe,Sales
11009,2.5,0,Safe,Sales
11010,2.9,0,Safe,Sales
11012,2.5,0,Safe,Sales
11014,2.9,0,Safe,Sales
11017,2.5,0,Safe,Sales
11018,2.9,0,Safe,Sales
11132,8.4,0,Safe,Sales
11133,9.2,0,Safe,Sales
11137,8.4,0,Safe,Sales
11138,9.2,0,Safe,Sales
11140,8.4,0,Safe,Sales
11141,9.2,0,Safe,Sales
11145,8.4,0,Safe,Sales
11146,9.2,0,Safe,Sales
11772,10.8,0,Safe,Research & Development
11774,8.2,0,Safe,Research & Development
11778,10.8,0,Safe,Research & Development
11779,8.2,0,Safe,Research & Development
11780,10.8,0,Safe,Research & Development
11782,8.2,0,Safe,Research & Development
11786,10.8,0,Safe,Research & Development
11787,8.2,0,Safe,Research & Development
11788,1.7,0,Safe,Research & Development
11791,1.2,0,Safe,Research & Development
11794,1.7,0,Safe,Research & Development
11795,1.7,0,Safe,Research & Development
11796,1.7,0,Safe,Research & Development
11799,1.2,0,Safe,Research & Development
11801,1.7,0,Safe,Research & Development
11802,1.7,0,Safe,Research & Development
12073,2.4,0,Safe,Sales
12074,3.8,0,Safe,Sales
12078,3.8,0,Safe,Sales
12079,3.8,0,Safe,Sales
12081,2.4,0,Safe,Sales
12082,3.8,0,Safe,Sales
12093,3.8,0,Safe,Sales
12094,3.8,0,Safe,Sales
12895,4.8,0,Safe,Research & Development
12897,4.3,0,Safe,Research & Development
12901,2.6,0,Safe,Research & Development
12902,2.5,0,Safe,Research & Development
12903,4.8,0,Safe,Research & Development
12905,4.3,0,Safe,Research & Development
12909,2.6,0,Safe,Research & Development
12910,2.5,0,Safe,Research & Development
14431,4.7,0,Safe,Research & Development
14433,4.1,0,Safe,Research & Development
14437,4.7,0,Safe,Research & Development
14438,4.1,0,Safe,Research & Development
14439,4.7,0,Safe,Research & Development
14441,4.1,0,Safe,Research & Development
14445,4.7,0,Safe,Research & Development
14446,4.1,0,Safe,Research & Development
14479,5.9,0,Safe,Research & Development
14481,4.4,0,Safe,Research & Development
14485,5.9,0,Safe,Research & Development
14486,4.4,0,Safe,Research & Development
14487,5.9,0,Safe,Research & Development
14489,4.4,0,Safe,Research & Development
14493,5.9,0,Safe,Research & Development
14494,4.4,0,Safe,Research & Development
14590,7.6,0,Safe,Sales
14592,17.9,0,Safe,Sales
14595,7.6,0,Safe,Sales
14596,17.9,0,Safe,Sales
14598,7.6,0,Safe,Sales
14600,17.9,0,Safe,Sales
14603,7.6,0,Safe,Sales
14604,17.9,0,Safe,Sales
15524,13.3,0,Safe,Research & Development
15526,13.3,0,Safe,Research & Development
15528,13.2,0,Safe,Research & Development
15529,13.2,0,Safe,Research & Development
15532,13.3,0,Safe,Research & Development
15534,13.3,0,Safe,Research & Development
15536,13.2,0,Safe,Research & Development
15537,13.2,0,Safe,Research & Development
16110,7.5,0,Safe,Research & Development
16111,4.1,0,Safe,Research & Development
16113,4.5,0,Safe,Research & Development
16114,4.1,0,Safe,Research & Development
16118,7.5,0,Safe,Research & Development
16119,4.1,0,Safe,Research & Development
16121,4.5,0,Safe,Research & Development
16122,4.1,0,Safe,Research & Development
16617,0.9,0,Safe,Sales
16620,1.3,0,Safe,Sales
16623,1.2,0,Safe,Sales
16624,1.3,0,Safe,Sales
16625,0.9,0,Safe,Sales
16628,1.3,0,Safe,Sales
16631,1.2,0,Safe,Sales
16632,1.3,0,Safe,Sales
16809,5.0,0,Safe,Research & Development
16810,5.0,0,Safe,Research & Development
16814,5.0,0,Safe,Research & Development
16815,5.0,0,Safe,Research & Development
16817,5.0,0,Safe,Research & Development
16818,5.0,0,Safe,Research & Development
16822,5.0,0,Safe,Research & Development
16823,5.0,0,Safe,Research & Development
17652,3.0,0,Safe,Sales
17654,6.5,0,Safe,Sales
17656,6.5,0,Safe,Sales
17657,6.5,0,Safe,Sales
17660,3.0,0,Safe,Sales
17662,6.5,0,Safe,Sales
17664,6.5,0,Safe,Sales
17665,6.5,0,Safe,Sales
17821,6.4,0,Safe,Research & Development
17824,5.5,0,Safe,Research & Development
17827,6.4,0,Safe,Research & Development
17828,5.5,0,Safe,Research & Development
17829,6.4,0,Safe,Research & Development
17831,5.5,0,Safe,Research & Development
17834,6.4,0,Safe,Research & Development
17835,5.5,0,Safe,Research & Development
18473,1.3,0,Safe,Research & Development
18474,0.6,0,Safe,Research & Development
18478,1.3,0,Safe,Research & Development
18479,1.3,0,Safe,Research & Development
18481,1.3,0,Safe,Research & Development
18482,0.6,0,Safe,Research & Development
18486,1.3,0,Safe,Research & Development
18487,1.3,0,Safe,Research & Development
18643,1.6,0,Safe,Research & Development
18646,1.2,0,Safe,Research & Development
18649,0.9,0,Safe,Research & Development
18650,0.8,0,Safe,Research & Development
18651,1.6,0,Safe,Research & Development
18654,1.2,0,Safe,Research & Development
18657,0.9,0,Safe,Research & Development
18658,0.8,0,Safe,Research & Development
19491,2.2,0,Safe,Research & Development
19493,0.9,0,Safe,Research & Development
19496,2.2,0,Safe,Research & Development
19497,0.9,0,Safe,Research & Development
19499,2.2,0,Safe,Research & Development
19501,0.9,0,Safe,Research & Development
19504,2.2,0,Safe,Research & Development
19505,0.9,0,Safe,Research & Development
21035,22.7,0,Safe,Research & Development
21037,28.4,0,Safe,Research & Development
21040,11.7,0,Safe,Research & Development
21041,14.7,0,Safe,Research & Development
21043,22.7,0,Safe,Research & Development
21045,28.4,0,Safe,Research & Development
21048,11.7,0,Safe,Research & Development
21049,14.7,0,Safe,Research & Development
21274,1.5,0,Safe,Research & Development
21276,1.6,0,Safe,Research & Development
21280,1.5,0,Safe,Research & Development
21281,1.6,0,Safe,Research & Development
21282,1.5,0,Safe,Research & Development
21284,1.6,0,Safe,Research & Development
21288,1.5,0,Safe,Research & Development
21289,1.6,0,Safe,Research & Development
21592,0.3,0,Safe,Research & Development
21594,0.3,0,Safe,Research & Development
21598,0.3,0,Safe,Research & Development
21599,0.3,0,Safe,Research & Development
21600,0.3,0,Safe,Research & Development
21602,0.3,0,Safe,Research & Development
21606,0.3,0,Safe,Research & Development
21607,0.3,0,Safe,Research & Development
22644,3.8,0,Safe,Research & Development
22646,3.8,0,Safe,Research & Development
22649,5.0,0,Safe,Research & Development
22650,3.8,0,Safe,Research & Development
22652,3.8,0,Safe,Research & Development
22654,3.8,0,Safe,Research & Development
22659,5.0,0,Safe,Research & Development
22660,3.8,0,Safe,Research & Development
1183,6.2,0,Safe,Research & Development
1193,6.2,0,Safe,Research & Development
7158,8.8,0,Safe,Research & Development
7169,8.8,0,Safe,Research & Development
9669,2.6,0,Safe,Sales
9671,2.1,0,Safe,Sales
9674,2.8,0,Safe,Sales
9675,2.6,0,Safe,Sales
9677,2.6,0,Safe,Sales
9679,2.1,0,Safe,Sales
9682,2.8,0,Safe,Sales
9683,2.6,0,Safe,Sales
17778,12.9,0,Safe,Research & Development
17780,13.8,0,Safe,Research & Development
17784,12.9,0,Safe,Research & Development
17785,13.8,0,Safe,Research & Development
17786,12.9,0,Safe,Research & Development
17787,13.8,0,Safe,Research & Development
17791,12.9,0,Safe,Research & Development
17792,13.8,0,Safe,Research & Development
22325,13.8,0,Safe,Sales
22328,13.8,0,Safe,Sales
22331,13.8,0,Safe,Sales
22332,13.8,0,Safe,Sales
22333,13.8,0,Safe,Sales
22336,13.8,0,Safe,Sales
22339,13.8,0,Safe,Sales
22340,13.8,0,Safe,Sales
23047,7.2,0,Safe,Research & Development
23049,6.7,0,Safe,Research & Development
23053,7.2,0,Safe,Research & Development
23055,6.7,0,Safe,Research & Development
399,3.4,0,Safe,Sales
401,2.8,0,Safe,Sales
405,3.4,0,Safe,Sales
406,2.8,0,Safe,Sales
407,3.4,0,Safe,Sales
408,2.8,0,Safe,Sales
409,1.4,0,Safe,Sales
411,2.8,0,Safe,Sales
415,3.4,0,Safe,Sales
416,2.8,0,Safe,Sales
525,0.2,0,Safe,Research & Development
527,0.3,0,Safe,Research & Development
529,0.2,0,Safe,Research & Development
530,0.3,0,Safe,Research & Development
532,0.2,0,Safe,Research & Development
533,0.5,0,Safe,Research & Development
534,6.2,0,Safe,Research & Development
536,0.3,0,Safe,Research & Development
538,0.2,0,Safe,Research & Development
539,0.3,0,Safe,Research & Development
742,3.9,0,Safe,Sales
743,2.5,0,Safe,Sales
747,3.9,0,Safe,Sales
748,2.5,0,Safe,Sales
750,3.9,0,Safe,Sales
751,2.5,0,Safe,Sales
755,3.9,0,Safe,Sales
756,2.5,0,Safe,Sales
2523,1.0,0,Safe,Sales
2526,1.3,0,Safe,Sales
2529,0.7,0,Safe,Sales
2530,0.8,0,Safe,Sales
2531,1.0,0,Safe,Sales
2533,1.3,0,Safe,Sales
2536,0.7,0,Safe,Sales
2537,0.8,0,Safe,Sales
3021,3.7,0,Safe,Research & Development
3024,3.7,0,Safe,Research & Development
3027,3.7,0,Safe,Research & Development
3028,3.7,0,Safe,Research & Development
3029,3.7,0,Safe,Research & Development
3032,3.7,0,Safe,Research & Development
3035,3.7,0,Safe,Research & Development
3036,3.7,0,Safe,Research & Development
3401,21.0,0,Safe,Research & Development
3411,21.0,0,Safe,Research & Development
3958,5.9,0,Safe,Research & Development
3959,5.9,0,Safe,Research & Development
3963,5.9,0,Safe,Research & Development
3964,5.9,0,Safe,Research & Development
3966,5.9,0,Safe,Research & Development
3967,5.9,0,Safe,Research & Development
3971,5.9,0,Safe,Research & Development
3972,5.9,0,Safe,Research & Development
4070,3.8,0,Safe,Research & Development
4071,3.5,0,Safe,Research & Development
4075,3.8,0,Safe,Research & Development
4076,3.5,0,Safe,Research & Development
4078,3.8,0,Safe,Research & Development
4079,3.5,0,Safe,Research & Development
4083,3.8,0,Safe,Research & Development
4084,3.5,0,Safe,Research & Development
4410,2.4,0,Safe,Research & Development
4421,2.4,0,Safe,Research & Development
4570,2.8,0,Safe,Research & Development
4573,4.0,0,Safe,Research & Development
4576,4.4,0,Safe,Research & Development
4577,4.0,0,Safe,Research & Development
4578,2.8,0,Safe,Research & Development
4581,4.0,0,Safe,Research & Development
4584,4.4,0,Safe,Research & Development
4585,4.0,0,Safe,Research & Development
4624,1.9,0,Safe,Sales
4635,1.9,0,Safe,Sales
4735,3.6,0,Safe,Research & Development
4737,1.6,0,Safe,Research & Development
4740,3.6,0,Safe,Research & Development
4741,1.6,0,Safe,Research & Development
4742,3.6,0,Safe,Research & Development
4744,1.6,0,Safe,Research & Development
4747,3.6,0,Safe,Research & Development
4748,1.6,0,Safe,Research & Development
6136,2.7,0,Safe,Research & Development
6147,2.7,0,Safe,Research & Development
8039,1.4,0,Safe,Sales
8041,2.5,0,Safe,Sales
8045,1.4,0,Safe,Sales
8046,1.2,0,Safe,Sales
8047,1.4,0,Safe,Sales
8049,2.5,0,Safe,Sales
8053,1.4,0,Safe,Sales
8054,1.2,0,Safe,Sales
8566,1.6,0,Safe,Research & Development
8569,1.6,0,Safe,Research & Development
8572,1.6,0,Safe,Research & Development
8573,1.6,0,Safe,Research & Development
8574,1.6,0,Safe,Research & Development
8575,4.3,0,Safe,Research & Development
8576,4.7,0,Safe,Research & Development
8579,1.6,0,Safe,Research & Development
8582,1.6,0,Safe,Research & Development
8583,1.6,0,Safe,Research & Development
8934,1.6,0,Safe,Research & Development
8936,1.8,0,Safe,Research & Development
8940,2.1,0,Safe,Research & Development
8941,1.6,0,Safe,Research & Development
8943,1.8,0,Safe,Research & Development
8947,2.1,0,Safe,Research & Development
9125,7.7,0,Safe,Research & Development
9136,7.7,0,Safe,Research & Development
10017,5.2,0,Safe,Sales
10020,4.6,0,Safe,Sales
10023,5.2,0,Safe,Sales
10024,4.6,0,Safe,Sales
10025,5.2,0,Safe,Sales
10028,4.6,0,Safe,Sales
10030,5.2,0,Safe,Sales
10031,4.6,0,Safe,Sales
10367,3.3,0,Safe,Sales
10369,2.0,0,Safe,Sales
10373,3.3,0,Safe,Sales
10374,3.3,0,Safe,Sales
10375,3.3,0,Safe,Sales
10377,2.0,0,Safe,Sales
10381,3.3,0,Safe,Sales
10382,3.3,0,Safe,Sales
10400,0.7,0,Safe,Sales
10401,1.0,0,Safe,Sales
10405,1.0,0,Safe,Sales
10407,0.7,0,Safe,Sales
10408,1.0,0,Safe,Sales
10412,1.0,0,Safe,Sales
10413,0.9,0,Safe,Research & Development
10416,0.8,0,Safe,Research & Development
10419,0.9,0,Safe,Research & Development
10420,0.8,0,Safe,Research & Development
10421,0.9,0,Safe,Research & Development
10424,0.8,0,Safe,Research & Development
10427,0.9,0,Safe,Research & Development
10428,0.8,0,Safe,Research & Development
11258,4.0,0,Safe,Sales
11260,4.3,0,Safe,Sales
11264,4.0,0,Safe,Sales
11265,4.3,0,Safe,Sales
11266,4.0,0,Safe,Sales
11268,4.3,0,Safe,Sales
11272,4.0,0,Safe,Sales
11273,4.3,0,Safe,Sales
11338,8.7,0,Safe,Sales
11339,9.8,0,Safe,Sales
11343,9.8,0,Safe,Sales
11345,8.7,0,Safe,Sales
11346,9.8,0,Safe,Sales
11350,9.8,0,Safe,Sales
11415,9.0,0,Safe,Sales
11416,8.6,0,Safe,Sales
11420,6.4,0,Safe,Sales
11422,9.0,0,Safe,Sales
11423,8.6,0,Safe,Sales
11427,6.4,0,Safe,Sales
11536,2.7,0,Safe,Sales
11537,2.7,0,Safe,Sales
11541,2.7,0,Safe,Sales
11542,2.7,0,Safe,Sales
11543,2.7,0,Safe,Sales
11547,2.7,0,Safe,Sales
11944,6.5,0,Safe,Sales
11955,6.5,0,Safe,Sales
12189,0.4,0,Safe,Sales
12191,0.4,0,Safe,Sales
12195,0.8,0,Safe,Sales
12196,0.8,0,Safe,Sales
12197,0.4,0,Safe,Sales
12199,0.4,0,Safe,Sales
12203,0.8,0,Safe,Sales
12204,0.8,0,Safe,Sales
12418,4.4,0,Safe,Research & Development
12429,4.4,0,Safe,Research & Development
13628,11.4,0,Safe,Research & Development
13630,19.2,0,Safe,Research & Development
13633,19.2,0,Safe,Research & Development
13635,11.4,0,Safe,Research & Development
13637,19.2,0,Safe,Research & Development
13640,19.2,0,Safe,Research & Development
13752,0.6,0,Safe,Research & Development
13755,0.2,0,Safe,Research & Development
13758,0.6,0,Safe,Research & Development
13759,0.5,0,Safe,Research & Development
13760,0.6,0,Safe,Research & Development
13763,0.2,0,Safe,Research & Development
13766,0.6,0,Safe,Research & Development
13767,0.5,0,Safe,Research & Development
14261,1.4,0,Safe,Research & Development
14263,1.2,0,Safe,Research & Development
14264,1.2,0,Safe,Research & Development
14267,1.4,0,Safe,Research & Development
14269,1.2,0,Safe,Research & Development
14270,1.2,0,Safe,Research & Development
14643,9.0,0,Safe,Sales
14653,9.0,0,Safe,Sales
15286,1.1,0,Safe,Sales
15287,1.2,0,Safe,Sales
15291,1.2,0,Safe,Sales
15293,1.1,0,Safe,Sales
15294,1.2,0,Safe,Sales
15298,1.2,0,Safe,Sales
15305,5.3,0,Safe,Research & Development
15315,5.3,0,Safe,Research & Development
16233,5.1,0,Safe,Sales
16234,8.2,0,Safe,Sales
16238,8.2,0,Safe,Sales
16240,5.1,0,Safe,Sales
16241,8.2,0,Safe,Sales
16245,8.2,0,Safe,Sales
16475,1.3,0,Safe,Research & Development
16486,1.3,0,Safe,Research & Development
16696,1.7,0,Safe,Research & Development
16699,1.4,0,Safe,Research & Development
16702,1.7,0,Safe,Research & Development
16703,1.4,0,Safe,Research & Development
16704,1.7,0,Safe,Research & Development
16707,1.4,0,Safe,Research & Development
16710,1.7,0,Safe,Research & Development
16711,1.4,0,Safe,Research & Development
17051,0.5,0,Safe,Sales
17060,0.5,0,Safe,Sales
17065,3.4,0,Safe,Research & Development
17067,2.3,0,Safe,Research & Development
17070,2.3,0,Safe,Research & Development
17072,3.4,0,Safe,Research & Development
17074,2.3,0,Safe,Research & Development
17077,2.3,0,Safe,Research & Development
17856,2.1,0,Safe,Research & Development
17865,2.1,0,Safe,Research & Development
17870,2.3,0,Safe,Research & Development
17872,0.8,0,Safe,Research & Development
17875,1.7,0,Safe,Research & Development
17878,0.8,0,Safe,Research & Development
17881,1.7,0,Safe,Research & Development
18739,8.4,0,Safe,Research & Development
18741,2.8,0,Safe,Research & Development
18744,5.7,0,Safe,Research & Development
18746,8.4,0,Safe,Research & Development
18748,2.8,0,Safe,Research & Development
18751,5.7,0,Safe,Research & Development
19082,4.1,0,Safe,Sales
19093,4.1,0,Safe,Sales
19099,3.5,0,Safe,Research & Development
19100,2.9,0,Safe,Research & Development
19104,2.9,0,Safe,Research & Development
19106,3.5,0,Safe,Research & Development
19107,2.9,0,Safe,Research & Development
19111,2.9,0,Safe,Research & Development
19238,2.7,0,Safe,Research & Development
19241,4.8,0,Safe,Research & Development
19244,6.1,0,Safe,Research & Development
19245,2.7,0,Safe,Research & Development
19248,4.8,0,Safe,Research & Development
19251,6.1,0,Safe,Research & Development
20112,5.0,0,Safe,Research & Development
20114,4.4,0,Safe,Research & Development
20117,4.4,0,Safe,Research & Development
20119,5.0,0,Safe,Research & Development
20121,4.4,0,Safe,Research & Development
20124,4.4,0,Safe,Research & Development
20267,8.0,0,Safe,Research & Development
20269,7.2,0,Safe,Research & Development
20273,4.7,0,Safe,Research & Development
20274,4.4,0,Safe,Research & Development
20275,8.0,0,Safe,Research & Development
20277,7.2,0,Safe,Research & Development
20281,4.7,0,Safe,Research & Development
20282,4.4,0,Safe,Research & Development
21742,8.0,0,Safe,Sales
21753,8.0,0,Safe,Sales
22408,1.7,0,Safe,Research & Development
22417,1.7,0,Safe,Research & Development
1437,21.9,0,Safe,Research & Development
1439,24.6,0,Safe,Research & Development
1442,21.9,0,Safe,Research & Development
1443,24.6,0,Safe,Research & Development
1444,21.9,0,Safe,Research & Development
1294,24.6,0,Safe,Research & Development
1449,21.9,0,Safe,Research & Development
1450,24.6,0,Safe,Research & Development
2048,26.4,0,Safe,Research & Development
2051,20.9,0,Safe,Research & Development
2054,26.4,0,Safe,Research & Development
2055,20.6,0,Safe,Research & Development
2056,26.4,0,Safe,Research & Development
2059,20.9,0,Safe,Research & Development
2062,26.4,0,Safe,Research & Development
2063,20.6,0,Safe,Research & Development
9461,45.6,1,HIGH RISK,Research & Development
9463,42.7,0,Safe,Research & Development
9466,45.6,1,HIGH RISK,Research & Development
9467,45.6,1,HIGH RISK,Research & Development
9469,45.6,1,HIGH RISK,Research & Development
9471,42.7,0,Safe,Research & Development
9474,45.6,1,HIGH RISK,Research & Development
9475,45.6,1,HIGH RISK,Research & Development
21640,38.6,0,Safe,Research & Development
21643,38.6,0,Safe,Research & Development
21646,38.6,0,Safe,Research & Development
21647,38.6,0,Safe,Research & Development
21648,38.6,0,Safe,Research & Development
21651,38.6,0,Safe,Research & Development
21654,38.6,0,Safe,Research & Development
21655,38.6,0,Safe,Research & Development
23090,12.3,0,Safe,Research & Development
23092,10.7,0,Safe,Research & Development
23096,12.3,0,Safe,Research & Development
23097,10.7,0,Safe,Research & Development
23098,12.3,0,Safe,Research & Development
23100,10.7,0,Safe,Research & Development
23104,12.3,0,Safe,Research & Development
23105,10.7,0,Safe,Research & Development
23477,9.7,0,Safe,Research & Development
23479,10.3,0,Safe,Research & Development
23482,9.7,0,Safe,Research & Development
23483,10.3,0,Safe,Research & Development
23485,9.7,0,Safe,Research & Development
23487,10.3,0,Safe,Research & Development
23490,9.7,0,Safe,Research & Development
23491,10.3,0,Safe,Research & Development
1212,0.7,0,Safe,Research & Development
1214,1.1,0,Safe,Research & Development
1217,1.1,0,Safe,Research & Development
1218,1.4,0,Safe,Research & Development
1219,0.7,0,Safe,Research & Development
1221,1.1,0,Safe,Research & Development
1224,1.1,0,Safe,Research & Development
1225,1.4,0,Safe,Research & Development
1480,0.3,0,Safe,Research & Development
1482,0.3,0,Safe,Research & Development
1486,0.3,0,Safe,Research & Development
1487,0.3,0,Safe,Research & Development
1489,0.3,0,Safe,Research & Development
1493,0.3,0,Safe,Research & Development
1494,0.3,0,Safe,Research & Development
1738,6.0,0,Safe,Research & Development
1740,8.0,0,Safe,Research & Development
1743,8.0,0,Safe,Research & Development
1744,8.0,0,Safe,Research & Development
1745,6.0,0,Safe,Research & Development
1747,8.0,0,Safe,Research & Development
1750,8.0,0,Safe,Research & Development
1751,8.0,0,Safe,Research & Development
2880,1.5,0,Safe,Research & Development
2882,1.7,0,Safe,Research & Development
2886,1.5,0,Safe,Research & Development
2887,0.9,0,Safe,Research & Development
2888,1.5,0,Safe,Research & Development
2890,1.7,0,Safe,Research & Development
2894,1.5,0,Safe,Research & Development
2895,0.9,0,Safe,Research & Development
3109,5.9,0,Safe,Sales
3111,2.0,0,Safe,Sales
3114,5.9,0,Safe,Sales
3115,5.1,0,Safe,Sales
3117,5.9,0,Safe,Sales
3119,2.0,0,Safe,Sales
3122,5.9,0,Safe,Sales
3123,5.1,0,Safe,Sales
6485,1.3,0,Safe,Sales
6488,1.8,0,Safe,Sales
6489,3.1,0,Safe,Sales
6490,1.8,0,Safe,Sales
6493,1.3,0,Safe,Sales
6496,1.8,0,Safe,Sales
6497,3.1,0,Safe,Sales
6807,10.7,0,Safe,Human Resources
6809,9.9,0,Safe,Human Resources
6812,10.7,0,Safe,Human Resources
6813,9.9,0,Safe,Human Resources
6814,10.7,0,Safe,Human Resources
6816,9.9,0,Safe,Human Resources
6819,10.7,0,Safe,Human Resources
6820,9.9,0,Safe,Human Resources
6970,3.4,0,Safe,Research & Development
6972,4.1,0,Safe,Research & Development
6975,3.4,0,Safe,Research & Development
6976,4.1,0,Safe,Research & Development
6977,3.4,0,Safe,Research & Development
6979,4.1,0,Safe,Research & Development
6982,3.4,0,Safe,Research & Development
6983,4.1,0,Safe,Research & Development
7270,1.4,0,Safe,Research & Development
7271,0.9,0,Safe,Research & Development
7275,1.4,0,Safe,Research & Development
7276,3.7,0,Safe,Research & Development
7278,1.4,0,Safe,Research & Development
7279,0.9,0,Safe,Research & Development
7282,1.4,0,Safe,Research & Development
7283,3.7,0,Safe,Research & Development
8870,1.9,0,Safe,Research & Development
8872,0.8,0,Safe,Research & Development
8876,1.9,0,Safe,Research & Development
8877,1.3,0,Safe,Research & Development
8878,1.9,0,Safe,Research & Development
8880,0.8,0,Safe,Research & Development
8884,1.9,0,Safe,Research & Development
8885,1.3,0,Safe,Research & Development
9971,0.4,0,Safe,Research & Development
9973,0.3,0,Safe,Research & Development
9976,0.4,0,Safe,Research & Development
9977,0.3,0,Safe,Research & Development
9979,0.4,0,Safe,Research & Development
9981,0.3,0,Safe,Research & Development
9984,0.4,0,Safe,Research & Development
9985,0.3,0,Safe,Research & Development
12380,0.6,0,Safe,Research & Development
12382,0.7,0,Safe,Research & Development
12386,0.6,0,Safe,Research & Development
12387,1.0,0,Safe,Research & Development
12388,0.6,0,Safe,Research & Development
12390,0.7,0,Safe,Research & Development
12394,0.6,0,Safe,Research & Development
12395,1.0,0,Safe,Research & Development
12483,1.0,0,Safe,Sales
12485,0.9,0,Safe,Sales
12488,0.6,0,Safe,Sales
12489,2.0,0,Safe,Sales
12491,1.0,0,Safe,Sales
12493,0.9,0,Safe,Sales
12496,0.6,0,Safe,Sales
12497,2.0,0,Safe,Sales
13641,1.6,0,Safe,Research & Development
13643,2.4,0,Safe,Research & Development
13647,2.4,0,Safe,Research & Development
13648,2.4,0,Safe,Research & Development
13649,1.6,0,Safe,Research & Development
13651,2.4,0,Safe,Research & Development
13655,2.4,0,Safe,Research & Development
13656,2.4,0,Safe,Research & Development
15319,1.5,0,Safe,Human Resources
15321,0.7,0,Safe,Human Resources
15324,1.5,0,Safe,Human Resources
15325,1.3,0,Safe,Human Resources
15326,1.5,0,Safe,Human Resources
15328,0.7,0,Safe,Human Resources
15331,1.5,0,Safe,Human Resources
15332,1.3,0,Safe,Human Resources
15525,2.9,0,Safe,Research & Development
15527,2.9,0,Safe,Research & Development
15530,2.9,0,Safe,Research & Development
15531,2.9,0,Safe,Research & Development
15533,2.9,0,Safe,Research & Development
15535,2.9,0,Safe,Research & Development
15538,2.9,0,Safe,Research & Development
15539,2.9,0,Safe,Research & Development
15633,0.8,0,Safe,Research & Development
15636,0.8,0,Safe,Research & Development
15639,0.8,0,Safe,Research & Development
15640,0.9,0,Safe,Research & Development
15641,0.8,0,Safe,Research & Development
15644,0.8,0,Safe,Research & Development
15647,0.8,0,Safe,Research & Development
15648,0.9,0,Safe,Research & Development
16373,5.2,0,Safe,Research & Development
16375,6.7,0,Safe,Research & Development
16379,5.2,0,Safe,Research & Development
16380,9.1,0,Safe,Research & Development
16381,5.2,0,Safe,Research & Development
16383,6.7,0,Safe,Research & Development
16387,5.2,0,Safe,Research & Development
16388,9.1,0,Safe,Research & Development
16634,3.0,0,Safe,Research & Development
16636,3.0,0,Safe,Research & Development
16639,3.0,0,Safe,Research & Development
16640,3.0,0,Safe,Research & Development
16642,3.0,0,Safe,Research & Development
16644,3.0,0,Safe,Research & Development
16647,3.0,0,Safe,Research & Development
16648,3.0,0,Safe,Research & Development
21918,2.2,0,Safe,Sales
21921,2.6,0,Safe,Sales
21924,2.2,0,Safe,Sales
21925,2.6,0,Safe,Sales
21926,2.2,0,Safe,Sales
21929,15.9,0,Safe,Sales
21932,2.2,0,Safe,Sales
21933,2.6,0,Safe,Sales
22564,5.0,0,Safe,Research & Development
22566,4.3,0,Safe,Research & Development
22569,5.0,0,Safe,Research & Development
22570,4.3,0,Safe,Research & Development
22572,5.0,0,Safe,Research & Development
22574,4.3,0,Safe,Research & Development
22577,5.0,0,Safe,Research & Development
22578,4.3,0,Safe,Research & Development
23046,1.9,0,Safe,Research & Development
23048,1.8,0,Safe,Research & Development
23050,1.7,0,Safe,Research & Development
23051,1.6,0,Safe,Research & Development
23052,1.9,0,Safe,Research & Development
23054,1.8,0,Safe,Research & Development
23056,1.7,0,Safe,Research & Development
23057,1.6,0,Safe,Research & Development
6482,1.8,0,Safe,Sales
1526,25.1,0,Safe,Research & Development
1528,36.5,0,Safe,Research & Development
1531,35.0,0,Safe,Research & Development
1532,36.5,0,Safe,Research & Development
1533,25.1,0,Safe,Research & Development
1535,36.5,0,Safe,Research & Development
1538,35.0,0,Safe,Research & Development
1539,36.5,0,Safe,Research & Development
2272,52.8,1,HIGH RISK,Research & Development
2275,47.3,1,HIGH RISK,Research & Development
2278,52.8,1,HIGH RISK,Research & Development
2279,47.3,1,HIGH RISK,Research & Development
2280,52.8,1,HIGH RISK,Research & Development
2283,47.3,1,HIGH RISK,Research & Development
2286,52.8,1,HIGH RISK,Research & Development
2287,47.3,1,HIGH RISK,Research & Development
5561,7.4,0,Safe,Research & Development
5562,7.8,0,Safe,Research & Development
5566,7.4,0,Safe,Research & Development
5567,7.8,0,Safe,Research & Development
5569,7.4,0,Safe,Research & Development
5570,7.8,0,Safe,Research & Development
5574,7.4,0,Safe,Research & Development
5575,7.8,0,Safe,Research & Development
12498,33.6,0,Safe,Research & Development
12500,17.4,0,Safe,Research & Development
12504,33.6,0,Safe,Research & Development
12505,17.4,0,Safe,Research & Development
12506,33.6,0,Safe,Research & Development
12508,17.4,0,Safe,Research & Development
12512,33.6,0,Safe,Research & Development
12513,17.4,0,Safe,Research & Development
344,1.3,0,Safe,Research & Development
368,4.2,0,Safe,Research & Development
1227,2.6,0,Safe,Research & Development
1229,2.8,0,Safe,Research & Development
1232,2.6,0,Safe,Research & Development
1233,2.8,0,Safe,Research & Development
1234,2.6,0,Safe,Research & Development
1236,2.8,0,Safe,Research & Development
1239,2.6,0,Safe,Research & Development
1240,2.8,0,Safe,Research & Development
1452,11.9,0,Safe,Research & Development
1454,10.6,0,Safe,Research & Development
1457,11.9,0,Safe,Research & Development
1458,10.6,0,Safe,Research & Development
1459,11.9,0,Safe,Research & Development
1461,10.6,0,Safe,Research & Development
1463,11.9,0,Safe,Research & Development
1464,10.6,0,Safe,Research & Development
1510,0.7,0,Safe,Research & Development
1512,0.6,0,Safe,Research & Development
1516,0.8,0,Safe,Research & Development
1517,0.8,0,Safe,Research & Development
1519,0.6,0,Safe,Research & Development
1523,0.8,0,Safe,Research & Development
1524,0.8,0,Safe,Research & Development
1569,6.8,0,Safe,Sales
1572,10.2,0,Safe,Sales
1575,4.5,0,Safe,Sales
1576,6.0,0,Safe,Sales
1579,10.2,0,Safe,Sales
1582,4.5,0,Safe,Sales
1583,6.0,0,Safe,Sales
1859,2.3,0,Safe,
1861,2.4,0,Safe,Research & Development
1865,1.7,0,Safe,Research & Development
1866,2.4,0,Safe,Research & Development
1868,2.4,0,Safe,Research & Development
1872,1.7,0,Safe,Research & Development
1873,2.4,0,Safe,Research & Development
1953,3.4,0,Safe,Research & Development
1955,3.7,0,Safe,Research & Development
1958,3.4,0,Safe,Research & Development
1959,3.7,0,Safe,Research & Development
1961,3.4,0,Safe,Research & Development
1963,3.7,0,Safe,Research & Development
1966,3.4,0,Safe,Research & Development
1967,3.7,0,Safe,Research & Development
2064,0.9,0,Safe,Research & Development
2067,0.8,0,Safe,Research & Development
2068,0.9,0,Safe,Research & Development
2069,0.8,0,Safe,Research & Development
2072,0.9,0,Safe,Research & Development
2075,0.8,0,Safe,Research & Development
2076,0.9,0,Safe,Research & Development
2077,0.8,0,Safe,Research & Development
2225,22.0,0,Safe,Research & Development
2226,21.5,0,Safe,Research & Development
2230,22.0,0,Safe,Research & Development
2231,21.5,0,Safe,Research & Development
2233,22.0,0,Safe,Research & Development
2234,21.5,0,Safe,Research & Development
2238,22.0,0,Safe,Research & Development
2239,21.5,0,Safe,Research & Development
2583,10.9,0,Safe,Research & Development
2586,9.3,0,Safe,Research & Development
2587,10.9,0,Safe,Research & Development
2588,9.3,0,Safe,Research & Development
2591,10.9,0,Safe,Research & Development
2593,9.3,0,Safe,Research & Development
2594,10.9,0,Safe,Research & Development
2595,9.3,0,Safe,Research & Development
2945,18.7,0,Safe,Sales
2947,9.2,0,Safe,Sales
2950,18.7,0,Safe,Sales
2951,18.7,0,Safe,Sales
2953,18.7,0,Safe,Sales
2955,9.2,0,Safe,Sales
2958,18.7,0,Safe,Sales
2959,18.7,0,Safe,Sales
3108,2.7,0,Safe,Research & Development
3110,4.8,0,Safe,Research & Development
3112,5.9,0,Safe,Research & Development
3113,4.8,0,Safe,Research & Development
3116,2.7,0,Safe,Research & Development
3118,4.8,0,Safe,Research & Development
3120,5.9,0,Safe,Research & Development
3121,4.8,0,Safe,Research & Development
3493,1.9,0,Safe,Research & Development
3496,1.9,0,Safe,Research & Development
3499,4.1,0,Safe,Research & Development
3500,4.1,0,Safe,Research & Development
3501,1.9,0,Safe,Research & Development
3504,1.9,0,Safe,Research & Development
3507,4.1,0,Safe,Research & Development
3508,4.1,0,Safe,Research & Development
4213,16.5,0,Safe,Research & Development
4215,12.5,0,Safe,Research & Development
4219,16.5,0,Safe,Research & Development
4220,15.4,0,Safe,Research & Development
4221,16.5,0,Safe,Research & Development
4223,12.5,0,Safe,Research & Development
4226,16.5,0,Safe,Research & Development
4227,15.4,0,Safe,Research & Development
4868,1.0,0,Safe,Research & Development
4870,0.8,0,Safe,Research & Development
4874,1.0,0,Safe,Research & Development
4875,0.8,0,Safe,Research & Development
4877,0.8,0,Safe,Research & Development
4881,1.0,0,Safe,Research & Development
4882,0.8,0,Safe,Research & Development
6083,6.6,0,Safe,Sales
6086,11.0,0,Safe,Sales
6089,8.4,0,Safe,Sales
6090,11.0,0,Safe,Sales
6091,6.6,0,Safe,Sales
6094,11.0,0,Safe,Sales
6097,8.4,0,Safe,Sales
6098,11.0,0,Safe,Sales
6547,3.8,0,Safe,Sales
6549,3.2,0,Safe,Sales
6552,3.8,0,Safe,Sales
6553,3.2,0,Safe,Sales
6555,3.8,0,Safe,Sales
6557,3.2,0,Safe,Sales
6560,3.8,0,Safe,Sales
6561,3.2,0,Safe,Sales
6882,1.3,0,Safe,Human Resources
6883,1.4,0,Safe,Human Resources
6885,1.3,0,Safe,Human Resources
6886,1.4,0,Safe,Human Resources
6889,1.3,0,Safe,Human Resources
6890,1.4,0,Safe,Human Resources
6892,1.3,0,Safe,Human Resources
6893,1.4,0,Safe,Human Resources
9891,0.4,0,Safe,Sales
9894,0.4,0,Safe,Sales
9897,0.9,0,Safe,Sales
9898,0.8,0,Safe,Sales
9899,0.4,0,Safe,Sales
9902,0.4,0,Safe,Sales
9905,0.9,0,Safe,Sales
9906,0.8,0,Safe,Sales
10304,1.7,0,Safe,Sales
10306,7.0,0,Safe,Sales
10309,3.1,0,Safe,Sales
10310,7.0,0,Safe,Sales
10312,1.7,0,Safe,Sales
10314,7.0,0,Safe,Sales
10317,3.1,0,Safe,Sales
10318,7.0,0,Safe,Sales
11323,1.5,0,Safe,Sales
11325,2.6,0,Safe,Sales
11328,1.8,0,Safe,Sales
11329,2.6,0,Safe,Sales
11331,1.5,0,Safe,Sales
11333,2.6,0,Safe,Sales
11335,1.8,0,Safe,Sales
11336,2.6,0,Safe,Sales
11939,5.1,0,Safe,Sales
11940,3.9,0,Safe,Sales
11942,5.1,0,Safe,Sales
11943,3.9,0,Safe,Sales
11950,5.1,0,Safe,Sales
11951,3.9,0,Safe,Sales
11953,5.1,0,Safe,Sales
11954,3.9,0,Safe,Sales
13262,2.0,0,Safe,Research & Development
13263,2.4,0,Safe,Research & Development
13267,2.0,0,Safe,Research & Development
13268,2.4,0,Safe,Research & Development
13270,2.0,0,Safe,Research & Development
13271,2.4,0,Safe,Research & Development
13275,2.0,0,Safe,Research & Development
13276,2.4,0,Safe,Research & Development
13453,0.9,0,Safe,Research & Development
13455,1.4,0,Safe,Research & Development
13458,1.6,0,Safe,Research & Development
13459,1.4,0,Safe,Research & Development
13461,0.9,0,Safe,Research & Development
13463,1.4,0,Safe,Research & Development
13466,1.6,0,Safe,Research & Development
13467,1.4,0,Safe,Research & Development
13690,5.3,0,Safe,Research & Development
13691,5.6,0,Safe,Research & Development
13695,5.3,0,Safe,Research & Development
13696,5.6,0,Safe,Research & Development
13698,5.3,0,Safe,Research & Development
13699,5.6,0,Safe,Research & Development
13703,5.3,0,Safe,Research & Development
13704,5.6,0,Safe,Research & Development
14320,2.9,0,Safe,Research & Development
14321,2.1,0,Safe,Research & Development
14323,2.9,0,Safe,Research & Development
14324,2.4,0,Safe,Research & Development
14328,2.9,0,Safe,Research & Development
14329,2.1,0,Safe,Research & Development
14331,2.9,0,Safe,Research & Development
14332,2.4,0,Safe,Research & Development
14705,1.1,0,Safe,Sales
14708,1.4,0,Safe,Sales
14711,0.4,0,Safe,Sales
14712,0.6,0,Safe,Sales
14713,1.1,0,Safe,Sales
14716,1.4,0,Safe,Sales
14719,0.4,0,Safe,Sales
14720,0.6,0,Safe,Sales
14896,5.2,0,Safe,Research & Development
14898,4.4,0,Safe,Research & Development
14902,5.2,0,Safe,Research & Development
14903,5.6,0,Safe,Research & Development
14904,5.2,0,Safe,Research & Development
14906,4.4,0,Safe,Research & Development
14910,5.2,0,Safe,Research & Development
14911,5.6,0,Safe,Research & Development
15413,0.5,0,Safe,Human Resources
15415,0.8,0,Safe,Human Resources
15419,0.8,0,Safe,Human Resources
15420,0.8,0,Safe,Human Resources
15421,0.5,0,Safe,Human Resources
15423,0.8,0,Safe,Human Resources
15427,0.8,0,Safe,Human Resources
15428,0.8,0,Safe,Human Resources
15555,2.7,0,Safe,Research & Development
15558,1.3,0,Safe,Research & Development
15561,2.7,0,Safe,Research & Development
15562,2.3,0,Safe,Research & Development
15563,2.7,0,Safe,Research & Development
15566,1.3,0,Safe,Research & Development
15569,2.7,0,Safe,Research & Development
15570,2.3,0,Safe,Research & Development
15806,12.8,0,Safe,Sales
15808,12.1,0,Safe,Sales
15812,12.8,0,Safe,Sales
15813,12.1,0,Safe,Sales
15814,12.8,0,Safe,Sales
15816,12.1,0,Safe,Sales
15820,12.8,0,Safe,Sales
15821,12.1,0,Safe,Sales
17369,7.3,0,Safe,Research & Development
17371,17.7,0,Safe,Research & Development
17374,15.5,0,Safe,Research & Development
17375,17.7,0,Safe,Research & Development
17377,7.3,0,Safe,Research & Development
17379,17.7,0,Safe,Research & Development
17382,15.5,0,Safe,Research & Development
17383,17.7,0,Safe,Research & Development
20379,12.7,0,Safe,Research & Development
20382,11.4,0,Safe,Research & Development
20385,12.7,0,Safe,Research & Development
20386,11.4,0,Safe,Research & Development
20387,12.7,0,Safe,Research & Development
20390,11.4,0,Safe,Research & Development
20393,12.7,0,Safe,Research & Development
20394,11.4,0,Safe,Research & Development
22744,1.9,0,Safe,Research & Development
22746,0.7,0,Safe,Research & Development
22749,1.9,0,Safe,Research & Development
22750,1.5,0,Safe,Research & Development
22752,1.9,0,Safe,Research & Development
22754,0.7,0,Safe,Research & Development
22757,1.9,0,Safe,Research & Development
22758,1.5,0,Safe,Research & Development
23285,5.9,0,Safe,Research & Development
23286,5.4,0,Safe,Research & Development
23290,5.9,0,Safe,Research & Development
23291,5.4,0,Safe,Research & Development
23293,5.9,0,Safe,Research & Development
23294,5.4,0,Safe,Research & Development
23298,5.9,0,Safe,Research & Development
23299,5.4,0,Safe,Research & Development
1540,14.3,0,Safe,Sales
1543,17.3,0,Safe,Sales
1546,14.3,0,Safe,Sales
1547,17.3,0,Safe,Sales
1550,17.3,0,Safe,Sales
1552,14.3,0,Safe,Sales
1553,17.3,0,Safe,Sales
9301,12.0,0,Safe,Sales
9303,14.6,0,Safe,Sales
9306,12.0,0,Safe,Sales
9307,14.6,0,Safe,Sales
9309,12.0,0,Safe,Sales
9311,14.6,0,Safe,Sales
9314,12.0,0,Safe,Sales
9315,14.6,0,Safe,Sales
12057,22.3,0,Safe,Sales
12058,22.3,0,Safe,Sales
12062,22.3,0,Safe,Sales
12063,22.3,0,Safe,Sales
12065,22.3,0,Safe,Sales
12066,22.3,0,Safe,Sales
12070,22.3,0,Safe,Sales
12071,22.3,0,Safe,Sales
13119,5.9,0,Safe,Sales
13120,10.8,0,Safe,Sales
13124,5.9,0,Safe,Sales
13125,10.8,0,Safe,Sales
13127,5.9,0,Safe,Sales
13128,10.8,0,Safe,Sales
13132,5.9,0,Safe,Sales
13133,10.8,0,Safe,Sales
16507,5.1,0,Safe,Sales
16509,9.6,0,Safe,Sales
16513,9.4,0,Safe,Sales
16514,9.6,0,Safe,Sales
16515,5.1,0,Safe,Sales
16517,9.6,0,Safe,Sales
16521,9.4,0,Safe,Sales
16522,9.6,0,Safe,Sales
19253,13.5,0,Safe,Research & Development
19255,20.7,0,Safe,Research & Development
19256,13.5,0,Safe,Research & Development
19257,20.7,0,Safe,Research & Development
19261,13.5,0,Safe,Research & Development
19263,20.7,0,Safe,Research & Development
19264,13.5,0,Safe,Research & Development
19265,20.7,0,Safe,Research & Development
20747,8.8,0,Safe,Research & Development
20750,7.6,0,Safe,Research & Development
20753,4.9,0,Safe,Research & Development
20754,4.3,0,Safe,Research & Development
20755,8.8,0,Safe,Research & Development
20758,7.6,0,Safe,Research & Development
20761,4.9,0,Safe,Research & Development
20762,4.3,0,Safe,Research & Development
21306,13.2,0,Safe,Sales
21308,13.2,0,Safe,Sales
21312,11.7,0,Safe,Sales
21313,11.7,0,Safe,Sales
21314,13.2,0,Safe,Sales
21316,13.2,0,Safe,Sales
21320,11.7,0,Safe,Sales
21321,11.7,0,Safe,Sales
595,8.3,0,Safe,Sales
597,6.8,0,Safe,Sales
601,8.3,0,Safe,Sales
602,6.8,0,Safe,Sales
603,8.3,0,Safe,Sales
605,6.8,0,Safe,Sales
609,8.3,0,Safe,Sales
610,6.8,0,Safe,Sales
903,8.7,0,Safe,Sales
905,9.4,0,Safe,Sales
909,8.3,0,Safe,Sales
910,8.2,0,Safe,Sales
911,8.7,0,Safe,Sales
913,9.4,0,Safe,Sales
917,8.3,0,Safe,Sales
918,8.2,0,Safe,Sales
1391,8.2,0,Safe,Human Resources
1394,4.0,0,Safe,Human Resources
1397,5.2,0,Safe,Human Resources
1398,4.0,0,Safe,Human Resources
1401,4.0,0,Safe,Human Resources
1404,5.2,0,Safe,Human Resources
1405,4.0,0,Safe,Human Resources
1599,11.6,0,Safe,Research & Development
1601,8.5,0,Safe,Research & Development
1605,11.6,0,Safe,Research & Development
1606,8.5,0,Safe,Research & Development
1608,8.5,0,Safe,Research & Development
1612,11.6,0,Safe,Research & Development
1613,8.5,0,Safe,Research & Development
2928,1.1,0,Safe,Sales
2930,0.9,0,Safe,Sales
2934,1.1,0,Safe,Sales
2935,0.8,0,Safe,Sales
2936,1.1,0,Safe,Sales
2938,0.9,0,Safe,Sales
2942,1.1,0,Safe,Sales
2943,0.8,0,Safe,Sales
3284,17.6,0,Safe,Research & Development
3286,14.8,0,Safe,Research & Development
3289,17.6,0,Safe,Research & Development
3290,14.8,0,Safe,Research & Development
3292,17.6,0,Safe,Research & Development
3294,14.8,0,Safe,Research & Development
3297,17.6,0,Safe,Research & Development
3298,14.8,0,Safe,Research & Development
3431,8.0,0,Safe,Research & Development
3433,5.7,0,Safe,Research & Development
3437,8.0,0,Safe,Research & Development
3438,5.7,0,Safe,Research & Development
3439,8.0,0,Safe,Research & Development
3441,5.7,0,Safe,Research & Development
3445,8.0,0,Safe,Research & Development
3446,5.7,0,Safe,Research & Development
4292,2.1,0,Safe,Sales
4294,1.6,0,Safe,Sales
4298,2.1,0,Safe,Sales
4299,1.6,0,Safe,Sales
4300,2.1,0,Safe,Sales
4302,1.6,0,Safe,Sales
4306,2.1,0,Safe,Sales
4307,1.6,0,Safe,Sales
5545,6.5,0,Safe,Research & Development
5547,6.5,0,Safe,Research & Development
5550,6.5,0,Safe,Research & Development
5551,6.5,0,Safe,Research & Development
5553,6.5,0,Safe,Research & Development
5555,6.5,0,Safe,Research & Development
5558,6.5,0,Safe,Research & Development
5559,6.5,0,Safe,Research & Development
5908,5.6,0,Safe,Research & Development
5910,4.9,0,Safe,Research & Development
5914,5.6,0,Safe,Research & Development
5915,4.9,0,Safe,Research & Development
5916,5.6,0,Safe,Research & Development
5918,4.9,0,Safe,Research & Development
5921,5.6,0,Safe,Research & Development
5922,4.9,0,Safe,Research & Development
6184,16.9,0,Safe,Research & Development
6186,11.1,0,Safe,Research & Development
6189,10.5,0,Safe,Research & Development
6190,11.1,0,Safe,Research & Development
6192,16.9,0,Safe,Research & Development
6194,11.1,0,Safe,Research & Development
6197,10.5,0,Safe,Research & Development
6198,11.1,0,Safe,Research & Development
6656,8.3,0,Safe,Research & Development
6659,7.8,0,Safe,Research & Development
6662,8.3,0,Safe,Research & Development
6663,7.8,0,Safe,Research & Development
6666,7.8,0,Safe,Research & Development
6669,8.3,0,Safe,Research & Development
6670,7.8,0,Safe,Research & Development
6672,8.3,0,Safe,Human Resources
6673,8.3,0,Safe,Human Resources
6677,8.3,0,Safe,Human Resources
6678,8.3,0,Safe,Human Resources
6679,8.3,0,Safe,Human Resources
6680,8.3,0,Safe,Human Resources
6684,8.3,0,Safe,Human Resources
6685,8.3,0,Safe,Human Resources
6911,3.2,0,Safe,Research & Development
6914,2.4,0,Safe,Research & Development
6917,3.2,0,Safe,Research & Development
6918,2.4,0,Safe,Research & Development
6921,2.4,0,Safe,Research & Development
6924,3.2,0,Safe,Research & Development
6925,2.4,0,Safe,Research & Development
6969,3.6,0,Safe,Sales
6971,5.4,0,Safe,Sales
6325,5.0,0,Safe,Sales
6974,5.4,0,Safe,Sales
6978,5.4,0,Safe,Sales
6980,5.0,0,Safe,Sales
6981,5.4,0,Safe,Sales
7465,2.4,0,Safe,Research & Development
7467,4.1,0,Safe,Research & Development
7471,5.2,0,Safe,Research & Development
7472,4.1,0,Safe,Research & Development
7473,2.4,0,Safe,Research & Development
7474,4.1,0,Safe,Research & Development
7478,5.2,0,Safe,Research & Development
7479,4.1,0,Safe,Research & Development
7622,17.0,0,Safe,Sales
7623,17.7,0,Safe,Sales
7627,10.2,0,Safe,Sales
7628,9.5,0,Safe,Sales
7630,17.0,0,Safe,Sales
7631,17.7,0,Safe,Sales
7635,10.2,0,Safe,Sales
7636,9.5,0,Safe,Sales
8040,16.9,0,Safe,Sales
8042,13.8,0,Safe,Sales
8043,8.2,0,Safe,Sales
8044,6.7,0,Safe,Sales
8048,16.9,0,Safe,Sales
8050,13.8,0,Safe,Sales
8051,8.2,0,Safe,Sales
8052,6.7,0,Safe,Sales
8674,8.5,0,Safe,Research & Development
8676,7.4,0,Safe,Research & Development
8679,8.5,0,Safe,Research & Development
8680,7.4,0,Safe,Research & Development
8684,8.5,0,Safe,Research & Development
8686,7.4,0,Safe,Research & Development
8689,8.5,0,Safe,Research & Development
8690,7.4,0,Safe,Research & Development
8728,2.3,0,Safe,Sales
8729,1.9,0,Safe,Sales
8733,2.3,0,Safe,Sales
8734,1.9,0,Safe,Sales
8736,2.3,0,Safe,Sales
8737,1.9,0,Safe,Sales
8741,2.3,0,Safe,Sales
8742,1.9,0,Safe,Sales
8981,11.4,0,Safe,Sales
8983,7.1,0,Safe,Sales
8986,11.4,0,Safe,Sales
8987,10.2,0,Safe,Sales
8989,11.4,0,Safe,Sales
8991,7.1,0,Safe,Sales
8993,11.4,0,Safe,Sales
8994,10.2,0,Safe,Sales
9207,6.6,0,Safe,Research & Development
9208,6.2,0,Safe,Research & Development
9212,6.6,0,Safe,Research & Development
9213,6.2,0,Safe,Research & Development
9215,6.6,0,Safe,Research & Development
9216,6.2,0,Safe,Research & Development
9220,6.6,0,Safe,Research & Development
9221,6.2,0,Safe,Research & Development
10176,9.8,0,Safe,Sales
10177,10.0,0,Safe,Sales
10181,9.8,0,Safe,Sales
10182,10.0,0,Safe,Sales
10184,9.8,0,Safe,Sales
10185,10.0,0,Safe,Sales
10189,9.8,0,Safe,Sales
10190,10.0,0,Safe,Sales
10240,7.0,0,Safe,Sales
10242,6.0,0,Safe,Sales
10245,7.0,0,Safe,Sales
10246,9.3,0,Safe,Sales
10248,7.0,0,Safe,Sales
10250,6.0,0,Safe,Sales
10253,7.0,0,Safe,Sales
10254,9.3,0,Safe,Sales
10462,10.4,0,Safe,Sales
10463,10.9,0,Safe,Sales
10467,10.4,0,Safe,Sales
10468,10.9,0,Safe,Sales
10470,10.4,0,Safe,Sales
10471,10.9,0,Safe,Sales
10475,10.4,0,Safe,Sales
10476,10.9,0,Safe,Sales
10972,14.6,0,Safe,Sales
10973,29.1,0,Safe,Sales
10977,14.6,0,Safe,Sales
10978,29.1,0,Safe,Sales
10980,14.6,0,Safe,Sales
10981,29.1,0,Safe,Sales
10985,14.6,0,Safe,Sales
10986,29.1,0,Safe,Sales
11593,1.7,0,Safe,Research & Development
11594,1.9,0,Safe,Sales
11595,3.4,0,Safe,Sales
11596,2.8,0,Safe,Research & Development
11597,3.1,0,Safe,Research & Development
11598,3.7,0,Safe,Sales
11599,3.4,0,Safe,Sales
11600,2.8,0,Safe,Research & Development
11601,1.9,0,Safe,Sales
11602,3.4,0,Safe,Sales
11603,2.8,0,Safe,Research & Development
11604,3.1,0,Safe,Research & Development
11605,3.7,0,Safe,Sales
11606,3.4,0,Safe,Sales
11607,2.8,0,Safe,Research & Development
11697,7.0,0,Safe,Sales
11698,7.5,0,Safe,Sales
11702,7.0,0,Safe,Sales
11703,7.5,0,Safe,Sales
11704,7.0,0,Safe,Sales
11705,7.5,0,Safe,Sales
11709,7.0,0,Safe,Sales
11710,7.5,0,Safe,Sales
11804,0.7,0,Safe,Sales
11805,1.1,0,Safe,Sales
11809,1.2,0,Safe,Sales
11810,1.1,0,Safe,Sales
11812,0.7,0,Safe,Sales
11813,1.1,0,Safe,Sales
11817,1.2,0,Safe,Sales
11818,1.1,0,Safe,Sales
12348,1.4,0,Safe,Research & Development
12350,1.4,0,Safe,Research & Development
12354,2.9,0,Safe,Research & Development
12355,1.4,0,Safe,Research & Development
12356,1.4,0,Safe,Research & Development
12358,1.4,0,Safe,Research & Development
12362,2.9,0,Safe,Research & Development
12363,1.4,0,Safe,Research & Development
12482,3.5,0,Safe,Research & Development
12484,4.7,0,Safe,Research & Development
12486,3.5,0,Safe,Research & Development
12487,3.6,0,Safe,Research & Development
12490,3.5,0,Safe,Research & Development
12492,4.7,0,Safe,Research & Development
12494,3.5,0,Safe,Research & Development
12495,3.6,0,Safe,Research & Development
12991,1.7,0,Safe,Sales
12994,1.5,0,Safe,Sales
12997,1.7,0,Safe,Sales
12998,1.5,0,Safe,Sales
12999,1.7,0,Safe,Sales
13002,1.5,0,Safe,Sales
13005,1.7,0,Safe,Sales
13006,1.5,0,Safe,Sales
13056,3.8,0,Safe,Human Resources
13057,4.4,0,Safe,Human Resources
13061,3.8,0,Safe,Human Resources
13062,4.4,0,Safe,Human Resources
13064,3.8,0,Safe,Human Resources
13065,4.4,0,Safe,Human Resources
13069,3.8,0,Safe,Human Resources
13070,4.4,0,Safe,Human Resources
13151,4.9,0,Safe,Research & Development
13152,4.9,0,Safe,Research & Development
13156,4.9,0,Safe,Research & Development
13157,4.9,0,Safe,Research & Development
13159,4.9,0,Safe,Research & Development
13160,4.9,0,Safe,Research & Development
13164,4.9,0,Safe,Research & Development
13165,4.9,0,Safe,Research & Development
13800,4.8,0,Safe,Sales
13802,4.7,0,Safe,Sales
13806,3.8,0,Safe,Sales
13807,4.2,0,Safe,Sales
13808,4.8,0,Safe,Sales
13810,4.7,0,Safe,Sales
13814,3.8,0,Safe,Sales
13815,4.2,0,Safe,Sales
13849,16.6,0,Safe,Research & Development
13850,15.3,0,Safe,Research & Development
13854,16.6,0,Safe,Research & Development
13855,15.3,0,Safe,Research & Development
13857,16.6,0,Safe,Research & Development
13858,15.3,0,Safe,Research & Development
13862,16.6,0,Safe,Research & Development
13863,15.3,0,Safe,Research & Development
13927,1.2,0,Safe,Research & Development
13930,1.1,0,Safe,Research & Development
13933,1.2,0,Safe,Research & Development
13934,1.1,0,Safe,Research & Development
13935,1.2,0,Safe,Research & Development
13938,1.1,0,Safe,Research & Development
13941,1.2,0,Safe,Research & Development
13942,1.1,0,Safe,Research & Development
14055,3.1,0,Safe,Research & Development
13411,2.8,0,Safe,Research & Development
14061,3.1,0,Safe,Research & Development
14062,2.8,0,Safe,Research & Development
14063,3.1,0,Safe,Research & Development
14065,2.8,0,Safe,Research & Development
14069,3.1,0,Safe,Research & Development
14070,2.8,0,Safe,Research & Development
14673,0.7,0,Safe,Sales
14675,0.5,0,Safe,Sales
14679,0.7,0,Safe,Sales
14680,0.5,0,Safe,Sales
14681,0.7,0,Safe,Sales
14683,0.5,0,Safe,Sales
14687,0.7,0,Safe,Sales
14688,0.5,0,Safe,Sales
14706,0.5,0,Safe,Research & Development
14707,1.1,0,Safe,Research & Development
14709,0.5,0,Safe,Research & Development
14710,0.7,0,Safe,Research & Development
14714,0.5,0,Safe,Research & Development
14715,1.1,0,Safe,Research & Development
14717,0.5,0,Safe,Research & Development
14718,0.7,0,Safe,Research & Development
14897,12.8,0,Safe,Research & Development
14899,13.7,0,Safe,Research & Development
14900,12.8,0,Safe,Research & Development
14901,13.7,0,Safe,Research & Development
14905,12.8,0,Safe,Research & Development
14907,13.7,0,Safe,Research & Development
14908,12.8,0,Safe,Research & Development
14909,13.7,0,Safe,Research & Development
15072,8.7,0,Safe,Research & Development
15074,8.3,0,Safe,Research & Development
15077,8.7,0,Safe,Research & Development
15078,9.4,0,Safe,Research & Development
15080,8.7,0,Safe,Research & Development
15082,8.3,0,Safe,Research & Development
15085,8.7,0,Safe,Research & Development
15086,9.4,0,Safe,Research & Development
15103,10.3,0,Safe,Human Resources
15105,7.7,0,Safe,Human Resources
15109,10.3,0,Safe,Human Resources
15110,7.7,0,Safe,Human Resources
15111,10.3,0,Safe,Human Resources
15113,7.7,0,Safe,Human Resources
15117,10.3,0,Safe,Human Resources
15118,7.7,0,Safe,Human Resources
16342,10.8,0,Safe,Research & Development
16343,28.1,0,Safe,Research & Development
16347,21.6,0,Safe,Research & Development
16348,28.1,0,Safe,Research & Development
16350,10.8,0,Safe,Research & Development
16351,28.1,0,Safe,Research & Development
16355,21.6,0,Safe,Research & Development
16356,28.1,0,Safe,Research & Development
16618,1.8,0,Safe,Research & Development
16619,1.8,0,Safe,Research & Development
16621,1.8,0,Safe,Research & Development
16622,1.8,0,Safe,Research & Development
16626,1.8,0,Safe,Research & Development
16627,1.8,0,Safe,Research & Development
16629,1.8,0,Safe,Research & Development
16630,1.8,0,Safe,Research & Development
17288,3.2,0,Safe,Sales
17290,2.8,0,Safe,Sales
17292,3.2,0,Safe,Sales
17293,2.8,0,Safe,Sales
17296,3.2,0,Safe,Sales
17298,2.8,0,Safe,Sales
17300,3.2,0,Safe,Sales
17301,2.8,0,Safe,Sales
18141,7.4,0,Safe,Sales
18143,9.0,0,Safe,Sales
18147,9.0,0,Safe,Sales
18148,9.0,0,Safe,Sales
18150,9.0,0,Safe,Sales
18154,9.0,0,Safe,Sales
18155,9.0,0,Safe,Sales
19129,8.6,0,Safe,Research & Development
19130,8.0,0,Safe,Research & Development
19134,8.6,0,Safe,Research & Development
19135,8.0,0,Safe,Research & Development
19137,8.6,0,Safe,Research & Development
19138,8.0,0,Safe,Research & Development
19142,8.6,0,Safe,Research & Development
19143,8.0,0,Safe,Research & Development
19682,11.7,0,Safe,Research & Development
19685,12.6,0,Safe,Research & Development
19688,15.7,0,Safe,Research & Development
19689,12.6,0,Safe,Research & Development
19690,11.7,0,Safe,Research & Development
19693,12.6,0,Safe,Research & Development
19696,15.7,0,Safe,Research & Development
19697,12.6,0,Safe,Research & Development
19746,5.6,0,Safe,Sales
19748,5.6,0,Safe,Sales
19750,5.6,0,Safe,Sales
19751,5.6,0,Safe,Sales
19754,5.6,0,Safe,Sales
19756,5.6,0,Safe,Sales
19758,5.6,0,Safe,Sales
19759,5.6,0,Safe,Sales
20411,3.2,0,Safe,Research & Development
20413,2.6,0,Safe,Research & Development
20417,3.2,0,Safe,Research & Development
20418,2.6,0,Safe,Research & Development
20419,3.2,0,Safe,Research & Development
20421,2.6,0,Safe,Research & Development
20425,3.2,0,Safe,Research & Development
20426,2.6,0,Safe,Research & Development
20539,23.0,0,Safe,Sales
20542,23.0,0,Safe,Sales
20545,23.0,0,Safe,Sales
20546,23.0,0,Safe,Sales
20547,23.0,0,Safe,Sales
20550,23.0,0,Safe,Sales
20553,23.0,0,Safe,Sales
20554,23.0,0,Safe,Sales
21130,10.1,0,Safe,Research & Development
21132,8.8,0,Safe,Research & Development
21136,10.1,0,Safe,Research & Development
21137,8.8,0,Safe,Research & Development
21138,10.1,0,Safe,Research & Development
21140,8.8,0,Safe,Research & Development
21144,10.1,0,Safe,Research & Development
21145,8.8,0,Safe,Research & Development
21210,1.8,0,Safe,Sales
21213,1.7,0,Safe,Sales
21216,1.8,0,Safe,Sales
21217,1.7,0,Safe,Sales
21218,1.8,0,Safe,Sales
21221,1.7,0,Safe,Sales
21224,1.8,0,Safe,Sales
21225,1.7,0,Safe,Sales
21721,7.1,0,Safe,Sales
21722,6.6,0,Safe,Sales
21726,7.1,0,Safe,Sales
21727,6.6,0,Safe,Sales
21729,7.1,0,Safe,Sales
21730,6.6,0,Safe,Sales
21734,7.1,0,Safe,Sales
21735,6.6,0,Safe,Sales
22580,0.7,0,Safe,Research & Development
22582,0.7,0,Safe,Research & Development
22585,0.7,0,Safe,Research & Development
22586,0.7,0,Safe,Research & Development
22588,0.8,0,Safe,Research & Development
22590,0.7,0,Safe,Research & Development
22593,0.7,0,Safe,Research & Development
22594,0.7,0,Safe,Research & Development
23333,2.4,0,Safe,Sales
23334,2.2,0,Safe,Sales
23338,2.4,0,Safe,Sales
23339,2.2,0,Safe,Sales
23341,2.4,0,Safe,Sales
23342,2.2,0,Safe,Sales
23346,2.4,0,Safe,Sales
23347,2.2,0,Safe,Sales
1768,43.9,1,HIGH RISK,Research & Development
1770,39.1,0,Safe,Research & Development
1771,21.4,0,Safe,Research & Development
1772,74.2,1,HIGH RISK,Research & Development
1775,43.9,1,HIGH RISK,Research & Development
1777,39.1,0,Safe,Research & Development
1778,20.0,0,Safe,Research & Development
1779,74.2,1,HIGH RISK,Research & Development
2128,42.0,0,Safe,Sales
2131,60.0,1,HIGH RISK,Sales
2132,39.3,0,Safe,Sales
2133,41.6,0,Safe,Sales
2136,42.0,0,Safe,Sales
2139,60.0,1,HIGH RISK,Sales
2140,39.3,0,Safe,Sales
2141,41.6,0,Safe,Sales
2816,29.6,0,Safe,Sales
2818,29.1,0,Safe,Sales
2820,24.0,0,Safe,Sales
2821,4.5,0,Safe,Sales
2824,29.6,0,Safe,Sales
2826,29.1,0,Safe,Sales
2828,24.0,0,Safe,Sales
2829,4.5,0,Safe,Sales
2912,61.5,1,HIGH RISK,Research & Development
2914,61.5,1,HIGH RISK,Research & Development
2916,40.0,0,Safe,Research & Development
2917,68.0,1,HIGH RISK,Research & Development
2920,61.5,1,HIGH RISK,Research & Development
2922,61.5,1,HIGH RISK,Research & Development
2924,40.0,0,Safe,Research & Development
2925,75.6,1,HIGH RISK,Research & Development
6806,43.8,1,HIGH RISK,Human Resources
6808,43.8,1,HIGH RISK,Human Resources
6810,44.7,1,HIGH RISK,Human Resources
6811,55.0,1,HIGH RISK,Human Resources
6815,43.8,1,HIGH RISK,Human Resources
6817,44.7,1,HIGH RISK,Human Resources
6818,30.1,0,Safe,Human Resources
10352,18.1,0,Safe,Sales
10354,24.2,0,Safe,Sales
10355,33.2,0,Safe,Sales
10356,48.9,1,HIGH RISK,Sales
10360,18.1,0,Safe,Sales
10362,24.2,0,Safe,Sales
10363,33.2,0,Safe,Sales
10364,48.9,1,HIGH RISK,Sales
11051,61.5,1,HIGH RISK,Sales
11053,63.0,1,HIGH RISK,Sales
11055,70.6,1,HIGH RISK,Sales
11056,57.3,1,HIGH RISK,Sales
11059,61.5,1,HIGH RISK,Sales
11061,63.0,1,HIGH RISK,Sales
11063,74.9,1,HIGH RISK,Sales
11064,57.3,1,HIGH RISK,Sales
14288,51.6,1,HIGH RISK,Research & Development
14290,49.2,1,HIGH RISK,Research & Development
14292,30.6,0,Safe,Research & Development
14293,6.1,0,Safe,Research & Development
14296,51.6,1,HIGH RISK,Research & Development
14298,49.2,1,HIGH RISK,Research & Development
14300,30.6,0,Safe,Research & Development
14301,6.1,0,Safe,Research & Development
17206,25.0,0,Safe,Research & Development
17208,24.5,0,Safe,Research & Development
17209,23.5,0,Safe,Research & Development
17210,23.2,0,Safe,Research & Development
17214,25.0,0,Safe,Research & Development
17216,24.5,0,Safe,Research & Development
17217,26.1,0,Safe,Research & Development
20684,51.2,1,HIGH RISK,Sales
20686,48.3,1,HIGH RISK,Sales
20687,63.3,1,HIGH RISK,Sales
20688,67.7,1,HIGH RISK,Sales
20692,51.2,1,HIGH RISK,Sales
20694,48.3,1,HIGH RISK,Sales
20695,63.3,1,HIGH RISK,Sales
20696,67.7,1,HIGH RISK,Sales
21577,14.6,0,Safe,Sales
21578,9.4,0,Safe,Sales
21580,19.0,0,Safe,Sales
21581,13.8,0,Safe,Sales
21585,14.6,0,Safe,Sales
21586,9.4,0,Safe,Sales
21588,19.0,0,Safe,Sales
21589,13.8,0,Safe,Sales
22038,7.0,0,Safe,Human Resources
22039,6.5,0,Safe,Human Resources
22041,37.7,0,Safe,Human Resources
22042,22.1,0,Safe,Human Resources
22046,7.0,0,Safe,Human Resources
22047,6.5,0,Safe,Human Resources
22049,37.7,0,Safe,Human Resources
22050,22.1,0,Safe,Human Resources
23518,23.5,0,Safe,Research & Development
2477,10.7,0,Safe,Research & Development
2479,10.7,0,Safe,Research & Development
2481,7.6,0,Safe,Research & Development
2482,7.2,0,Safe,Research & Development
2485,10.7,0,Safe,Research & Development
2487,10.7,0,Safe,Research & Development
2489,7.6,0,Safe,Research & Development
2490,7.2,0,Safe,Research & Development
6036,2.9,0,Safe,Research & Development
6038,2.9,0,Safe,Research & Development
6039,4.6,0,Safe,Research & Development
6040,15.0,0,Safe,Research & Development
6044,2.9,0,Safe,Research & Development
6046,2.9,0,Safe,Research & Development
6047,4.6,0,Safe,Research & Development
6048,15.0,0,Safe,Research & Development
6468,11.2,0,Safe,Research & Development
6470,16.2,0,Safe,Research & Development
6471,37.6,0,Safe,Research & Development
6472,43.0,0,Safe,Research & Development
6476,11.2,0,Safe,Research & Development
6478,16.2,0,Safe,Research & Development
6479,37.6,0,Safe,Research & Development
6480,42.9,0,Safe,
13421,18.5,0,Safe,Research & Development
13422,16.2,0,Safe,Research & Development
13424,14.5,0,Safe,Research & Development
13425,10.9,0,Safe,Research & Development
13429,18.5,0,Safe,Research & Development
13430,16.2,0,Safe,Research & Development
13432,14.5,0,Safe,Research & Development
13433,4.6,0,Safe,Research & Development
13673,17.8,0,Safe,Research & Development
13675,15.2,0,Safe,Research & Development
13677,13.5,0,Safe,Research & Development
13678,1.9,0,Safe,Research & Development
13681,17.8,0,Safe,Research & Development
13683,15.2,0,Safe,Research & Development
13686,2.0,0,Safe,Research & Development
14558,69.2,1,HIGH RISK,Research & Development
14561,64.4,1,HIGH RISK,Research & Development
14562,61.4,1,HIGH RISK,Research & Development
14563,33.8,0,Safe,Research & Development
14566,69.2,1,HIGH RISK,Research & Development
14569,64.4,1,HIGH RISK,Research & Development
14570,35.1,0,Safe,Research & Development
14571,33.8,0,Safe,Research & Development
13685,4.9,0,Safe,Research & Development
1830,67.5,1,HIGH RISK,Research & Development
1832,65.0,1,HIGH RISK,Research & Development
1835,67.5,1,HIGH RISK,Research & Development
1836,65.0,1,HIGH RISK,Research & Development
1837,67.5,1,HIGH RISK,Research & Development
1839,65.0,1,HIGH RISK,Research & Development
1842,67.5,1,HIGH RISK,Research & Development
1843,65.0,1,HIGH RISK,Research & Development
3156,41.4,0,Safe,Research & Development
3158,37.0,0,Safe,Research & Development
3160,41.4,0,Safe,Research & Development
3161,37.0,0,Safe,Research & Development
3164,41.4,0,Safe,Research & Development
3166,37.0,0,Safe,Research & Development
3168,41.4,0,Safe,Research & Development
3169,37.0,0,Safe,Research & Development
4641,16.9,0,Safe,Research & Development
4643,15.8,0,Safe,Research & Development
4646,16.9,0,Safe,Research & Development
4647,15.8,0,Safe,Research & Development
4649,16.9,0,Safe,Research & Development
4651,15.8,0,Safe,Research & Development
4654,16.9,0,Safe,Research & Development
4655,15.8,0,Safe,Research & Development
7865,40.3,0,Safe,Research & Development
7866,38.6,0,Safe,Research & Development
7868,40.3,0,Safe,Research & Development
7869,38.6,0,Safe,Research & Development
7873,40.3,0,Safe,Research & Development
7874,38.6,0,Safe,Research & Development
7876,40.3,0,Safe,Research & Development
7877,38.6,0,Safe,Research & Development
8935,10.0,0,Safe,Sales
8937,6.2,0,Safe,Sales
8938,10.0,0,Safe,Sales
8939,8.6,0,Safe,Sales
8942,10.0,0,Safe,Sales
8944,6.2,0,Safe,Sales
8945,10.0,0,Safe,Sales
8946,8.6,0,Safe,Sales
10207,13.9,0,Safe,Research & Development
10210,9.2,0,Safe,Research & Development
10211,13.9,0,Safe,Research & Development
10024,14.6,0,Safe,Research & Development
10215,13.9,0,Safe,Research & Development
10218,9.2,0,Safe,Research & Development
10219,13.9,0,Safe,Research & Development
10222,14.6,0,Safe,Research & Development
11623,23.9,0,Safe,Research & Development
11626,27.6,0,Safe,Research & Development
11627,23.9,0,Safe,Research & Development
11630,23.9,0,Safe,Research & Development
11633,27.6,0,Safe,Research & Development
11634,23.9,0,Safe,Research & Development
11637,23.9,0,Safe,Research & Development
11923,50.0,1,HIGH RISK,Sales
11925,42.3,0,Safe,Sales
11926,50.0,1,HIGH RISK,Sales
11927,42.3,0,Safe,Sales
11931,50.0,1,HIGH RISK,Sales
11933,42.3,0,Safe,Sales
11934,50.0,1,HIGH RISK,Sales
11935,42.3,0,Safe,Sales
12687,16.4,0,Safe,Sales
12689,18.9,0,Safe,Sales
12691,9.9,0,Safe,Sales
12692,11.0,0,Safe,Sales
12695,16.4,0,Safe,Sales
12697,18.9,0,Safe,Sales
12699,9.9,0,Safe,Sales
12700,11.0,0,Safe,Sales
15712,35.4,0,Safe,Sales
15715,23.8,0,Safe,Sales
15716,35.4,0,Safe,Sales
15717,39.7,0,Safe,Sales
15720,35.4,0,Safe,Sales
15723,23.8,0,Safe,Sales
15724,35.4,0,Safe,Sales
15725,39.7,0,Safe,Sales
17763,70.5,1,HIGH RISK,Research & Development
17765,76.5,1,HIGH RISK,Research & Development
17767,76.5,1,HIGH RISK,Research & Development
17768,76.5,1,HIGH RISK,Research & Development
17771,70.5,1,HIGH RISK,Research & Development
17772,76.5,1,HIGH RISK,Research & Development
17774,76.5,1,HIGH RISK,Research & Development
17775,76.5,1,HIGH RISK,Research & Development
18489,36.3,0,Safe,Sales
18491,34.5,0,Safe,Sales
18493,36.3,0,Safe,Sales
18495,34.5,0,Safe,Sales
18497,36.3,0,Safe,Sales
18499,34.5,0,Safe,Sales
18501,36.3,0,Safe,Sales
18503,34.5,0,Safe,Sales
18659,50.4,1,HIGH RISK,Sales
18662,52.3,1,HIGH RISK,Sales
18665,50.4,1,HIGH RISK,Sales
18666,52.3,1,HIGH RISK,Sales
18667,50.4,1,HIGH RISK,Sales
18670,52.3,1,HIGH RISK,Sales
18673,50.4,1,HIGH RISK,Sales
18674,52.3,1,HIGH RISK,Sales
18965,23.7,0,Safe,Sales
18968,24.0,0,Safe,Sales
18969,16.5,0,Safe,Sales
18970,16.7,0,Safe,Sales
18973,23.7,0,Safe,Sales
18976,24.0,0,Safe,Sales
18977,16.5,0,Safe,Sales
18978,16.7,0,Safe,Sales
20475,38.1,0,Safe,Sales
20478,44.7,1,HIGH RISK,Sales
20479,38.1,0,Safe,Sales
20480,44.7,1,HIGH RISK,Sales
20483,38.1,0,Safe,Sales
20486,44.7,1,HIGH RISK,Sales
20487,38.1,0,Safe,Sales
20488,44.7,1,HIGH RISK,Sales
20732,23.9,0,Safe,Research & Development
20733,23.9,0,Safe,Research & Development
20737,23.9,0,Safe,Research & Development
20738,23.9,0,Safe,Research & Development
20740,23.9,0,Safe,Research & Development
20741,23.9,0,Safe,Research & Development
20745,23.9,0,Safe,Research & Development
20746,23.9,0,Safe,Research & Development
21163,22.5,0,Safe,Sales
21164,17.0,0,Safe,Sales
21168,25.3,0,Safe,Sales
21169,17.9,0,Safe,Sales
21171,22.5,0,Safe,Sales
21172,17.0,0,Safe,Sales
21176,25.3,0,Safe,Sales
21177,17.9,0,Safe,Sales
22486,8.0,0,Safe,Sales
22487,5.0,0,Safe,Sales
22489,8.0,0,Safe,Sales
22490,6.9,0,Safe,Sales
22493,4.0,0,Safe,Sales
22494,5.0,0,Safe,Sales
22496,8.0,0,Safe,Sales
22497,6.9,0,Safe,Sales
206,15.5,0,Safe,Research & Development
216,10.2,0,Safe,Research & Development
219,10.2,0,Safe,Research & Development
222,10.2,0,Safe,Research & Development
223,10.2,0,Safe,Research & Development
224,10.2,0,Safe,Research & Development
225,25.7,0,Safe,Research & Development
177,16.3,0,Safe,Research & Development
234,10.2,0,Safe,Research & Development
237,10.2,0,Safe,Research & Development
238,10.2,0,Safe,Research & Development
298,7.8,0,Safe,Sales
303,10.2,0,Safe,Sales
725,17.4,0,Safe,Sales
727,16.4,0,Safe,Sales
731,17.4,0,Safe,Sales
732,16.4,0,Safe,Sales
733,17.4,0,Safe,Sales
735,16.4,0,Safe,Sales
739,17.4,0,Safe,Sales
740,16.4,0,Safe,Sales
775,4.2,0,Safe,Research & Development
777,4.2,0,Safe,Research & Development
779,4.2,0,Safe,Research & Development
780,4.2,0,Safe,Research & Development
783,4.2,0,Safe,Research & Development
785,4.2,0,Safe,Research & Development
787,4.2,0,Safe,Research & Development
788,4.2,0,Safe,Research & Development
919,9.1,0,Safe,Research & Development
921,9.1,0,Safe,Research & Development
923,9.1,0,Safe,Research & Development
924,9.1,0,Safe,Research & Development
927,9.1,0,Safe,Research & Development
929,9.1,0,Safe,Research & Development
931,9.1,0,Safe,Research & Development
932,9.1,0,Safe,Research & Development
936,11.9,0,Safe,Research & Development
938,3.5,0,Safe,Research & Development
939,11.9,0,Safe,Research & Development
940,3.5,0,Safe,Research & Development
944,11.9,0,Safe,Research & Development
946,3.5,0,Safe,Research & Development
947,11.9,0,Safe,Research & Development
948,3.5,0,Safe,Research & Development
983,6.5,0,Safe,Research & Development
984,19.0,0,Safe,Sales
985,10.2,0,Safe,Research & Development
986,18.0,0,Safe,Sales
987,11.3,0,Safe,Research & Development
988,19.0,0,Safe,Sales
989,10.2,0,Safe,Research & Development
990,18.0,0,Safe,Sales
991,6.5,0,Safe,Research & Development
992,19.0,0,Safe,Sales
993,10.2,0,Safe,Research & Development
994,18.0,0,Safe,Sales
995,11.3,0,Safe,Research & Development
996,19.0,0,Safe,Sales
997,10.2,0,Safe,Research & Development
998,18.0,0,Safe,Sales
1031,7.1,0,Safe,Sales
1033,15.5,0,Safe,Sales
1035,7.1,0,Safe,Sales
1036,8.2,0,Safe,Sales
1039,7.1,0,Safe,Sales
1041,15.5,0,Safe,Sales
1043,7.1,0,Safe,Sales
1044,8.2,0,Safe,Sales
1049,4.2,0,Safe,Research & Development
1051,4.2,0,Safe,Research & Development
1053,4.2,0,Safe,Research & Development
1054,4.2,0,Safe,Research & Development
1057,4.2,0,Safe,Research & Development
1059,4.2,0,Safe,Research & Development
1061,4.2,0,Safe,Research & Development
1062,4.2,0,Safe,Research & Development
1226,10.6,0,Safe,Research & Development
1228,11.2,0,Safe,Research & Development
1230,10.6,0,Safe,Research & Development
1231,11.2,0,Safe,Research & Development
1235,11.2,0,Safe,Research & Development
1237,10.6,0,Safe,Research & Development
1238,11.2,0,Safe,Research & Development
1346,14.5,0,Safe,Sales
1348,13.2,0,Safe,Sales
1352,14.5,0,Safe,Sales
1353,13.2,0,Safe,Sales
1355,13.2,0,Safe,Sales
1359,14.5,0,Safe,Sales
1360,13.2,0,Safe,Sales
1421,4.8,0,Safe,Research & Development
1423,8.9,0,Safe,Research & Development
1427,7.6,0,Safe,Research & Development
1428,8.9,0,Safe,Research & Development
1430,8.9,0,Safe,Research & Development
1434,7.6,0,Safe,Research & Development
1435,8.9,0,Safe,Research & Development
2336,23.1,0,Safe,Research & Development
2338,21.8,0,Safe,Research & Development
2341,21.4,0,Safe,Research & Development
2342,21.6,0,Safe,Research & Development
2344,23.1,0,Safe,Research & Development
2346,21.8,0,Safe,Research & Development
2349,21.4,0,Safe,Research & Development
2350,21.6,0,Safe,Research & Development
2508,9.4,0,Safe,Sales
2510,6.0,0,Safe,Sales
2512,9.4,0,Safe,Sales
2513,8.3,0,Safe,Sales
2516,9.4,0,Safe,Sales
2517,6.0,0,Safe,Sales
2519,9.4,0,Safe,Sales
2520,8.3,0,Safe,Sales
2913,30.4,0,Safe,Research & Development
2915,18.8,0,Safe,Research & Development
2918,18.8,0,Safe,Research & Development
2919,18.8,0,Safe,Research & Development
2921,30.4,0,Safe,Research & Development
2923,18.8,0,Safe,Research & Development
2926,18.8,0,Safe,Research & Development
2927,18.8,0,Safe,Research & Development
3219,1.6,0,Safe,Research & Development
3221,1.5,0,Safe,Research & Development
3223,1.6,0,Safe,Research & Development
3224,1.5,0,Safe,Research & Development
3227,1.6,0,Safe,Research & Development
3229,1.5,0,Safe,Research & Development
3231,1.6,0,Safe,Research & Development
3232,1.5,0,Safe,Research & Development
3300,9.8,0,Safe,Research & Development
3302,9.8,0,Safe,Research & Development
3303,9.8,0,Safe,Research & Development
3304,9.8,0,Safe,Research & Development
3308,9.8,0,Safe,Research & Development
3310,9.8,0,Safe,Research & Development
3311,9.8,0,Safe,Research & Development
3312,9.8,0,Safe,Research & Development
3364,6.6,0,Safe,Research & Development
3365,13.6,0,Safe,Research & Development
3369,6.6,0,Safe,Research & Development
3370,8.2,0,Safe,Research & Development
3372,6.6,0,Safe,Research & Development
3373,13.6,0,Safe,Research & Development
3377,6.6,0,Safe,Research & Development
3378,8.2,0,Safe,Research & Development
3733,13.6,0,Safe,Sales
3735,13.2,0,Safe,Sales
3737,13.6,0,Safe,Sales
3738,13.2,0,Safe,Sales
3741,13.6,0,Safe,Sales
3743,13.2,0,Safe,Sales
3745,13.6,0,Safe,Sales
3746,13.2,0,Safe,Sales
3766,6.3,0,Safe,Research & Development
3768,10.7,0,Safe,Research & Development
3769,13.1,0,Safe,Research & Development
3770,10.7,0,Safe,Research & Development
3774,6.3,0,Safe,Research & Development
3776,10.7,0,Safe,Research & Development
3777,13.1,0,Safe,Research & Development
3778,10.7,0,Safe,Research & Development
3814,4.7,0,Safe,Research & Development
3816,4.4,0,Safe,Research & Development
3817,4.7,0,Safe,Research & Development
3818,4.4,0,Safe,Research & Development
3822,4.7,0,Safe,Research & Development
3824,4.4,0,Safe,Research & Development
3825,4.7,0,Safe,Research & Development
3826,4.4,0,Safe,Research & Development
4086,2.5,0,Safe,Research & Development
4087,2.4,0,Safe,Research & Development
4089,2.5,0,Safe,Research & Development
4090,2.4,0,Safe,Research & Development
4094,2.5,0,Safe,Research & Development
4095,2.4,0,Safe,Research & Development
4097,2.5,0,Safe,Research & Development
4098,2.4,0,Safe,Research & Development
4229,20.0,0,Safe,Sales
4230,20.0,0,Safe,Sales
4234,20.0,0,Safe,Sales
4235,20.0,0,Safe,Sales
4237,20.0,0,Safe,Sales
4238,20.0,0,Safe,Sales
4242,20.0,0,Safe,Sales
4243,20.0,0,Safe,Sales
4389,5.2,0,Safe,Research & Development
4390,3.8,0,Safe,Research & Development
4392,5.2,0,Safe,Research & Development
4393,4.1,0,Safe,Research & Development
4397,5.2,0,Safe,Research & Development
4398,4.1,0,Safe,Research & Development
4400,5.2,0,Safe,Research & Development
4401,4.1,0,Safe,Research & Development
4506,1.2,0,Safe,Research & Development
4509,1.1,0,Safe,Research & Development
4510,1.2,0,Safe,Research & Development
4511,1.1,0,Safe,Research & Development
4514,1.2,0,Safe,Research & Development
4517,1.1,0,Safe,Research & Development
4518,1.2,0,Safe,Research & Development
4519,1.1,0,Safe,Research & Development
4619,21.9,0,Safe,Research & Development
4620,20.3,0,Safe,Research & Development
4622,21.9,0,Safe,Research & Development
4623,20.3,0,Safe,Research & Development
4630,21.9,0,Safe,Research & Development
4631,20.3,0,Safe,Research & Development
4633,21.9,0,Safe,Research & Development
4634,20.3,0,Safe,Research & Development
4838,3.8,0,Safe,Sales
4841,5.1,0,Safe,Sales
4842,3.8,0,Safe,Sales
4843,5.1,0,Safe,Sales
4848,5.1,0,Safe,Sales
4849,3.8,0,Safe,Sales
4850,5.1,0,Safe,Sales
4962,6.1,0,Safe,Research & Development
4963,5.4,0,Safe,Research & Development
4965,6.1,0,Safe,Research & Development
4966,5.4,0,Safe,Research & Development
4970,6.1,0,Safe,Research & Development
4971,5.4,0,Safe,Research & Development
4973,6.1,0,Safe,Research & Development
4974,5.4,0,Safe,Research & Development
5074,14.3,0,Safe,Sales
5076,16.6,0,Safe,Sales
5079,14.3,0,Safe,Sales
5080,16.6,0,Safe,Sales
5082,14.3,0,Safe,Sales
5084,16.6,0,Safe,Sales
5087,14.3,0,Safe,Sales
5088,16.6,0,Safe,Sales
5576,1.5,0,Safe,Research & Development
5578,1.4,0,Safe,Research & Development
5580,1.3,0,Safe,Research & Development
5581,1.4,0,Safe,Research & Development
5584,1.5,0,Safe,Research & Development
5586,1.4,0,Safe,Research & Development
5588,1.3,0,Safe,Research & Development
5589,1.4,0,Safe,Research & Development
6004,23.0,0,Safe,Research & Development
6005,15.3,0,Safe,Research & Development
6009,23.0,0,Safe,Research & Development
6010,15.3,0,Safe,Research & Development
6012,23.0,0,Safe,Research & Development
6013,15.3,0,Safe,Research & Development
6017,23.0,0,Safe,Research & Development
6018,15.3,0,Safe,Research & Development
6019,12.5,0,Safe,Research & Development
6022,5.6,0,Safe,Research & Development
6025,12.5,0,Safe,Research & Development
6026,5.6,0,Safe,Research & Development
6027,12.5,0,Safe,Research & Development
6030,5.6,0,Safe,Research & Development
6033,12.5,0,Safe,Research & Development
6034,5.6,0,Safe,Research & Development
6200,17.7,0,Safe,Sales
6202,30.1,0,Safe,Sales
6205,31.6,0,Safe,Sales
6206,30.1,0,Safe,Sales
6208,17.7,0,Safe,Sales
6210,30.1,0,Safe,Sales
6213,31.6,0,Safe,Sales
6214,30.1,0,Safe,Sales
6594,7.6,0,Safe,Research & Development
6596,3.8,0,Safe,Research & Development
6597,7.6,0,Safe,Research & Development
6598,6.5,0,Safe,Research & Development
6602,7.6,0,Safe,Research & Development
6604,3.8,0,Safe,Research & Development
6605,7.6,0,Safe,Research & Development
6606,6.5,0,Safe,Research & Development
6867,5.9,0,Safe,Research & Development
6869,6.3,0,Safe,Research & Development
6872,5.9,0,Safe,Research & Development
6873,6.3,0,Safe,Research & Development
6874,5.9,0,Safe,Research & Development
6876,6.3,0,Safe,Research & Development
6879,5.9,0,Safe,Research & Development
6880,6.3,0,Safe,Research & Development
6926,4.0,0,Safe,Research & Development
6929,4.3,0,Safe,Research & Development
6930,4.0,0,Safe,Research & Development
6931,4.3,0,Safe,Research & Development
6936,4.3,0,Safe,Research & Development
6937,4.0,0,Safe,Research & Development
6938,4.3,0,Safe,Research & Development
7044,20.4,0,Safe,Research & Development
7046,18.8,0,Safe,Research & Development
7048,20.4,0,Safe,Research & Development
7049,18.8,0,Safe,Research & Development
7053,18.8,0,Safe,Research & Development
7055,20.4,0,Safe,Research & Development
7056,18.8,0,Safe,Research & Development
7137,8.3,0,Safe,Research & Development
7139,8.5,0,Safe,Research & Development
7140,8.3,0,Safe,Research & Development
7141,8.5,0,Safe,Research & Development
7145,8.3,0,Safe,Research & Development
7147,8.5,0,Safe,Research & Development
7148,8.3,0,Safe,Research & Development
7149,8.5,0,Safe,Research & Development
7190,27.1,0,Safe,Sales
7192,20.1,0,Safe,Sales
7196,27.1,0,Safe,Sales
7197,20.1,0,Safe,Sales
7198,27.1,0,Safe,Sales
7200,20.1,0,Safe,Sales
7204,27.1,0,Safe,Sales
7205,20.1,0,Safe,Sales
7405,4.8,0,Safe,Sales
7407,8.4,0,Safe,Sales
7409,8.4,0,Safe,Sales
7410,8.4,0,Safe,Sales
7413,4.8,0,Safe,Sales
7414,8.4,0,Safe,Sales
7416,8.4,0,Safe,Sales
7417,8.4,0,Safe,Sales
7436,16.2,0,Safe,Sales
7437,16.2,0,Safe,Sales
7441,16.2,0,Safe,Sales
7442,16.2,0,Safe,Sales
7444,16.2,0,Safe,Sales
7448,16.2,0,Safe,Sales
7449,16.2,0,Safe,Sales
7638,35.7,0,Safe,Research & Development
7639,35.7,0,Safe,Research & Development
7643,28.5,0,Safe,Research & Development
7644,28.5,0,Safe,Research & Development
7646,35.7,0,Safe,Research & Development
7647,35.7,0,Safe,Research & Development
7651,28.5,0,Safe,Research & Development
7652,28.5,0,Safe,Research & Development
7744,31.6,0,Safe,Research & Development
7747,27.8,0,Safe,Research & Development
7748,31.6,0,Safe,Research & Development
7749,27.8,0,Safe,Research & Development
7754,27.8,0,Safe,Research & Development
7755,31.6,0,Safe,Research & Development
7756,27.8,0,Safe,Research & Development
7760,3.0,0,Safe,Sales
7762,3.6,0,Safe,Sales
7765,1.4,0,Safe,Sales
7766,1.7,0,Safe,Sales
7767,3.0,0,Safe,Sales
7769,3.6,0,Safe,Sales
7772,1.4,0,Safe,Sales
7773,1.7,0,Safe,Sales
7992,10.8,0,Safe,Research & Development
7994,21.0,0,Safe,Research & Development
7997,16.4,0,Safe,Research & Development
7998,21.0,0,Safe,Research & Development
8000,10.8,0,Safe,Research & Development
8002,21.0,0,Safe,Research & Development
8005,16.4,0,Safe,Research & Development
8006,21.0,0,Safe,Research & Development
8024,4.5,0,Safe,Research & Development
8026,5.4,0,Safe,Research & Development
8029,4.5,0,Safe,Research & Development
8030,3.8,0,Safe,Research & Development
8032,4.5,0,Safe,Research & Development
8034,5.4,0,Safe,Research & Development
8037,4.5,0,Safe,Research & Development
8038,3.8,0,Safe,Research & Development
8104,41.1,0,Safe,Research & Development
8106,41.1,0,Safe,Research & Development
8107,41.1,0,Safe,Research & Development
8108,41.1,0,Safe,Research & Development
8112,41.1,0,Safe,Research & Development
8114,41.1,0,Safe,Research & Development
8115,41.1,0,Safe,Research & Development
8116,41.1,0,Safe,Research & Development
8134,9.9,0,Safe,Research & Development
8136,4.4,0,Safe,Research & Development
8138,9.9,0,Safe,Research & Development
8139,8.8,0,Safe,Research & Development
8142,9.9,0,Safe,Research & Development
8144,4.4,0,Safe,Research & Development
8146,9.9,0,Safe,Research & Development
8147,8.8,0,Safe,Research & Development
8151,5.3,0,Safe,Research & Development
8153,6.0,0,Safe,Research & Development
8156,2.5,0,Safe,Research & Development
8157,2.9,0,Safe,Research & Development
8159,5.3,0,Safe,Research & Development
8161,6.0,0,Safe,Research & Development
8164,2.5,0,Safe,Research & Development
8165,2.9,0,Safe,Research & Development
8246,12.8,0,Safe,Research & Development
8248,12.8,0,Safe,Research & Development
8250,12.8,0,Safe,Research & Development
8251,12.8,0,Safe,Research & Development
8254,12.8,0,Safe,Research & Development
8256,12.8,0,Safe,Research & Development
8258,12.8,0,Safe,Research & Development
8259,12.8,0,Safe,Research & Development
8692,19.5,0,Safe,Research & Development
8694,14.1,0,Safe,Research & Development
8695,19.5,0,Safe,Research & Development
8696,14.1,0,Safe,Research & Development
8702,19.5,0,Safe,Research & Development
8704,14.1,0,Safe,Research & Development
8705,19.5,0,Safe,Research & Development
8706,14.1,0,Safe,Research & Development
8948,3.0,0,Safe,Research & Development
8950,2.6,0,Safe,Research & Development
8954,3.0,0,Safe,Research & Development
8955,2.6,0,Safe,Research & Development
8956,3.0,0,Safe,Research & Development
8958,2.6,0,Safe,Research & Development
8962,3.0,0,Safe,Research & Development
8963,2.6,0,Safe,Research & Development
9316,19.3,0,Safe,Sales
9318,27.6,0,Safe,Sales
9322,19.3,0,Safe,Sales
9323,27.6,0,Safe,Sales
9324,19.3,0,Safe,Sales
9326,27.6,0,Safe,Sales
9330,19.3,0,Safe,Sales
9331,27.6,0,Safe,Sales
9572,8.3,0,Safe,Research & Development
9574,12.3,0,Safe,Research & Development
9576,12.6,0,Safe,Research & Development
9577,12.3,0,Safe,Research & Development
9580,8.3,0,Safe,Research & Development
9582,12.3,0,Safe,Research & Development
9584,12.6,0,Safe,Research & Development
9585,12.3,0,Safe,Research & Development
9637,2.1,0,Safe,Sales
9639,2.1,0,Safe,Sales
9642,2.1,0,Safe,Sales
9643,2.1,0,Safe,Sales
9645,2.1,0,Safe,Sales
9647,2.1,0,Safe,Sales
9650,2.1,0,Safe,Sales
9651,2.1,0,Safe,Sales
9812,7.6,0,Safe,Research & Development
9814,7.1,0,Safe,Research & Development
9816,4.9,0,Safe,Research & Development
9817,4.8,0,Safe,Research & Development
9820,7.6,0,Safe,Research & Development
9822,7.1,0,Safe,Research & Development
9824,4.9,0,Safe,Research & Development
9825,4.8,0,Safe,Research & Development
9954,5.7,0,Safe,Research & Development
9957,6.8,0,Safe,Research & Development
9958,5.7,0,Safe,Research & Development
9959,6.8,0,Safe,Research & Development
9962,5.7,0,Safe,Research & Development
9965,6.8,0,Safe,Research & Development
9966,5.7,0,Safe,Research & Development
9967,6.8,0,Safe,Research & Development
10033,6.2,0,Safe,Human Resources
10035,6.2,0,Safe,Human Resources
10036,6.2,0,Safe,Human Resources
10037,7.6,0,Safe,Human Resources
10041,6.2,0,Safe,Human Resources
10043,6.2,0,Safe,Human Resources
10044,6.2,0,Safe,Human Resources
10045,7.6,0,Safe,Human Resources
10113,15.1,0,Safe,Research & Development
10115,10.0,0,Safe,Research & Development
10118,9.1,0,Safe,Research & Development
10119,10.0,0,Safe,Research & Development
10121,15.1,0,Safe,Research & Development
10123,10.0,0,Safe,Research & Development
10126,9.1,0,Safe,Research & Development
10127,10.0,0,Safe,Research & Development
10129,2.2,0,Safe,Research & Development
10130,2.1,0,Safe,Research & Development
10132,2.1,0,Safe,Research & Development
10133,2.1,0,Safe,Research & Development
10137,2.2,0,Safe,Research & Development
10138,2.1,0,Safe,Research & Development
10140,2.1,0,Safe,Research & Development
10141,2.1,0,Safe,Research & Development
10191,1.5,0,Safe,Research & Development
10194,2.6,0,Safe,Research & Development
10195,1.5,0,Safe,Research & Development
10196,1.5,0,Safe,Research & Development
10199,1.5,0,Safe,Research & Development
10202,2.6,0,Safe,Research & Development
10203,1.5,0,Safe,Research & Development
10204,1.5,0,Safe,Research & Development
10208,9.1,0,Safe,Sales
10209,9.6,0,Safe,Sales
10212,9.1,0,Safe,Sales
10213,9.6,0,Safe,Sales
10216,9.1,0,Safe,Sales
10217,9.6,0,Safe,Sales
10220,9.1,0,Safe,Sales
10221,9.6,0,Safe,Sales
10288,7.0,0,Safe,
10289,7.7,0,Safe,Sales
10293,7.0,0,Safe,Sales
10294,7.7,0,Safe,Sales
10296,7.0,0,Safe,Sales
10297,7.7,0,Safe,Sales
10301,7.0,0,Safe,Sales
10302,7.7,0,Safe,Sales
10383,13.3,0,Safe,Research & Development
10384,13.8,0,Safe,Sales
10385,7.4,0,Safe,Sales
10386,14.6,0,Safe,Research & Development
10387,13.3,0,Safe,Research & Development
10388,13.8,0,Safe,Sales
10389,14.6,0,Safe,Sales
10390,14.6,0,Safe,Research & Development
10391,13.3,0,Safe,Research & Development
10392,13.8,0,Safe,Sales
10393,7.4,0,Safe,Sales
10394,14.6,0,Safe,Research & Development
10395,13.3,0,Safe,Research & Development
10396,13.8,0,Safe,Sales
10397,14.6,0,Safe,Sales
10398,14.6,0,Safe,Research & Development
10562,10.1,0,Safe,Sales
10563,12.6,0,Safe,Sales
10565,10.1,0,Safe,Sales
10566,12.6,0,Safe,Sales
10570,10.1,0,Safe,Sales
10571,8.7,0,Safe,Sales
10572,12.6,0,Safe,Sales
10574,10.1,0,Safe,Sales
10575,12.6,0,Safe,Sales
10681,15.8,0,Safe,Sales
10683,12.3,0,Safe,Sales
10684,15.8,0,Safe,Sales
10685,20.8,0,Safe,Sales
10689,15.8,0,Safe,Sales
10690,3.5,0,Safe,Sales
10692,12.3,0,Safe,Sales
10693,15.8,0,Safe,Sales
10694,20.8,0,Safe,Sales
10859,6.6,0,Safe,Research & Development
10862,6.2,0,Safe,Research & Development
10865,7.1,0,Safe,Research & Development
10866,6.6,0,Safe,Research & Development
10867,6.6,0,Safe,Research & Development
10870,6.2,0,Safe,Research & Development
10873,7.1,0,Safe,Research & Development
10874,6.6,0,Safe,Research & Development
11020,2.1,0,Safe,Sales
11021,2.5,0,Safe,Sales
11023,2.1,0,Safe,Sales
11024,2.5,0,Safe,Sales
11028,2.1,0,Safe,Sales
11029,2.5,0,Safe,Sales
11031,2.1,0,Safe,Sales
11032,2.5,0,Safe,Sales
11210,13.4,0,Safe,Sales
11212,14.2,0,Safe,Sales
11216,13.4,0,Safe,Sales
11217,14.2,0,Safe,Sales
11218,13.4,0,Safe,Sales
11220,14.2,0,Safe,Sales
11224,13.4,0,Safe,Sales
11225,14.2,0,Safe,Sales
11306,6.7,0,Safe,Sales
11309,6.0,0,Safe,Sales
11312,6.7,0,Safe,Sales
11313,6.0,0,Safe,Sales
11314,6.7,0,Safe,Sales
11317,6.0,0,Safe,Sales
11320,6.7,0,Safe,Sales
11321,6.0,0,Safe,Sales
11624,9.5,0,Safe,Sales
11625,11.8,0,Safe,Sales
11628,9.5,0,Safe,Sales
11629,9.5,0,Safe,Sales
11631,9.5,0,Safe,Sales
11632,11.8,0,Safe,Sales
11635,9.5,0,Safe,Sales
11636,9.5,0,Safe,Sales
11681,10.8,0,Safe,Research & Development
11684,10.0,0,Safe,Research & Development
11685,10.8,0,Safe,Research & Development
11686,10.0,0,Safe,Research & Development
11691,10.0,0,Safe,Research & Development
11692,10.8,0,Safe,Research & Development
11693,10.0,0,Safe,Research & Development
11742,5.5,0,Safe,Sales
11744,9.4,0,Safe,Sales
11747,9.4,0,Safe,Sales
11748,9.4,0,Safe,Sales
11750,5.5,0,Safe,Sales
11752,9.4,0,Safe,Sales
11755,9.4,0,Safe,Sales
11756,9.4,0,Safe,Sales
11858,13.5,0,Safe,Research & Development
11860,9.6,0,Safe,Research & Development
11862,9.6,0,Safe,Research & Development
11863,9.6,0,Safe,Research & Development
11866,13.5,0,Safe,Research & Development
11868,9.6,0,Safe,Research & Development
11870,9.6,0,Safe,Research & Development
11871,9.6,0,Safe,Research & Development
12752,5.6,0,Safe,Research & Development
12754,6.4,0,Safe,Research & Development
12755,5.6,0,Safe,Research & Development
12756,6.4,0,Safe,Research & Development
12760,5.6,0,Safe,Research & Development
12762,6.4,0,Safe,Research & Development
12763,5.6,0,Safe,Research & Development
12764,6.4,0,Safe,Research & Development
12912,4.3,0,Safe,Research & Development
12914,4.4,0,Safe,Research & Development
12915,4.3,0,Safe,Research & Development
12916,4.4,0,Safe,Research & Development
12920,4.3,0,Safe,Research & Development
12922,4.4,0,Safe,Research & Development
12923,6.5,0,Safe,Research & Development
12924,4.4,0,Safe,Research & Development
12928,6.1,0,Safe,Research & Development
12930,2.7,0,Safe,Research & Development
12931,6.1,0,Safe,Research & Development
12932,3.9,0,Safe,Research & Development
12936,6.1,0,Safe,Research & Development
12938,2.7,0,Safe,Research & Development
12939,10.4,0,Safe,Research & Development
12940,3.9,0,Safe,Research & Development
12992,3.0,0,Safe,Research & Development
12993,1.3,0,Safe,Research & Development
12995,3.0,0,Safe,Research & Development
12996,2.6,0,Safe,Research & Development
13000,3.0,0,Safe,Research & Development
13001,1.3,0,Safe,Research & Development
13003,13.1,0,Safe,Research & Development
13004,2.6,0,Safe,Research & Development
13072,2.6,0,Safe,Research & Development
13074,2.8,0,Safe,Research & Development
13077,2.6,0,Safe,Research & Development
13078,2.8,0,Safe,Research & Development
13080,2.6,0,Safe,Research & Development
13082,2.8,0,Safe,Research & Development
13085,10.9,0,Safe,Research & Development
13086,2.8,0,Safe,Research & Development
13150,5.2,0,Safe,Sales
13153,5.9,0,Safe,Sales
13154,5.2,0,Safe,Sales
13155,5.9,0,Safe,Sales
13158,5.2,0,Safe,Sales
13161,8.1,0,Safe,Sales
13162,5.2,0,Safe,Sales
13163,5.9,0,Safe,Sales
13388,16.2,0,Safe,Human Resources
13390,12.3,0,Safe,Human Resources
13394,13.2,0,Safe,Human Resources
13395,12.3,0,Safe,Human Resources
13396,13.2,0,Safe,Human Resources
13398,12.3,0,Safe,Human Resources
13402,13.2,0,Safe,Human Resources
13403,12.3,0,Safe,Human Resources
13468,11.0,0,Safe,Research & Development
13470,8.7,0,Safe,Research & Development
13472,11.0,0,Safe,Research & Development
13473,8.7,0,Safe,Research & Development
13476,11.0,0,Safe,Research & Development
13478,8.7,0,Safe,Research & Development
13480,11.0,0,Safe,Research & Development
13481,8.7,0,Safe,Research & Development
13564,7.1,0,Safe,Research & Development
13566,6.1,0,Safe,Research & Development
13570,7.1,0,Safe,Research & Development
13571,6.1,0,Safe,Research & Development
13572,7.1,0,Safe,Research & Development
13574,6.1,0,Safe,Research & Development
13578,7.1,0,Safe,Research & Development
13579,6.1,0,Safe,Research & Development
13596,6.7,0,Safe,Research & Development
13598,3.9,0,Safe,Research & Development
13602,6.7,0,Safe,Research & Development
13603,6.7,0,Safe,Research & Development
13604,6.7,0,Safe,Research & Development
13606,3.9,0,Safe,Research & Development
13610,6.7,0,Safe,Research & Development
13611,6.7,0,Safe,Research & Development
13753,0.1,0,Safe,Research & Development
13754,0.3,0,Safe,Research & Development
13756,0.3,0,Safe,Research & Development
13757,0.3,0,Safe,Research & Development
13761,0.1,0,Safe,Research & Development
13762,0.3,0,Safe,Research & Development
13764,0.7,0,Safe,Research & Development
13765,0.3,0,Safe,Research & Development
13943,43.8,1,HIGH RISK,Sales
13945,47.6,1,HIGH RISK,Sales
13949,43.8,1,HIGH RISK,Sales
13950,47.6,1,HIGH RISK,Sales
13951,43.8,1,HIGH RISK,Sales
13953,47.6,1,HIGH RISK,Sales
13957,43.8,1,HIGH RISK,Sales
13958,47.6,1,HIGH RISK,Sales
14229,0.8,0,Safe,Sales
14232,0.5,0,Safe,Sales
14233,0.8,0,Safe,Sales
14234,0.8,0,Safe,Sales
14237,0.8,0,Safe,Sales
14240,0.5,0,Safe,Sales
14241,0.8,0,Safe,Sales
14242,0.8,0,Safe,Sales
14800,7.0,0,Safe,Research & Development
14802,3.8,0,Safe,Research & Development
14806,7.0,0,Safe,Research & Development
14807,8.6,0,Safe,Research & Development
14808,7.0,0,Safe,Research & Development
14810,3.8,0,Safe,Research & Development
14814,7.0,0,Safe,Research & Development
14815,8.6,0,Safe,Research & Development
15056,6.8,0,Safe,Sales
15057,7.9,0,Safe,Sales
15059,6.8,0,Safe,Sales
15060,7.9,0,Safe,Sales
15064,6.8,0,Safe,Sales
15065,7.9,0,Safe,Sales
15067,2.9,0,Safe,Sales
15068,7.9,0,Safe,Sales
15397,1.0,0,Safe,Research & Development
15400,1.1,0,Safe,Research & Development
15403,1.0,0,Safe,Research & Development
15404,1.1,0,Safe,Research & Development
15405,1.0,0,Safe,Research & Development
15408,1.1,0,Safe,Research & Development
15411,1.0,0,Safe,Research & Development
15412,1.1,0,Safe,Research & Development
15587,9.4,0,Safe,Research & Development
15589,9.4,0,Safe,Research & Development
15593,9.4,0,Safe,Research & Development
15594,9.4,0,Safe,Research & Development
15595,9.4,0,Safe,Research & Development
15597,9.4,0,Safe,Research & Development
15601,9.4,0,Safe,Research & Development
15602,9.4,0,Safe,Research & Development
15887,2.9,0,Safe,Research & Development
15889,2.7,0,Safe,Research & Development
15890,1.7,0,Safe,Research & Development
15891,1.7,0,Safe,Research & Development
15895,2.9,0,Safe,Research & Development
15897,2.7,0,Safe,Research & Development
15898,8.3,0,Safe,Research & Development
15899,1.7,0,Safe,Research & Development
16046,4.2,0,Safe,Research & Development
16049,4.0,0,Safe,Research & Development
16052,4.2,0,Safe,Research & Development
16053,4.0,0,Safe,Research & Development
16054,4.2,0,Safe,Research & Development
16057,4.0,0,Safe,Research & Development
16060,4.2,0,Safe,Research & Development
16061,4.0,0,Safe,Research & Development
16217,5.8,0,Safe,Sales
16219,5.8,0,Safe,Sales
16222,5.8,0,Safe,Sales
16223,5.8,0,Safe,Sales
16225,5.8,0,Safe,Sales
16227,5.8,0,Safe,Sales
16230,10.5,0,Safe,Sales
16231,5.8,0,Safe,Sales
16374,5.8,0,Safe,Research & Development
16376,5.5,0,Safe,Research & Development
16377,3.6,0,Safe,Research & Development
16378,3.4,0,Safe,Research & Development
16382,5.8,0,Safe,Research & Development
16384,5.5,0,Safe,Research & Development
16385,3.9,0,Safe,Research & Development
16386,3.4,0,Safe,Research & Development
16950,8.1,0,Safe,Sales
16951,11.7,0,Safe,Research & Development
16952,11.3,0,Safe,Research & Development
16953,13.6,0,Safe,Sales
16954,7.6,0,Safe,Sales
16955,11.7,0,Safe,Research & Development
16956,11.3,0,Safe,Research & Development
16957,13.6,0,Safe,Sales
16958,8.1,0,Safe,Sales
16959,11.7,0,Safe,Research & Development
16960,11.3,0,Safe,Research & Development
16961,13.6,0,Safe,Sales
16962,7.6,0,Safe,Sales
16963,9.8,0,Safe,Research & Development
16964,11.3,0,Safe,Research & Development
16965,13.6,0,Safe,Sales
17304,16.2,0,Safe,Research & Development
17306,15.1,0,Safe,Research & Development
17310,16.2,0,Safe,Research & Development
17311,15.1,0,Safe,Research & Development
17312,16.2,0,Safe,Research & Development
17314,15.1,0,Safe,Research & Development
17318,16.2,0,Safe,Research & Development
17319,15.1,0,Safe,Research & Development
17590,16.0,0,Safe,Research & Development
17592,15.0,0,Safe,Research & Development
17593,16.0,0,Safe,Research & Development
17594,15.0,0,Safe,Research & Development
17598,16.0,0,Safe,Research & Development
17600,15.0,0,Safe,Research & Development
17601,10.0,0,Safe,Research & Development
17602,15.0,0,Safe,Research & Development
17605,1.6,0,Safe,Sales
17608,1.9,0,Safe,Sales
17609,1.1,0,Safe,Sales
17610,1.2,0,Safe,Sales
17613,1.6,0,Safe,Sales
17616,1.9,0,Safe,Sales
17617,1.1,0,Safe,Sales
17618,1.2,0,Safe,Sales
17732,9.4,0,Safe,Research & Development
17734,13.7,0,Safe,Research & Development
17736,14.7,0,Safe,Research & Development
17737,13.7,0,Safe,Research & Development
17740,9.4,0,Safe,Research & Development
17742,13.7,0,Safe,Research & Development
17744,14.7,0,Safe,Research & Development
17745,13.7,0,Safe,Research & Development
17957,32.1,0,Safe,Research & Development
17960,30.4,0,Safe,Research & Development
17963,32.1,0,Safe,Research & Development
17964,30.4,0,Safe,Research & Development
17965,32.1,0,Safe,Research & Development
17967,30.4,0,Safe,Research & Development
17970,32.1,0,Safe,Research & Development
17971,30.4,0,Safe,Research & Development
18065,3.1,0,Safe,Research & Development
18068,3.1,0,Safe,Research & Development
18069,3.1,0,Safe,Research & Development
18070,3.1,0,Safe,Research & Development
18072,3.1,0,Safe,Research & Development
18075,3.1,0,Safe,Research & Development
18076,3.1,0,Safe,Research & Development
18077,3.1,0,Safe,Research & Development
18126,2.0,0,Safe,Research & Development
18128,2.0,0,Safe,Research & Development
18130,2.0,0,Safe,Research & Development
18131,2.0,0,Safe,Research & Development
18135,2.0,0,Safe,Research & Development
18137,2.0,0,Safe,Research & Development
18138,2.0,0,Safe,Research & Development
18157,7.1,0,Safe,Research & Development
18158,7.1,0,Safe,Research & Development
18162,7.1,0,Safe,Research & Development
18163,7.1,0,Safe,Research & Development
18164,7.1,0,Safe,Research & Development
18165,7.1,0,Safe,Research & Development
18169,7.1,0,Safe,Research & Development
18170,7.1,0,Safe,Research & Development
18216,2.2,0,Safe,Research & Development
18218,2.7,0,Safe,Research & Development
18219,2.2,0,Safe,Research & Development
18220,2.7,0,Safe,Research & Development
18223,2.2,0,Safe,Research & Development
18225,2.7,0,Safe,Research & Development
18226,2.2,0,Safe,Research & Development
18227,2.7,0,Safe,Research & Development
18371,7.4,0,Safe,Research & Development
18374,6.8,0,Safe,Research & Development
18377,9.5,0,Safe,Research & Development
18378,9.2,0,Safe,Research & Development
18381,6.8,0,Safe,Research & Development
18384,9.5,0,Safe,Research & Development
18385,9.2,0,Safe,Research & Development
18488,2.3,0,Safe,Research & Development
18490,2.2,0,Safe,Research & Development
18492,2.3,0,Safe,Research & Development
18494,2.2,0,Safe,Research & Development
18496,2.3,0,Safe,Research & Development
18498,2.2,0,Safe,Research & Development
18500,2.3,0,Safe,Research & Development
18502,2.2,0,Safe,Research & Development
18856,2.5,0,Safe,Research & Development
18857,2.7,0,Safe,Research & Development
18861,2.5,0,Safe,Research & Development
18862,2.7,0,Safe,Research & Development
18864,2.5,0,Safe,Research & Development
18865,2.7,0,Safe,Research & Development
18869,2.5,0,Safe,Research & Development
18870,2.7,0,Safe,Research & Development
19192,2.8,0,Safe,Research & Development
19194,2.7,0,Safe,Research & Development
19195,2.8,0,Safe,Research & Development
19196,2.7,0,Safe,Research & Development
19200,2.8,0,Safe,Research & Development
19202,2.7,0,Safe,Research & Development
19203,2.8,0,Safe,Research & Development
19204,2.7,0,Safe,Research & Development
19285,2.2,0,Safe,Research & Development
19287,2.2,0,Safe,Research & Development
19290,1.1,0,Safe,Research & Development
19291,1.1,0,Safe,Research & Development
19293,2.2,0,Safe,Research & Development
19295,2.2,0,Safe,Research & Development
19298,1.1,0,Safe,Research & Development
19299,1.1,0,Safe,Research & Development
19426,14.6,0,Safe,Research & Development
19428,6.9,0,Safe,Research & Development
19432,14.6,0,Safe,Research & Development
19433,16.8,0,Safe,Research & Development
19434,14.6,0,Safe,Research & Development
19436,9.2,0,Safe,Research & Development
19440,14.6,0,Safe,Research & Development
19441,16.8,0,Safe,Research & Development
19619,19.9,0,Safe,Sales
19621,19.9,0,Safe,Sales
19624,19.9,0,Safe,Sales
19625,19.9,0,Safe,Sales
19627,19.9,0,Safe,Sales
19629,19.9,0,Safe,Sales
19632,19.9,0,Safe,Sales
19633,19.9,0,Safe,Sales
19050,2.9,0,Safe,Research & Development
19701,2.6,0,Safe,Research & Development
19704,2.9,0,Safe,Research & Development
19705,2.7,0,Safe,Research & Development
19706,2.9,0,Safe,Research & Development
19709,2.6,0,Safe,Research & Development
19712,2.9,0,Safe,Research & Development
19713,2.7,0,Safe,Research & Development
19827,13.9,0,Safe,Research & Development
19829,13.9,0,Safe,Research & Development
19830,13.9,0,Safe,Research & Development
19831,13.9,0,Safe,Research & Development
19835,13.9,0,Safe,Research & Development
19837,13.9,0,Safe,Research & Development
19838,13.9,0,Safe,Research & Development
19839,13.9,0,Safe,Research & Development
19843,3.0,0,Safe,Research & Development
19844,3.0,0,Safe,Research & Development
19848,3.0,0,Safe,Research & Development
19849,3.0,0,Safe,Research & Development
19851,3.0,0,Safe,Research & Development
19852,3.0,0,Safe,Research & Development
19856,3.0,0,Safe,Research & Development
19857,3.0,0,Safe,Research & Development
20142,5.3,0,Safe,Research & Development
20143,5.4,0,Safe,Research & Development
20147,5.3,0,Safe,Research & Development
20148,5.4,0,Safe,Research & Development
20150,5.3,0,Safe,Research & Development
20151,5.4,0,Safe,Research & Development
20155,5.3,0,Safe,Research & Development
20156,5.4,0,Safe,Research & Development
20460,6.4,0,Safe,Research & Development
20462,9.9,0,Safe,Research & Development
20463,11.4,0,Safe,Research & Development
20464,9.9,0,Safe,Research & Development
20468,6.4,0,Safe,Research & Development
20470,9.9,0,Safe,Research & Development
20471,11.4,0,Safe,Research & Development
20472,9.9,0,Safe,Research & Development
20587,3.7,0,Safe,Research & Development
20588,1.5,0,Safe,Research & Development
20589,3.6,0,Safe,Research & Development
20590,1.5,0,Safe,Research & Development
20591,3.7,0,Safe,Research & Development
20592,1.5,0,Safe,Research & Development
20593,3.6,0,Safe,Research & Development
20594,1.5,0,Safe,Research & Development
20595,3.7,0,Safe,Research & Development
20596,1.5,0,Safe,Research & Development
20597,3.6,0,Safe,Research & Development
20598,1.5,0,Safe,Research & Development
20599,3.7,0,Safe,Research & Development
20600,1.5,0,Safe,Research & Development
20601,3.6,0,Safe,Research & Development
20602,1.5,0,Safe,Research & Development
20748,5.2,0,Safe,Research & Development
20749,4.8,0,Safe,Research & Development
20751,5.2,0,Safe,Research & Development
20752,4.8,0,Safe,Research & Development
20756,5.2,0,Safe,Research & Development
20757,4.8,0,Safe,Research & Development
20759,5.2,0,Safe,Research & Development
20760,4.8,0,Safe,Research & Development
20811,3.1,0,Safe,Research & Development
20814,3.3,0,Safe,Research & Development
20817,3.1,0,Safe,Research & Development
20818,3.3,0,Safe,Research & Development
20819,3.1,0,Safe,Research & Development
20822,3.3,0,Safe,Research & Development
20825,3.1,0,Safe,Research & Development
20826,3.3,0,Safe,Research & Development
20860,6.0,0,Safe,Research & Development
20861,6.4,0,Safe,Research & Development
20863,6.0,0,Safe,Research & Development
20864,6.4,0,Safe,Research & Development
20868,6.0,0,Safe,Research & Development
20869,6.4,0,Safe,Research & Development
20871,6.0,0,Safe,Research & Development
20872,6.4,0,Safe,Research & Development
21243,20.4,0,Safe,Research & Development
21245,19.2,0,Safe,Research & Development
21248,20.4,0,Safe,Research & Development
21249,19.2,0,Safe,Research & Development
21251,20.4,0,Safe,Research & Development
21253,19.2,0,Safe,Research & Development
21256,20.4,0,Safe,Research & Development
21257,19.2,0,Safe,Research & Development
21496,13.5,0,Safe,Research & Development
21499,14.5,0,Safe,Research & Development
21502,13.5,0,Safe,Research & Development
21503,14.5,0,Safe,Research & Development
21504,13.5,0,Safe,Research & Development
21507,14.5,0,Safe,Research & Development
21510,13.5,0,Safe,Research & Development
21511,14.5,0,Safe,Research & Development
21839,3.8,0,Safe,Research & Development
21840,3.8,0,Safe,Research & Development
21842,3.8,0,Safe,Research & Development
21843,3.8,0,Safe,Research & Development
21847,3.8,0,Safe,Research & Development
21848,3.8,0,Safe,Research & Development
21850,3.8,0,Safe,Research & Development
21851,3.8,0,Safe,Research & Development
22069,24.2,0,Safe,Sales
22071,30.2,0,Safe,Sales
22075,24.2,0,Safe,Sales
22076,30.2,0,Safe,Sales
22077,24.2,0,Safe,Sales
22079,30.2,0,Safe,Sales
22083,24.2,0,Safe,Sales
22084,30.2,0,Safe,Sales
22261,6.0,0,Safe,Sales
22262,13.7,0,Safe,Research & Development
22263,6.9,0,Safe,Sales
22264,17.4,0,Safe,Research & Development
22265,6.0,0,Safe,Sales
22266,13.7,0,Safe,Research & Development
22267,6.9,0,Safe,Sales
22268,17.4,0,Safe,Research & Development
22269,6.0,0,Safe,Sales
22270,13.7,0,Safe,Research & Development
22271,6.9,0,Safe,Sales
22272,17.4,0,Safe,Research & Development
22273,6.0,0,Safe,Sales
22274,13.7,0,Safe,Research & Development
22275,6.9,0,Safe,Sales
22276,17.4,0,Safe,Research & Development
22548,2.3,0,Safe,Human Resources
22550,2.3,0,Safe,Human Resources
22551,2.3,0,Safe,Human Resources
22552,2.3,0,Safe,Human Resources
22556,2.3,0,Safe,Human Resources
22558,2.3,0,Safe,Human Resources
22559,2.3,0,Safe,Human Resources
22560,2.3,0,Safe,Human Resources
22743,7.4,0,Safe,Research & Development
22745,6.1,0,Safe,Research & Development
22747,7.4,0,Safe,Research & Development
22748,6.1,0,Safe,Research & Development
22751,7.4,0,Safe,Research & Development
22753,6.1,0,Safe,Research & Development
22755,7.4,0,Safe,Research & Development
22756,6.1,0,Safe,Research & Development
22775,2.1,0,Safe,Research & Development
22778,2.2,0,Safe,Research & Development
22781,2.1,0,Safe,Research & Development
22782,2.2,0,Safe,Research & Development
22783,2.1,0,Safe,Research & Development
22786,2.2,0,Safe,Research & Development
22789,2.1,0,Safe,Research & Development
22790,2.2,0,Safe,Research & Development
23186,21.1,0,Safe,Human Resources
23189,15.5,0,Safe,Human Resources
23192,21.1,0,Safe,Human Resources
23193,19.8,0,Safe,Human Resources
23194,21.1,0,Safe,Human Resources
23197,15.5,0,Safe,Human Resources
23200,21.1,0,Safe,Human Resources
23201,19.8,0,Safe,Human Resources
23284,9.4,0,Safe,Research & Development
23287,8.8,0,Safe,Research & Development
23288,9.4,0,Safe,Research & Development
23289,8.8,0,Safe,Research & Development
23292,9.4,0,Safe,Research & Development
23295,8.8,0,Safe,Research & Development
23296,9.4,0,Safe,Research & Development
23297,8.8,0,Safe,Research & Development
23316,4.1,0,Safe,Research & Development
23318,5.2,0,Safe,Research & Development
23320,4.1,0,Safe,Research & Development
23321,5.2,0,Safe,Research & Development
23324,4.1,0,Safe,Research & Development
23326,5.2,0,Safe,Research & Development
23328,4.1,0,Safe,Research & Development
23329,5.2,0,Safe,Research & Development
2049,27.7,0,Safe,Research & Development
2050,21.9,0,Safe,Research & Development
2052,27.7,0,Safe,Research & Development
2053,21.9,0,Safe,Research & Development
2057,27.7,0,Safe,Research & Development
2058,21.9,0,Safe,Research & Development
2060,13.6,0,Safe,Research & Development
2061,21.9,0,Safe,Research & Development
3798,27.7,0,Safe,Research & Development
3799,22.0,0,Safe,Research & Development
3801,27.7,0,Safe,Research & Development
3802,22.0,0,Safe,Research & Development
3806,27.7,0,Safe,Research & Development
3807,22.0,0,Safe,Research & Development
3809,27.7,0,Safe,Research & Development
3810,22.0,0,Safe,Research & Development
3829,33.3,0,Safe,Research & Development
3832,29.3,0,Safe,Research & Development
3835,29.7,0,Safe,Research & Development
3836,29.3,0,Safe,Research & Development
3837,33.3,0,Safe,Research & Development
3840,29.3,0,Safe,Research & Development
3843,29.7,0,Safe,Research & Development
3844,29.3,0,Safe,Research & Development
3861,30.3,0,Safe,Research & Development
3863,29.6,0,Safe,Research & Development
3865,17.7,0,Safe,Research & Development
3866,18.5,0,Safe,Research & Development
3869,30.3,0,Safe,Research & Development
3871,29.6,0,Safe,Research & Development
3873,17.7,0,Safe,Research & Development
3874,18.5,0,Safe,Research & Development
5876,19.2,0,Safe,Sales
5878,17.3,0,Safe,Sales
5882,19.2,0,Safe,Sales
5883,17.3,0,Safe,Sales
5884,19.2,0,Safe,Sales
5886,17.3,0,Safe,Sales
5890,19.2,0,Safe,Sales
5891,17.3,0,Safe,Sales
6999,35.1,0,Safe,Research & Development
7002,28.3,0,Safe,Research & Development
7003,35.1,0,Safe,Research & Development
7004,28.3,0,Safe,Research & Development
7009,28.3,0,Safe,Research & Development
7010,35.1,0,Safe,Research & Development
7011,28.3,0,Safe,Research & Development
7014,20.5,0,Safe,Research & Development
7016,18.0,0,Safe,Research & Development
7020,20.5,0,Safe,Research & Development
7021,18.0,0,Safe,Research & Development
7023,18.0,0,Safe,Research & Development
7027,20.5,0,Safe,Research & Development
7028,18.0,0,Safe,Research & Development
8230,35.4,0,Safe,Research & Development
8233,37.7,0,Safe,Research & Development
8236,35.4,0,Safe,Research & Development
8237,37.7,0,Safe,Research & Development
8238,35.4,0,Safe,Research & Development
8241,37.7,0,Safe,Research & Development
8244,35.4,0,Safe,Research & Development
8245,37.7,0,Safe,Research & Development
8824,77.6,1,HIGH RISK,Sales
8826,72.3,1,HIGH RISK,Sales
8827,77.6,1,HIGH RISK,Sales
8828,72.3,1,HIGH RISK,Sales
8832,77.6,1,HIGH RISK,Sales
8834,72.3,1,HIGH RISK,Sales
8835,77.6,1,HIGH RISK,Sales
8836,72.3,1,HIGH RISK,Sales
9027,12.6,0,Safe,Research & Development
9029,14.3,0,Safe,Research & Development
9031,12.6,0,Safe,Research & Development
9032,14.3,0,Safe,Research & Development
9035,12.6,0,Safe,Research & Development
9037,14.3,0,Safe,Research & Development
9039,12.6,0,Safe,Research & Development
9040,14.3,0,Safe,Research & Development
6325,61.4,1,HIGH RISK,Sales
9494,64.1,1,HIGH RISK,Sales
9496,61.4,1,HIGH RISK,Sales
9497,64.1,1,HIGH RISK,Sales
9500,61.4,1,HIGH RISK,Sales
9502,64.1,1,HIGH RISK,Sales
9504,61.4,1,HIGH RISK,Sales
9505,64.1,1,HIGH RISK,Sales
10796,9.2,0,Safe,Sales
10797,9.2,0,Safe,Sales
10799,9.2,0,Safe,Sales
10800,9.2,0,Safe,Sales
10804,9.2,0,Safe,Sales
10805,9.2,0,Safe,Sales
10807,9.2,0,Safe,Sales
10808,9.2,0,Safe,Sales
11275,15.6,0,Safe,Sales
11277,15.6,0,Safe,Sales
11280,15.6,0,Safe,Sales
11281,15.6,0,Safe,Sales
11283,15.6,0,Safe,Sales
11285,15.6,0,Safe,Sales
11288,15.6,0,Safe,Sales
11289,15.6,0,Safe,Sales
11639,15.2,0,Safe,Sales
11641,15.2,0,Safe,Sales
11644,15.2,0,Safe,Sales
11645,15.2,0,Safe,Sales
11646,15.2,0,Safe,Sales
11648,15.2,0,Safe,Sales
11651,15.2,0,Safe,Sales
11652,15.2,0,Safe,Sales
12703,9.4,0,Safe,Research & Development
12706,11.1,0,Safe,Research & Development
12709,4.6,0,Safe,Research & Development
12710,5.2,0,Safe,Research & Development
12711,9.4,0,Safe,Research & Development
12714,11.1,0,Safe,Research & Development
12717,4.6,0,Safe,Research & Development
12718,5.2,0,Safe,Research & Development
12799,33.7,0,Safe,Research & Development
12802,33.7,0,Safe,Research & Development
12803,15.3,0,Safe,Research & Development
12804,15.3,0,Safe,Research & Development
12807,33.7,0,Safe,Research & Development
12810,33.7,0,Safe,Research & Development
12811,15.3,0,Safe,Research & Development
12812,15.3,0,Safe,Research & Development
13293,36.2,0,Safe,Sales
13295,37.3,0,Safe,Sales
13297,36.2,0,Safe,Sales
13298,37.3,0,Safe,Sales
13301,36.2,0,Safe,Sales
13303,37.3,0,Safe,Sales
13305,36.2,0,Safe,Sales
13306,37.3,0,Safe,Sales
13992,20.4,0,Safe,Research & Development
13994,20.4,0,Safe,Research & Development
13995,20.4,0,Safe,Research & Development
13996,20.4,0,Safe,Research & Development
14000,20.4,0,Safe,Research & Development
14002,20.4,0,Safe,Research & Development
14003,20.4,0,Safe,Research & Development
14004,20.4,0,Safe,Research & Development
14960,23.3,0,Safe,Research & Development
14962,23.9,0,Safe,Research & Development
14965,23.3,0,Safe,Research & Development
14966,23.9,0,Safe,Research & Development
14968,23.3,0,Safe,Research & Development
14970,23.9,0,Safe,Research & Development
14973,23.3,0,Safe,Research & Development
14974,23.9,0,Safe,Research & Development
14976,14.7,0,Safe,Research & Development
14978,16.5,0,Safe,Research & Development
14981,14.7,0,Safe,Research & Development
14982,16.5,0,Safe,Research & Development
14984,14.7,0,Safe,Research & Development
14986,16.5,0,Safe,Research & Development
14989,14.7,0,Safe,Research & Development
14990,16.5,0,Safe,Research & Development
16729,7.5,0,Safe,Research & Development
16731,7.1,0,Safe,Research & Development
16732,7.5,0,Safe,Research & Development
16733,7.1,0,Safe,Research & Development
16737,7.5,0,Safe,Research & Development
16739,7.1,0,Safe,Research & Development
16740,7.5,0,Safe,Research & Development
16741,7.1,0,Safe,Research & Development
16761,9.3,0,Safe,Research & Development
16763,9.3,0,Safe,Research & Development
16765,9.3,0,Safe,Research & Development
16767,9.3,0,Safe,Research & Development
16769,9.3,0,Safe,Research & Development
16771,9.3,0,Safe,Research & Development
16773,9.3,0,Safe,Research & Development
16775,9.3,0,Safe,Research & Development
20063,75.0,1,HIGH RISK,Sales
20066,78.1,1,HIGH RISK,Sales
20067,65.4,1,HIGH RISK,Sales
20068,68.6,1,HIGH RISK,Sales
20071,75.0,1,HIGH RISK,Sales
20074,78.1,1,HIGH RISK,Sales
20075,65.4,1,HIGH RISK,Sales
20076,68.6,1,HIGH RISK,Sales
20524,29.6,0,Safe,Research & Development
20525,15.1,0,Safe,Research & Development
20527,17.3,0,Safe,Research & Development
20528,15.1,0,Safe,Research & Development
20532,29.6,0,Safe,Research & Development
20533,15.1,0,Safe,Research & Development
20535,17.3,0,Safe,Research & Development
20536,15.1,0,Safe,Research & Development
53,3.2,0,Safe,Research & Development
35,3.4,0,Safe,Research & Development
59,3.2,0,Safe,Research & Development
60,3.4,0,Safe,Research & Development
61,3.2,0,Safe,Research & Development
62,2.3,0,Safe,Research & Development
63,4.9,0,Safe,Research & Development
65,3.4,0,Safe,Research & Development
69,3.2,0,Safe,Research & Development
70,3.4,0,Safe,Research & Development
240,15.2,0,Safe,Human Resources
241,15.2,0,Safe,Human Resources
245,15.2,0,Safe,Human Resources
246,15.2,0,Safe,Human Resources
253,15.2,0,Safe,Human Resources
256,15.2,0,Safe,Human Resources
260,17.0,0,Safe,Human Resources
261,15.2,0,Safe,Human Resources
288,6.9,0,Safe,Human Resources
289,6.9,0,Safe,Human Resources
291,6.9,0,Safe,Human Resources
292,6.9,0,Safe,Human Resources
301,6.9,0,Safe,Human Resources
302,1.4,0,Safe,Research & Development
304,6.9,0,Safe,Human Resources
306,4.0,0,Safe,Human Resources
307,6.9,0,Safe,Human Resources
596,3.6,0,Safe,Research & Development
598,3.3,0,Safe,Research & Development
599,3.6,0,Safe,Research & Development
600,3.3,0,Safe,Research & Development
604,3.6,0,Safe,Research & Development
606,3.3,0,Safe,Research & Development
607,5.5,0,Safe,Research & Development
608,3.3,0,Safe,Research & Development
611,4.0,0,Safe,Research & Development
613,3.6,0,Safe,Research & Development
617,4.0,0,Safe,Research & Development
618,3.6,0,Safe,Research & Development
619,4.0,0,Safe,Research & Development
621,3.6,0,Safe,Research & Development
625,4.0,0,Safe,Research & Development
626,3.6,0,Safe,Research & Development
757,1.8,0,Safe,Sales
759,3.5,0,Safe,Sales
761,3.7,0,Safe,Sales
762,3.5,0,Safe,Sales
765,1.8,0,Safe,Sales
767,3.5,0,Safe,Sales
769,3.7,0,Safe,Sales
770,3.5,0,Safe,Sales
856,1.9,0,Safe,Sales
857,1.9,0,Safe,Sales
859,1.9,0,Safe,Sales
860,1.9,0,Safe,Sales
864,1.9,0,Safe,Sales
865,1.9,0,Safe,Sales
867,8.6,0,Safe,Sales
868,1.9,0,Safe,Sales
968,19.8,0,Safe,Research & Development
970,17.9,0,Safe,Research & Development
971,8.0,0,Safe,Research & Development
972,7.5,0,Safe,Research & Development
976,19.8,0,Safe,Research & Development
978,17.9,0,Safe,Research & Development
979,37.5,0,Safe,Research & Development
980,7.5,0,Safe,Research & Development
1015,9.5,0,Safe,Research & Development
1017,9.5,0,Safe,Research & Development
1019,9.5,0,Safe,Research & Development
1020,9.5,0,Safe,Research & Development
1023,9.5,0,Safe,Research & Development
1025,9.5,0,Safe,Research & Development
1027,9.5,0,Safe,Research & Development
1028,9.5,0,Safe,Research & Development
1753,2.6,0,Safe,Research & Development
1754,2.1,0,Safe,Research & Development
1756,2.6,0,Safe,Research & Development
1757,2.1,0,Safe,Research & Development
1760,2.6,0,Safe,Research & Development
1761,2.1,0,Safe,Research & Development
1763,5.5,0,Safe,Research & Development
1764,2.1,0,Safe,Research & Development
2032,4.6,0,Safe,Sales
2035,10.4,0,Safe,Sales
2036,9.3,0,Safe,Sales
2037,10.4,0,Safe,Sales
2040,4.6,0,Safe,Sales
2043,10.4,0,Safe,Sales
2044,9.3,0,Safe,Sales
2045,10.4,0,Safe,Sales
2129,11.3,0,Safe,Research & Development
2130,23.4,0,Safe,Research & Development
2134,11.3,0,Safe,Research & Development
2135,23.4,0,Safe,Research & Development
2137,11.3,0,Safe,Research & Development
2138,23.4,0,Safe,Research & Development
2142,5.6,0,Safe,Research & Development
2143,23.4,0,Safe,Research & Development
2629,3.2,0,Safe,Research & Development
2631,9.1,0,Safe,Research & Development
2632,6.3,0,Safe,Research & Development
2633,9.1,0,Safe,Research & Development
2638,9.1,0,Safe,Research & Development
2639,6.3,0,Safe,Research & Development
2640,9.1,0,Safe,Research & Development
2896,5.7,0,Safe,Research & Development
2898,6.6,0,Safe,Research & Development
2902,5.7,0,Safe,Research & Development
2903,6.6,0,Safe,Research & Development
2904,5.7,0,Safe,Research & Development
2906,6.6,0,Safe,Research & Development
2910,5.7,0,Safe,Research & Development
2911,6.6,0,Safe,Research & Development
3037,2.9,0,Safe,Research & Development
3040,5.8,0,Safe,Research & Development
3041,5.3,0,Safe,Research & Development
3042,5.8,0,Safe,Research & Development
3045,2.9,0,Safe,Research & Development
3048,5.8,0,Safe,Research & Development
3049,5.3,0,Safe,Research & Development
3050,5.8,0,Safe,Research & Development
3621,2.3,0,Safe,Research & Development
3624,3.8,0,Safe,Research & Development
3627,2.3,0,Safe,Research & Development
3628,2.2,0,Safe,Research & Development
3629,2.3,0,Safe,Research & Development
3632,3.8,0,Safe,Research & Development
3635,2.3,0,Safe,Research & Development
3636,2.2,0,Safe,Research & Development
3782,0.8,0,Safe,Research & Development
3784,0.8,0,Safe,Research & Development
3785,0.8,0,Safe,Research & Development
3786,0.8,0,Safe,Research & Development
3790,0.8,0,Safe,Research & Development
3792,0.8,0,Safe,Research & Development
3793,0.8,0,Safe,Research & Development
1,2.8,0,Safe,1296
4021,5.8,0,Safe,Research & Development
4024,5.3,0,Safe,Research & Development
4025,5.8,0,Safe,Research & Development
4026,5.2,0,Safe,Research & Development
4029,5.8,0,Safe,Research & Development
4032,5.3,0,Safe,Research & Development
4033,5.8,0,Safe,Research & Development
4034,5.2,0,Safe,Research & Development
5010,11.3,0,Safe,Research & Development
5012,8.9,0,Safe,Research & Development
5013,11.3,0,Safe,Research & Development
5014,8.9,0,Safe,Research & Development
5018,11.3,0,Safe,Research & Development
5020,8.9,0,Safe,Research & Development
5021,11.3,0,Safe,Research & Development
5022,8.9,0,Safe,Research & Development
5089,2.7,0,Safe,Research & Development
5092,2.7,0,Safe,Research & Development
5093,2.7,0,Safe,Research & Development
5094,2.7,0,Safe,Research & Development
5097,2.7,0,Safe,Research & Development
5100,2.7,0,Safe,Research & Development
5101,2.7,0,Safe,Research & Development
5102,2.7,0,Safe,Research & Development
5121,19.9,0,Safe,Sales
5123,21.2,0,Safe,Sales
5124,19.9,0,Safe,Sales
5125,21.2,0,Safe,Sales
5129,19.9,0,Safe,Sales
5131,21.2,0,Safe,Sales
5132,19.9,0,Safe,Sales
5133,21.2,0,Safe,Sales
5153,25.4,0,Safe,Research & Development
5155,25.6,0,Safe,Research & Development
5156,25.4,0,Safe,Research & Development
5157,25.6,0,Safe,Research & Development
5161,25.4,0,Safe,Research & Development
5163,25.6,0,Safe,Research & Development
5164,25.4,0,Safe,Research & Development
5165,25.6,0,Safe,Research & Development
5324,2.1,0,Safe,Sales
5327,4.4,0,Safe,Sales
5328,4.2,0,Safe,Sales
5329,4.4,0,Safe,Sales
5332,2.1,0,Safe,Sales
5335,4.4,0,Safe,Sales
5336,4.2,0,Safe,Sales
5337,4.4,0,Safe,Sales
5451,5.0,0,Safe,Sales
5453,5.0,0,Safe,Sales
5456,5.0,0,Safe,Sales
5457,5.0,0,Safe,Sales
5459,5.0,0,Safe,Sales
5461,5.0,0,Safe,Sales
5464,5.0,0,Safe,Sales
5465,5.0,0,Safe,Sales
5623,3.6,0,Safe,Research & Development
5625,7.7,0,Safe,Research & Development
5626,3.6,0,Safe,Research & Development
5627,7.7,0,Safe,Research & Development
5631,3.6,0,Safe,Research & Development
5633,7.7,0,Safe,Research & Development
5634,3.6,0,Safe,Research & Development
5635,7.7,0,Safe,Research & Development
5687,1.4,0,Safe,Sales
5689,1.4,0,Safe,Sales
5692,1.4,0,Safe,Sales
5693,1.4,0,Safe,Sales
5695,1.4,0,Safe,Sales
5697,1.4,0,Safe,Sales
5700,1.4,0,Safe,Sales
5701,1.4,0,Safe,Sales
7074,2.5,0,Safe,Sales
7075,1.4,0,Safe,Sales
7077,2.5,0,Safe,Sales
7078,1.4,0,Safe,Sales
7082,2.5,0,Safe,Sales
7083,1.4,0,Safe,Sales
7085,2.5,0,Safe,Sales
7086,1.4,0,Safe,Sales
7315,21.4,0,Safe,Research & Development
7317,23.3,0,Safe,Research & Development
7319,21.4,0,Safe,Research & Development
7320,23.3,0,Safe,Research & Development
7323,21.4,0,Safe,Research & Development
7324,23.3,0,Safe,Research & Development
7326,21.4,0,Safe,Research & Development
7327,23.3,0,Safe,Research & Development
7574,1.3,0,Safe,Research & Development
7576,2.9,0,Safe,Research & Development
7577,3.1,0,Safe,Research & Development
7578,2.9,0,Safe,Research & Development
7582,1.3,0,Safe,Research & Development
7584,2.9,0,Safe,Research & Development
7585,3.1,0,Safe,Research & Development
7586,2.9,0,Safe,Research & Development
7700,21.0,0,Safe,Research & Development
7702,51.3,1,HIGH RISK,Research & Development
7705,32.8,0,Safe,Research & Development
7706,51.3,1,HIGH RISK,Research & Development
7707,21.0,0,Safe,Research & Development
7709,51.3,1,HIGH RISK,Research & Development
7712,32.8,0,Safe,Research & Development
7713,51.3,1,HIGH RISK,Research & Development
7730,33.2,0,Safe,Research & Development
7732,16.5,0,Safe,Research & Development
7735,33.2,0,Safe,Research & Development
7736,36.3,0,Safe,Research & Development
7737,33.2,0,Safe,Research & Development
7739,16.5,0,Safe,Research & Development
7742,33.2,0,Safe,Research & Development
7743,36.3,0,Safe,Research & Development
7835,0.9,0,Safe,Sales
7837,1.0,0,Safe,Sales
7838,0.9,0,Safe,Sales
7839,1.0,0,Safe,Sales
7842,0.9,0,Safe,Sales
7844,1.0,0,Safe,Sales
7845,0.9,0,Safe,Sales
7846,1.0,0,Safe,Sales
7991,4.6,0,Safe,Sales
7993,5.4,0,Safe,Sales
7995,4.6,0,Safe,Sales
7996,5.4,0,Safe,Sales
7999,4.6,0,Safe,Sales
8001,5.4,0,Safe,Sales
8003,4.6,0,Safe,Sales
8004,5.4,0,Safe,Sales
8150,1.1,0,Safe,Research & Development
8152,1.2,0,Safe,Research & Development
8154,0.5,0,Safe,Research & Development
8155,0.6,0,Safe,Research & Development
8158,1.1,0,Safe,Research & Development
8160,1.2,0,Safe,Research & Development
8162,0.5,0,Safe,Research & Development
8163,0.6,0,Safe,Research & Development
8441,19.5,0,Safe,Sales
8443,30.6,0,Safe,Sales
8446,24.1,0,Safe,Sales
8447,30.6,0,Safe,Sales
8451,19.5,0,Safe,Sales
8453,30.6,0,Safe,Sales
8456,24.1,0,Safe,Sales
8457,30.6,0,Safe,Sales
8949,5.1,0,Safe,Research & Development
8951,4.5,0,Safe,Research & Development
8952,5.1,0,Safe,Research & Development
8953,4.5,0,Safe,Research & Development
8957,5.1,0,Safe,Research & Development
8959,4.5,0,Safe,Research & Development
8960,5.1,0,Safe,Research & Development
8961,4.5,0,Safe,Research & Development
9476,3.8,0,Safe,Research & Development
9479,4.3,0,Safe,Research & Development
9482,3.8,0,Safe,Research & Development
9483,4.3,0,Safe,Research & Development
9484,3.8,0,Safe,Research & Development
9487,4.3,0,Safe,Research & Development
9490,3.8,0,Safe,Research & Development
9491,4.3,0,Safe,Research & Development
9701,0.8,0,Safe,Research & Development
9702,0.8,0,Safe,Research & Development
9704,0.8,0,Safe,Research & Development
9705,0.8,0,Safe,Research & Development
9709,0.8,0,Safe,Research & Development
9710,0.8,0,Safe,Research & Development
9712,0.8,0,Safe,Research & Development
9713,0.8,0,Safe,Research & Development
9939,7.8,0,Safe,Sales
9941,7.6,0,Safe,Sales
9943,4.2,0,Safe,Sales
9944,3.9,0,Safe,Sales
9947,7.8,0,Safe,Sales
9949,7.6,0,Safe,Sales
9951,4.2,0,Safe,Sales
9952,3.9,0,Safe,Sales
10336,7.2,0,Safe,Sales
10338,3.7,0,Safe,Sales
10341,4.1,0,Safe,Sales
10342,3.7,0,Safe,Sales
10344,4.1,0,Safe,Sales
10346,3.7,0,Safe,Sales
10349,4.1,0,Safe,Sales
10350,3.7,0,Safe,Sales
10510,4.1,0,Safe,Human Resources
10512,3.6,0,Safe,Human Resources
10516,4.1,0,Safe,Human Resources
10517,3.6,0,Safe,Human Resources
10442,4.1,0,Safe,Human Resources
10521,3.6,0,Safe,Human Resources
10525,4.1,0,Safe,Human Resources
10526,3.6,0,Safe,Human Resources
10715,14.9,0,Safe,Sales
10717,13.8,0,Safe,Sales
10718,14.9,0,Safe,Sales
10719,13.8,0,Safe,Sales
10723,14.9,0,Safe,Sales
10724,18.5,0,Safe,Sales
10726,13.8,0,Safe,Sales
10727,14.9,0,Safe,Sales
10728,13.8,0,Safe,Sales
10811,12.5,0,Safe,Research & Development
10813,12.0,0,Safe,Research & Development
10815,12.5,0,Safe,Research & Development
10816,12.0,0,Safe,Research & Development
10819,12.5,0,Safe,Research & Development
10821,12.0,0,Safe,Research & Development
10823,12.5,0,Safe,Research & Development
10824,12.0,0,Safe,Research & Development
11100,2.2,0,Safe,Sales
11101,1.9,0,Safe,Sales
11103,2.2,0,Safe,Sales
11104,1.9,0,Safe,Sales
11108,2.2,0,Safe,Sales
11109,1.9,0,Safe,Sales
11111,2.2,0,Safe,Sales
11112,1.9,0,Safe,Sales
11147,14.5,0,Safe,Research & Development
11149,14.5,0,Safe,Research & Development
11153,14.5,0,Safe,Research & Development
11154,14.5,0,Safe,Research & Development
11155,14.5,0,Safe,Research & Development
11157,14.5,0,Safe,Research & Development
11161,14.5,0,Safe,Research & Development
11162,14.5,0,Safe,Research & Development
11398,6.8,0,Safe,Sales
11401,6.8,0,Safe,Sales
11402,6.8,0,Safe,Sales
11403,6.8,0,Safe,Sales
11406,6.8,0,Safe,Sales
11409,6.8,0,Safe,Sales
11410,6.8,0,Safe,Sales
11411,6.8,0,Safe,Sales
11428,19.7,0,Safe,Research & Development
11431,10.6,0,Safe,Research & Development
11432,19.7,0,Safe,Research & Development
11433,19.7,0,Safe,Research & Development
11436,19.7,0,Safe,Research & Development
11439,10.6,0,Safe,Research & Development
11440,19.7,0,Safe,Research & Development
11441,19.7,0,Safe,Research & Development
11475,7.5,0,Safe,Research & Development
11477,3.5,0,Safe,Research & Development
11479,7.5,0,Safe,Research & Development
11480,7.0,0,Safe,Research & Development
11484,3.5,0,Safe,Research & Development
11486,7.5,0,Safe,Research & Development
11487,7.0,0,Safe,Research & Development
11773,4.2,0,Safe,Sales
11775,5.8,0,Safe,Sales
11776,7.4,0,Safe,Sales
11777,5.8,0,Safe,Sales
11781,4.2,0,Safe,Sales
11783,5.8,0,Safe,Sales
11784,7.4,0,Safe,Sales
11785,5.8,0,Safe,Sales
12095,13.8,0,Safe,Sales
12098,30.1,0,Safe,Sales
12099,13.8,0,Safe,Sales
12100,30.1,0,Safe,Sales
12103,13.8,0,Safe,Sales
12106,30.1,0,Safe,Sales
12107,13.8,0,Safe,Sales
12108,30.1,0,Safe,Sales
12238,2.1,0,Safe,Sales
12239,2.0,0,Safe,Sales
12241,2.1,0,Safe,Sales
12242,2.0,0,Safe,Sales
12246,2.1,0,Safe,Sales
12247,2.0,0,Safe,Sales
12249,2.1,0,Safe,Sales
12250,2.0,0,Safe,Sales
12451,8.0,0,Safe,Sales
12453,12.1,0,Safe,Sales
12456,8.0,0,Safe,Sales
12459,8.0,0,Safe,Sales
12461,12.1,0,Safe,Sales
12464,8.0,0,Safe,Sales
12465,12.1,0,Safe,Sales
12671,5.8,0,Safe,Research & Development
12673,5.1,0,Safe,Research & Development
12675,5.8,0,Safe,Research & Development
12676,5.1,0,Safe,Research & Development
12679,5.8,0,Safe,Research & Development
12681,5.1,0,Safe,Research & Development
12683,5.8,0,Safe,Research & Development
12684,5.1,0,Safe,Research & Development
12832,15.9,0,Safe,Research & Development
12834,15.9,0,Safe,Research & Development
12837,15.9,0,Safe,Research & Development
12838,15.9,0,Safe,Research & Development
12840,15.9,0,Safe,Research & Development
12842,15.9,0,Safe,Research & Development
12845,15.9,0,Safe,Research & Development
12846,15.9,0,Safe,Research & Development
12863,2.3,0,Safe,Sales
12866,2.7,0,Safe,Sales
12869,2.5,0,Safe,Sales
12870,2.7,0,Safe,Sales
12871,2.3,0,Safe,Sales
12874,2.7,0,Safe,Sales
12877,2.5,0,Safe,Sales
12878,2.7,0,Safe,Sales
13642,3.4,0,Safe,Research & Development
13644,3.1,0,Safe,Research & Development
13645,3.4,0,Safe,Research & Development
13646,3.1,0,Safe,Research & Development
13650,3.4,0,Safe,Research & Development
13652,3.1,0,Safe,Research & Development
13653,3.4,0,Safe,Research & Development
13654,3.1,0,Safe,Research & Development
13832,6.8,0,Safe,Human Resources
13834,2.9,0,Safe,Human Resources
13836,6.8,0,Safe,Human Resources
13837,6.3,0,Safe,Human Resources
13840,6.8,0,Safe,Human Resources
13842,2.9,0,Safe,Human Resources
13844,6.8,0,Safe,Human Resources
13845,6.3,0,Safe,Human Resources
13896,1.0,0,Safe,Research & Development
13898,0.9,0,Safe,Research & Development
13899,0.5,0,Safe,Research & Development
13900,0.5,0,Safe,Research & Development
13904,1.0,0,Safe,Research & Development
13906,0.9,0,Safe,Research & Development
13907,0.5,0,Safe,Research & Development
13908,0.5,0,Safe,Research & Development
13975,1.4,0,Safe,Sales
13978,0.9,0,Safe,Sales
13979,1.4,0,Safe,Sales
13980,1.5,0,Safe,Sales
13983,1.4,0,Safe,Sales
13986,0.9,0,Safe,Sales
13987,1.4,0,Safe,Sales
13988,1.5,0,Safe,Sales
14151,0.9,0,Safe,Research & Development
14153,0.6,0,Safe,Research & Development
14155,0.9,0,Safe,Research & Development
14156,0.6,0,Safe,Research & Development
14159,0.9,0,Safe,Research & Development
14161,0.6,0,Safe,Research & Development
14163,0.9,0,Safe,Research & Development
14164,0.6,0,Safe,Research & Development
14542,5.5,0,Safe,Sales
14545,6.4,0,Safe,Sales
14546,5.5,0,Safe,Sales
14547,6.4,0,Safe,Sales
14550,5.5,0,Safe,Sales
14553,6.4,0,Safe,Sales
14554,5.5,0,Safe,Sales
14555,6.4,0,Safe,Sales
15024,4.9,0,Safe,Research & Development
15025,4.8,0,Safe,Research & Development
15027,4.9,0,Safe,Research & Development
15028,4.8,0,Safe,Research & Development
15032,4.9,0,Safe,Research & Development
15033,4.8,0,Safe,Research & Development
15035,4.9,0,Safe,Research & Development
15036,4.8,0,Safe,Research & Development
15729,4.8,0,Safe,Research & Development
15731,5.7,0,Safe,Research & Development
15732,4.8,0,Safe,Research & Development
15733,5.7,0,Safe,Research & Development
15737,4.8,0,Safe,Research & Development
15739,5.7,0,Safe,Research & Development
15740,4.8,0,Safe,Research & Development
15741,5.7,0,Safe,Research & Development
15854,2.6,0,Safe,Sales
15857,2.6,0,Safe,Sales
15860,2.6,0,Safe,Sales
15861,2.6,0,Safe,Sales
15862,2.6,0,Safe,Sales
15865,2.6,0,Safe,Sales
15868,2.6,0,Safe,Sales
15869,2.6,0,Safe,Sales
15871,3.3,0,Safe,Sales
15872,8.3,0,Safe,Sales
15876,8.1,0,Safe,Sales
15877,8.3,0,Safe,Sales
15879,3.3,0,Safe,Sales
15880,8.3,0,Safe,Sales
15884,8.1,0,Safe,Sales
15885,8.3,0,Safe,Sales
16760,3.8,0,Safe,Sales
16762,4.2,0,Safe,Sales
16764,3.8,0,Safe,Sales
16766,4.2,0,Safe,Sales
16768,3.8,0,Safe,Sales
16770,4.2,0,Safe,Sales
16772,3.8,0,Safe,Sales
16774,4.2,0,Safe,Sales
17064,2.8,0,Safe,Research & Development
17066,1.9,0,Safe,Research & Development
17068,2.8,0,Safe,Research & Development
17069,1.9,0,Safe,Research & Development
17071,2.8,0,Safe,Research & Development
17073,1.9,0,Safe,Research & Development
17075,2.8,0,Safe,Research & Development
17076,1.9,0,Safe,Research & Development
17126,3.3,0,Safe,Sales
17128,4.5,0,Safe,Sales
17131,3.3,0,Safe,Sales
17132,4.5,0,Safe,Sales
17134,3.3,0,Safe,Sales
17136,4.5,0,Safe,Sales
17139,3.3,0,Safe,Sales
17140,4.5,0,Safe,Sales
17158,1.3,0,Safe,Research & Development
17160,1.4,0,Safe,Research & Development
17163,1.3,0,Safe,Research & Development
17164,1.4,0,Safe,Research & Development
17166,1.3,0,Safe,Research & Development
17168,1.4,0,Safe,Research & Development
17171,1.3,0,Safe,Research & Development
17172,1.4,0,Safe,Research & Development
17189,1.0,0,Safe,Research & Development
17191,0.9,0,Safe,Research & Development
17193,1.0,0,Safe,Research & Development
17194,0.9,0,Safe,Research & Development
17197,1.0,0,Safe,Research & Development
17199,0.9,0,Safe,Research & Development
17201,1.0,0,Safe,Research & Development
17202,0.9,0,Safe,Research & Development
17462,11.7,0,Safe,Research & Development
17465,11.7,0,Safe,Research & Development
17466,11.7,0,Safe,Research & Development
17467,11.7,0,Safe,Research & Development
17470,11.7,0,Safe,Research & Development
17473,11.7,0,Safe,Research & Development
17474,11.7,0,Safe,Research & Development
17475,11.7,0,Safe,Research & Development
17525,1.3,0,Safe,Research & Development
17528,2.5,0,Safe,Research & Development
17529,2.5,0,Safe,Research & Development
17530,2.5,0,Safe,Research & Development
17533,1.3,0,Safe,Research & Development
17536,2.5,0,Safe,Research & Development
17537,2.5,0,Safe,Research & Development
17538,2.5,0,Safe,Research & Development
17684,0.2,0,Safe,Sales
17687,0.4,0,Safe,Sales
17690,0.4,0,Safe,Sales
17691,0.4,0,Safe,Sales
17692,0.2,0,Safe,Sales
17695,0.4,0,Safe,Sales
17698,0.4,0,Safe,Sales
17699,0.4,0,Safe,Sales
17898,1.1,0,Safe,Sales
17899,1.3,0,Safe,Sales
17901,1.1,0,Safe,Sales
17902,1.3,0,Safe,Sales
17906,1.3,0,Safe,Sales
17908,1.1,0,Safe,Sales
17909,1.3,0,Safe,Sales
17988,5.9,0,Safe,Research & Development
17991,5.9,0,Safe,Research & Development
17992,5.9,0,Safe,Research & Development
17994,5.9,0,Safe,Research & Development
17996,5.9,0,Safe,Research & Development
17999,5.9,0,Safe,Research & Development
18000,5.9,0,Safe,Research & Development
18644,3.0,0,Safe,Sales
18645,2.5,0,Safe,Sales
18647,1.3,0,Safe,Sales
18648,1.2,0,Safe,Sales
18652,3.0,0,Safe,Sales
18653,2.5,0,Safe,Sales
18655,1.3,0,Safe,Sales
18656,1.2,0,Safe,Sales
18824,11.5,0,Safe,Research & Development
18826,11.5,0,Safe,Research & Development
18827,11.5,0,Safe,Research & Development
18828,11.5,0,Safe,Research & Development
18832,11.5,0,Safe,Research & Development
18834,11.5,0,Safe,Research & Development
18835,11.5,0,Safe,Research & Development
18836,11.5,0,Safe,Research & Development
19013,5.6,0,Safe,Sales
19015,5.9,0,Safe,Sales
19017,5.6,0,Safe,Sales
19018,5.9,0,Safe,Sales
19021,5.6,0,Safe,Sales
19023,5.9,0,Safe,Sales
19025,5.6,0,Safe,Sales
19026,5.9,0,Safe,Sales
19160,11.2,0,Safe,Sales
19163,13.9,0,Safe,Sales
19164,5.1,0,Safe,Sales
19165,5.9,0,Safe,Sales
19168,11.2,0,Safe,Sales
19171,13.9,0,Safe,Sales
19172,5.1,0,Safe,Sales
19173,5.9,0,Safe,Sales
19346,2.1,0,Safe,Research & Development
19349,2.1,0,Safe,Research & Development
19352,2.1,0,Safe,Research & Development
19353,2.1,0,Safe,Research & Development
19354,2.1,0,Safe,Research & Development
19357,2.1,0,Safe,Research & Development
19360,2.1,0,Safe,Research & Development
19361,2.1,0,Safe,Research & Development
19795,5.6,0,Safe,Research & Development
19796,11.3,0,Safe,Research & Development
19800,11.3,0,Safe,Research & Development
19801,11.3,0,Safe,Research & Development
19803,5.6,0,Safe,Research & Development
19804,11.3,0,Safe,Research & Development
19808,11.3,0,Safe,Research & Development
19809,11.3,0,Safe,Research & Development
19859,1.4,0,Safe,Research & Development
19861,4.1,0,Safe,Research & Development
19862,4.1,0,Safe,Research & Development
19863,4.1,0,Safe,Research & Development
19867,1.4,0,Safe,Research & Development
19869,4.1,0,Safe,Research & Development
19870,4.1,0,Safe,Research & Development
19871,4.1,0,Safe,Research & Development
20032,6.8,0,Safe,Sales
20034,5.6,0,Safe,Sales
20036,6.8,0,Safe,Sales
20037,5.6,0,Safe,Sales
20040,6.8,0,Safe,Sales
20042,5.6,0,Safe,Sales
20044,6.8,0,Safe,Sales
20045,5.6,0,Safe,Sales
20219,5.4,0,Safe,Research & Development
20221,5.3,0,Safe,Research & Development
20223,5.4,0,Safe,Research & Development
20224,5.3,0,Safe,Research & Development
20227,5.4,0,Safe,Research & Development
20229,5.3,0,Safe,Research & Development
20231,5.4,0,Safe,Research & Development
20232,5.3,0,Safe,Research & Development
20491,4.4,0,Safe,Research & Development
20494,4.5,0,Safe,Research & Development
20495,4.4,0,Safe,Research & Development
20496,4.5,0,Safe,Research & Development
20499,4.4,0,Safe,Research & Development
20502,4.5,0,Safe,Research & Development
20503,4.4,0,Safe,Research & Development
20504,4.5,0,Safe,Research & Development
20636,5.4,0,Safe,Research & Development
20637,5.4,0,Safe,Research & Development
20639,5.4,0,Safe,Research & Development
20640,5.4,0,Safe,Research & Development
20644,5.4,0,Safe,Research & Development
20645,5.4,0,Safe,Research & Development
20647,5.4,0,Safe,Research & Development
20648,5.4,0,Safe,Research & Development
20716,2.8,0,Safe,Research & Development
20717,2.0,0,Safe,Research & Development
20721,2.8,0,Safe,Research & Development
20722,2.0,0,Safe,Research & Development
20724,2.8,0,Safe,Research & Development
20725,2.0,0,Safe,Research & Development
20729,2.8,0,Safe,Research & Development
20730,2.0,0,Safe,Research & Development
21790,22.2,0,Safe,Sales
21793,23.8,0,Safe,Sales
21796,22.2,0,Safe,Sales
21797,23.8,0,Safe,Sales
21798,22.2,0,Safe,Sales
21801,23.8,0,Safe,Sales
21804,22.2,0,Safe,Sales
21805,23.8,0,Safe,Sales
22357,0.8,0,Safe,Research & Development
22359,0.7,0,Safe,Research & Development
22361,0.4,0,Safe,Research & Development
22362,0.4,0,Safe,Research & Development
22365,0.8,0,Safe,Research & Development
22367,0.7,0,Safe,Research & Development
22369,0.8,0,Safe,Research & Development
22370,0.4,0,Safe,Research & Development
22627,5.2,0,Safe,Research & Development
22629,8.4,0,Safe,Research & Development
22631,8.4,0,Safe,Research & Development
22632,8.4,0,Safe,Research & Development
22635,5.2,0,Safe,Research & Development
22637,8.4,0,Safe,Research & Development
22639,3.7,0,Safe,Research & Development
22640,8.4,0,Safe,Research & Development
22791,9.2,0,Safe,Research & Development
22794,3.2,0,Safe,Research & Development
22797,9.2,0,Safe,Research & Development
22798,9.2,0,Safe,Research & Development
22799,9.2,0,Safe,Research & Development
22802,3.2,0,Safe,Research & Development
22805,25.0,0,Safe,Research & Development
22806,9.2,0,Safe,Research & Development
23269,4.5,0,Safe,Research & Development
23271,4.7,0,Safe,Research & Development
23272,4.5,0,Safe,Research & Development
23273,4.7,0,Safe,Research & Development
23277,4.5,0,Safe,Research & Development
23279,4.7,0,Safe,Research & Development
23280,4.5,0,Safe,Research & Development
23281,4.7,0,Safe,Research & Development
12457,12.1,0,Safe,Sales
17986,5.9,0,Safe,Research & Development
2112,22.0,0,Safe,Research & Development
2115,20.7,0,Safe,Research & Development
2118,22.0,0,Safe,Research & Development
2119,20.7,0,Safe,Research & Development
2120,22.0,0,Safe,Research & Development
2123,20.7,0,Safe,Research & Development
2126,22.0,0,Safe,Research & Development
2127,20.7,0,Safe,Research & Development
4373,21.7,0,Safe,Research & Development
4374,21.7,0,Safe,Research & Development
4378,21.7,0,Safe,Research & Development
4379,21.7,0,Safe,Research & Development
4381,21.7,0,Safe,Research & Development
4382,21.7,0,Safe,Research & Development
4386,21.7,0,Safe,Research & Development
4387,21.7,0,Safe,Research & Development
4824,65.0,1,HIGH RISK,Research & Development
4825,65.0,1,HIGH RISK,Research & Development
4829,65.0,1,HIGH RISK,Research & Development
4830,65.0,1,HIGH RISK,Research & Development
4831,65.0,1,HIGH RISK,Research & Development
4832,65.0,1,HIGH RISK,Research & Development
4836,65.0,1,HIGH RISK,Research & Development
4837,65.0,1,HIGH RISK,Research & Development
9556,3.1,0,Safe,Research & Development
9558,5.0,0,Safe,Research & Development
9562,5.8,0,Safe,Research & Development
9563,5.0,0,Safe,Research & Development
9564,3.1,0,Safe,Research & Development
9566,5.0,0,Safe,Research & Development
9570,5.8,0,Safe,Research & Development
9571,5.0,0,Safe,Research & Development
10595,40.9,0,Safe,Research & Development
10597,18.5,0,Safe,Research & Development
10601,40.9,0,Safe,Research & Development
10602,18.5,0,Safe,Research & Development
10603,40.9,0,Safe,Research & Development
10606,18.5,0,Safe,Research & Development
10610,40.9,0,Safe,Research & Development
10611,18.5,0,Safe,Research & Development
11242,3.2,0,Safe,Research & Development
11244,3.3,0,Safe,Research & Development
11248,4.4,0,Safe,Research & Development
11249,4.6,0,Safe,Research & Development
11250,3.2,0,Safe,Research & Development
11252,3.4,0,Safe,Research & Development
11256,4.4,0,Safe,Research & Development
11257,4.6,0,Safe,Research & Development
13294,34.6,0,Safe,Research & Development
13296,39.0,0,Safe,Research & Development
13299,34.6,0,Safe,Research & Development
13300,39.0,0,Safe,Research & Development
13302,34.6,0,Safe,Research & Development
13304,39.0,0,Safe,Research & Development
13307,34.6,0,Safe,Research & Development
13308,39.0,0,Safe,Research & Development
15476,13.6,0,Safe,Research & Development
15478,10.1,0,Safe,Research & Development
15482,13.6,0,Safe,Research & Development
15483,10.1,0,Safe,Research & Development
15484,13.6,0,Safe,Research & Development
15486,10.1,0,Safe,Research & Development
15490,13.6,0,Safe,Research & Development
15491,10.1,0,Safe,Research & Development
17558,7.5,0,Safe,Research & Development
17559,8.1,0,Safe,Research & Development
17563,7.5,0,Safe,Research & Development
17564,8.1,0,Safe,Research & Development
17566,7.5,0,Safe,Research & Development
17567,8.1,0,Safe,Research & Development
17571,7.5,0,Safe,Research & Development
17572,8.1,0,Safe,Research & Development
22342,14.6,0,Safe,Research & Development
22343,8.8,0,Safe,Research & Development
22347,14.6,0,Safe,Research & Development
22348,14.5,0,Safe,Research & Development
22350,14.6,0,Safe,Research & Development
22351,8.8,0,Safe,Research & Development
22355,14.6,0,Safe,Research & Development
22356,14.5,0,Safe,Research & Development
81,3.1,0,Safe,Sales
231,4.3,0,Safe,Research & Development
1676,1.3,0,Safe,Sales
1679,1.5,0,Safe,Sales
1682,1.3,0,Safe,Sales
1683,1.5,0,Safe,Sales
1686,1.5,0,Safe,Sales
1689,1.3,0,Safe,Sales
1690,1.5,0,Safe,Sales
2584,9.9,0,Safe,Research & Development
2585,8.7,0,Safe,Research & Development
2589,9.9,0,Safe,Research & Development
2590,8.7,0,Safe,Research & Development
2592,8.7,0,Safe,Research & Development
2596,9.9,0,Safe,Research & Development
2597,8.7,0,Safe,Research & Development
2598,2.4,0,Safe,Research & Development
2601,2.6,0,Safe,Research & Development
2604,2.3,0,Safe,Research & Development
2605,2.4,0,Safe,Research & Development
2606,2.4,0,Safe,Research & Development
2608,0.9,0,Safe,Research & Development
2611,2.3,0,Safe,Research & Development
2612,2.4,0,Safe,Research & Development
5009,1.0,0,Safe,Research & Development
5011,0.9,0,Safe,Research & Development
5015,1.0,0,Safe,Research & Development
5016,0.9,0,Safe,Research & Development
5017,1.0,0,Safe,Research & Development
5019,0.9,0,Safe,Research & Development
5023,1.0,0,Safe,Research & Development
5024,0.9,0,Safe,Research & Development
6642,0.3,0,Safe,Research & Development
6644,0.6,0,Safe,Research & Development
6645,0.7,0,Safe,Research & Development
6646,0.6,0,Safe,Research & Development
6649,0.3,0,Safe,Research & Development
6651,0.6,0,Safe,Research & Development
6652,0.7,0,Safe,Research & Development
6653,0.6,0,Safe,Research & Development
9122,0.4,0,Safe,Research & Development
9124,0.4,0,Safe,Research & Development
9130,0.4,0,Safe,Research & Development
9131,0.4,0,Safe,Research & Development
9133,0.4,0,Safe,Research & Development
9135,0.4,0,Safe,Research & Development
9141,0.4,0,Safe,Research & Development
9142,0.4,0,Safe,Research & Development
9509,9.1,0,Safe,Sales
9511,9.1,0,Safe,Sales
9514,9.1,0,Safe,Sales
9515,12.0,0,Safe,Sales
9517,12.0,0,Safe,Sales
9519,12.0,0,Safe,Sales
9522,12.0,0,Safe,Sales
9523,12.0,0,Safe,Sales
10827,0.4,0,Safe,Research & Development
10829,0.6,0,Safe,Research & Development
10833,0.7,0,Safe,Research & Development
10834,0.6,0,Safe,Research & Development
10835,0.7,0,Safe,Research & Development
10837,0.6,0,Safe,Research & Development
10841,0.4,0,Safe,Research & Development
10842,0.6,0,Safe,Research & Development
13199,2.3,0,Safe,Sales
13201,4.0,0,Safe,Sales
13204,3.9,0,Safe,Sales
13205,4.2,0,Safe,Sales
13207,2.3,0,Safe,Sales
13209,4.0,0,Safe,Sales
13212,3.9,0,Safe,Sales
13213,4.0,0,Safe,Sales
13469,0.5,0,Safe,Research & Development
13471,0.4,0,Safe,Research & Development
13474,0.5,0,Safe,Research & Development
13475,0.4,0,Safe,Research & Development
13477,0.5,0,Safe,Research & Development
13479,0.4,0,Safe,Research & Development
13482,0.5,0,Safe,Research & Development
13483,0.4,0,Safe,Research & Development
15023,17.2,0,Safe,Research & Development
15026,3.5,0,Safe,Research & Development
15029,17.2,0,Safe,Research & Development
15030,15.2,0,Safe,Research & Development
15031,8.9,0,Safe,Research & Development
15034,7.4,0,Safe,Research & Development
15037,17.2,0,Safe,Research & Development
15038,7.7,0,Safe,Research & Development
16155,0.5,0,Safe,Research & Development
16157,0.3,0,Safe,Research & Development
16161,0.3,0,Safe,Research & Development
16162,0.3,0,Safe,Research & Development
16163,0.5,0,Safe,Research & Development
16165,0.3,0,Safe,Research & Development
16169,0.3,0,Safe,Research & Development
16170,0.3,0,Safe,Research & Development
17733,2.5,0,Safe,Research & Development
17735,2.5,0,Safe,Research & Development
17738,2.0,0,Safe,Research & Development
17739,2.0,0,Safe,Research & Development
17741,2.5,0,Safe,Research & Development
17743,2.5,0,Safe,Research & Development
17746,2.5,0,Safe,Research & Development
17747,2.5,0,Safe,Research & Development
19269,17.7,0,Safe,Sales
19271,17.7,0,Safe,Sales
19274,17.7,0,Safe,Sales
19275,17.7,0,Safe,Sales
19277,17.7,0,Safe,Sales
19279,17.7,0,Safe,Sales
19282,16.8,0,Safe,Sales
19283,17.7,0,Safe,Sales
20795,2.3,0,Safe,Sales
20797,2.4,0,Safe,Sales
20801,1.3,0,Safe,Sales
20802,1.3,0,Safe,Sales
20803,1.4,0,Safe,Sales
20805,2.4,0,Safe,Sales
20809,1.3,0,Safe,Sales
20810,1.3,0,Safe,Sales
20939,2.7,0,Safe,Research & Development
20941,3.6,0,Safe,Research & Development
20945,2.7,0,Safe,Research & Development
20946,3.6,0,Safe,Research & Development
20947,3.6,0,Safe,Research & Development
20949,3.6,0,Safe,Research & Development
20953,2.7,0,Safe,Research & Development
20954,3.6,0,Safe,Research & Development
21973,12.8,0,Safe,Sales
21976,10.7,0,Safe,Sales
21979,12.8,0,Safe,Sales
21980,11.9,0,Safe,Sales
21981,12.8,0,Safe,Sales
21984,10.7,0,Safe,Sales
21987,12.8,0,Safe,Sales
21988,11.9,0,Safe,Sales
22278,3.4,0,Safe,Research & Development
22279,2.3,0,Safe,Research & Development
22283,3.4,0,Safe,Research & Development
22284,4.2,0,Safe,Research & Development
22286,3.4,0,Safe,Research & Development
22287,4.2,0,Safe,Research & Development
22291,1.9,0,Safe,Research & Development
22292,4.2,0,Safe,Research & Development
2320,23.5,0,Safe,Research & Development
2322,23.5,0,Safe,Research & Development
2325,23.0,0,Safe,Research & Development
2326,23.0,0,Safe,Research & Development
2328,23.5,0,Safe,Research & Development
2330,23.5,0,Safe,Research & Development
2333,23.5,0,Safe,Research & Development
2334,23.5,0,Safe,Research & Development
4134,20.5,0,Safe,Sales
4136,20.0,0,Safe,Sales
4139,20.5,0,Safe,Sales
4140,20.0,0,Safe,Sales
4142,28.9,0,Safe,Sales
4144,20.0,0,Safe,Sales
4147,28.9,0,Safe,Sales
4148,27.4,0,Safe,Sales
4426,52.9,1,HIGH RISK,Research & Development
4429,52.9,1,HIGH RISK,Research & Development
4432,52.9,1,HIGH RISK,Research & Development
4433,52.9,1,HIGH RISK,Research & Development
4434,31.4,0,Safe,Research & Development
4437,52.9,1,HIGH RISK,Research & Development
4440,52.9,1,HIGH RISK,Research & Development
4441,31.4,0,Safe,Research & Development
8603,10.8,0,Safe,Sales
8604,9.2,0,Safe,Sales
8606,10.4,0,Safe,Sales
8607,9.7,0,Safe,Sales
8613,10.8,0,Safe,Sales
8614,9.2,0,Safe,Sales
8616,9.2,0,Safe,Sales
9090,27.6,0,Safe,Sales
9093,32.8,0,Safe,Sales
9094,28.3,0,Safe,Sales
9097,32.8,0,Safe,Sales
9098,28.3,0,Safe,Sales
9101,32.0,0,Safe,Sales
9102,28.3,0,Safe,Sales
9104,32.8,0,Safe,Sales
18408,27.5,0,Safe,Sales
19554,20.4,0,Safe,Sales
19557,18.8,0,Safe,Sales
19560,20.4,0,Safe,Sales
19561,18.8,0,Safe,Sales
19562,13.5,0,Safe,Sales
19565,18.8,0,Safe,Sales
19568,13.5,0,Safe,Sales
19569,12.2,0,Safe,Sales
192,3.3,0,Safe,Sales
2705,3.6,0,Safe,Research & Development
2707,3.4,0,Safe,Research & Development
2710,3.6,0,Safe,Research & Development
2711,3.4,0,Safe,Research & Development
2713,4.0,0,Safe,Research & Development
2715,3.4,0,Safe,Research & Development
2718,4.0,0,Safe,Research & Development
2719,3.4,0,Safe,Research & Development
3107,11.0,0,Safe,Human Resources
4869,1.7,0,Safe,Sales
4871,1.5,0,Safe,Sales
4872,1.7,0,Safe,Sales
4873,1.5,0,Safe,Sales
4876,1.7,0,Safe,Sales
4878,1.3,0,Safe,Sales
4879,1.7,0,Safe,Sales
4880,1.5,0,Safe,Sales
5184,12.3,0,Safe,Sales
5185,3.7,0,Safe,Sales
5189,12.3,0,Safe,Sales
5190,11.7,0,Safe,Sales
5192,12.3,0,Safe,Sales
5193,4.9,0,Safe,Sales
5197,11.7,0,Safe,Sales
5340,0.3,0,Safe,Research & Development
5343,0.4,0,Safe,Research & Development
5346,0.3,0,Safe,Research & Development
5347,0.3,0,Safe,Research & Development
5348,0.4,0,Safe,Research & Development
5351,0.3,0,Safe,Research & Development
5354,0.3,0,Safe,Research & Development
5355,0.3,0,Safe,Research & Development
5622,2.8,0,Safe,Sales
5624,3.0,0,Safe,Sales
5628,2.7,0,Safe,Sales
5629,2.9,0,Safe,Sales
5630,2.7,0,Safe,Sales
5632,3.0,0,Safe,Sales
5636,2.7,0,Safe,Sales
5637,3.0,0,Safe,Sales
6896,14.0,0,Safe,Research & Development
6898,5.9,0,Safe,Research & Development
6902,14.0,0,Safe,Research & Development
6903,10.2,0,Safe,Research & Development
6905,7.4,0,Safe,Research & Development
6909,14.0,0,Safe,Research & Development
6910,10.2,0,Safe,Research & Development
8120,6.9,0,Safe,Human Resources
8122,7.7,0,Safe,Human Resources
8125,6.9,0,Safe,Human Resources
8126,7.7,0,Safe,Human Resources
8128,6.9,0,Safe,Human Resources
8130,6.0,0,Safe,Human Resources
8133,7.7,0,Safe,Human Resources
8375,1.9,0,Safe,Sales
8376,3.2,0,Safe,Sales
8378,3.2,0,Safe,Sales
8379,3.2,0,Safe,Sales
8383,1.9,0,Safe,Sales
8384,3.2,0,Safe,Sales
8386,3.2,0,Safe,Sales
8530,11.5,0,Safe,Sales
8533,19.0,0,Safe,Sales
8536,18.9,0,Safe,Sales
8537,22.6,0,Safe,Sales
8538,11.5,0,Safe,Sales
8539,16.2,0,Safe,Sales
8540,7.9,0,Safe,Sales
8543,22.6,0,Safe,Sales
8546,18.9,0,Safe,Sales
8547,19.0,0,Safe,Sales
8743,3.1,0,Safe,Sales
8746,0.9,0,Safe,Sales
8749,3.1,0,Safe,Sales
8750,1.7,0,Safe,Sales
8751,1.6,0,Safe,Sales
8754,1.7,0,Safe,Sales
8757,3.1,0,Safe,Sales
8758,1.7,0,Safe,Sales
9091,5.8,0,Safe,Research & Development
9092,11.9,0,Safe,Research & Development
9095,11.0,0,Safe,Research & Development
9096,11.9,0,Safe,Research & Development
9099,5.8,0,Safe,Research & Development
9100,9.2,0,Safe,Research & Development
9103,11.9,0,Safe,Research & Development
9192,1.9,0,Safe,Research & Development
9193,0.9,0,Safe,Research & Development
9197,1.9,0,Safe,Research & Development
9198,1.5,0,Safe,Research & Development
9200,1.7,0,Safe,Research & Development
9201,0.9,0,Safe,Research & Development
9205,1.6,0,Safe,Research & Development
9508,1.3,0,Safe,Research & Development
9510,2.7,0,Safe,Research & Development
9512,2.7,0,Safe,Research & Development
9513,2.7,0,Safe,Research & Development
9516,1.7,0,Safe,Research & Development
9518,2.7,0,Safe,Research & Development
9520,2.7,0,Safe,Research & Development
9521,2.1,0,Safe,Research & Development
10445,8.0,0,Safe,Sales
10447,15.3,0,Safe,Sales
10451,8.0,0,Safe,Sales
10452,8.6,0,Safe,Sales
10453,8.0,0,Safe,Sales
10455,15.3,0,Safe,Sales
10459,8.0,0,Safe,Sales
10460,8.6,0,Safe,Sales
10680,6.7,0,Safe,Sales
10682,7.4,0,Safe,Sales
10686,6.9,0,Safe,Sales
10687,7.4,0,Safe,Sales
10688,6.9,0,Safe,Sales
10691,7.4,0,Safe,Sales
10695,6.9,0,Safe,Sales
10696,7.4,0,Safe,Sales
11164,44.6,1,HIGH RISK,Sales
11166,29.8,0,Safe,Sales
11169,44.6,1,HIGH RISK,Sales
11170,47.5,1,HIGH RISK,Sales
11172,39.1,0,Safe,Sales
11174,29.8,0,Safe,Sales
11177,41.9,0,Safe,Sales
11351,5.9,0,Safe,Research & Development
11354,9.1,0,Safe,Research & Development
11357,8.6,0,Safe,Research & Development
11358,8.6,0,Safe,Research & Development
11359,5.6,0,Safe,Research & Development
11362,8.6,0,Safe,Research & Development
11364,6.2,0,Safe,Research & Development
11365,8.6,0,Safe,Research & Development
11429,5.9,0,Safe,Sales
11430,7.7,0,Safe,Sales
11434,7.4,0,Safe,Sales
11435,7.7,0,Safe,Sales
11437,5.9,0,Safe,Sales
11438,5.6,0,Safe,Sales
11442,7.7,0,Safe,Sales
11535,7.9,0,Safe,Sales
11538,12.8,0,Safe,Sales
11539,10.0,0,Safe,Sales
11540,11.8,0,Safe,Sales
11544,11.8,0,Safe,Sales
11545,10.0,0,Safe,Sales
11546,11.8,0,Safe,Sales
11841,19.1,0,Safe,Sales
12092,3.7,0,Safe,Sales
12175,5.3,0,Safe,Sales
12176,8.3,0,Safe,Sales
12180,7.0,0,Safe,Sales
12181,8.3,0,Safe,Sales
12183,5.4,0,Safe,Sales
12184,8.3,0,Safe,Sales
12188,6.5,0,Safe,Sales
14559,5.2,0,Safe,Sales
14560,4.4,0,Safe,Sales
14564,5.2,0,Safe,Sales
14565,4.4,0,Safe,Sales
14567,5.2,0,Safe,Sales
14568,6.1,0,Safe,Sales
14572,4.4,0,Safe,Sales
14945,5.0,0,Safe,Research & Development
14947,5.0,0,Safe,Research & Development
14950,5.0,0,Safe,Research & Development
14951,5.0,0,Safe,Research & Development
14953,5.0,0,Safe,Research & Development
14955,5.0,0,Safe,Research & Development
14958,5.0,0,Safe,Research & Development
15221,39.3,0,Safe,Research & Development
15462,2.6,0,Safe,Sales
15463,3.7,0,Safe,Sales
15467,4.2,0,Safe,Sales
15468,3.7,0,Safe,Sales
15470,4.2,0,Safe,Sales
15471,3.7,0,Safe,Sales
15475,3.7,0,Safe,Sales
16247,1.9,0,Safe,Research & Development
16249,2.1,0,Safe,Research & Development
16252,3.1,0,Safe,Research & Development
16253,2.1,0,Safe,Research & Development
16255,1.4,0,Safe,Research & Development
16257,2.1,0,Safe,Research & Development
16260,2.4,0,Safe,Research & Development
16261,2.9,0,Safe,Research & Development
16325,22.3,0,Safe,Research & Development
16327,19.0,0,Safe,Research & Development
16331,22.3,0,Safe,Research & Development
16332,19.0,0,Safe,Research & Development
16333,22.3,0,Safe,Research & Development
16335,11.1,0,Safe,Research & Development
16339,22.3,0,Safe,Research & Development
16340,17.9,0,Safe,Research & Development
16389,1.5,0,Safe,Research & Development
16391,1.7,0,Safe,Research & Development
16395,1.5,0,Safe,Research & Development
16396,1.9,0,Safe,Research & Development
16397,1.5,0,Safe,Research & Development
16399,1.7,0,Safe,Research & Development
16403,1.5,0,Safe,Research & Development
16404,1.7,0,Safe,Research & Development
17078,3.7,0,Safe,Sales
17081,7.0,0,Safe,Sales
17084,5.6,0,Safe,Sales
17085,7.0,0,Safe,Sales
17086,3.4,0,Safe,Sales
17089,7.0,0,Safe,Sales
17091,5.6,0,Safe,Sales
17092,7.0,0,Safe,Sales
17285,3.4,0,Safe,Research & Development
17764,9.0,0,Safe,Research & Development
17766,8.4,0,Safe,Research & Development
17769,9.0,0,Safe,Research & Development
17770,9.0,0,Safe,Research & Development
17773,8.4,0,Safe,Research & Development
17776,9.0,0,Safe,Research & Development
17777,8.4,0,Safe,Research & Development
18002,3.4,0,Safe,Sales
18004,3.4,0,Safe,Sales
18005,3.4,0,Safe,Sales
18006,3.4,0,Safe,Sales
18010,3.4,0,Safe,Sales
18012,3.4,0,Safe,Sales
18013,3.4,0,Safe,Sales
18014,3.4,0,Safe,Sales
18355,6.6,0,Safe,Sales
18441,0.7,0,Safe,Human Resources
18444,0.7,0,Safe,Human Resources
18447,0.8,0,Safe,Human Resources
18448,0.7,0,Safe,Human Resources
18449,0.8,0,Safe,Human Resources
18452,0.7,0,Safe,Human Resources
18455,0.7,0,Safe,Human Resources
18456,0.7,0,Safe,Human Resources
18542,12.5,0,Safe,Research & Development
18581,15.0,0,Safe,Sales
18806,12.3,0,Safe,Sales
19098,2.6,0,Safe,Sales
19101,1.8,0,Safe,Sales
19102,2.6,0,Safe,Sales
19103,1.8,0,Safe,Sales
19105,2.6,0,Safe,Sales
19108,1.8,0,Safe,Sales
19109,2.6,0,Safe,Sales
19110,1.8,0,Safe,Sales
19730,2.4,0,Safe,Sales
19732,3.6,0,Safe,Sales
19736,4.3,0,Safe,Sales
19737,3.6,0,Safe,Sales
19738,2.7,0,Safe,Sales
19740,3.6,0,Safe,Sales
19744,4.3,0,Safe,Sales
19745,3.6,0,Safe,Sales
19779,7.3,0,Safe,Research & Development
19781,7.3,0,Safe,Research & Development
19784,7.3,0,Safe,Research & Development
19785,7.3,0,Safe,Research & Development
19787,7.3,0,Safe,Research & Development
19789,7.3,0,Safe,Research & Development
19792,7.3,0,Safe,Research & Development
19793,7.3,0,Safe,Research & Development
19811,8.1,0,Safe,Research & Development
19812,6.0,0,Safe,Research & Development
19816,5.0,0,Safe,Research & Development
19817,5.0,0,Safe,Research & Development
19819,8.1,0,Safe,Research & Development
19820,7.7,0,Safe,Research & Development
19824,5.0,0,Safe,Research & Development
19825,5.0,0,Safe,Research & Development
20556,13.3,0,Safe,Research & Development
20558,13.5,0,Safe,Research & Development
20561,5.0,0,Safe,Research & Development
20562,4.8,0,Safe,Research & Development
20564,13.3,0,Safe,Research & Development
20566,4.8,0,Safe,Research & Development
20569,13.3,0,Safe,Research & Development
20570,13.5,0,Safe,Research & Development
20827,1.1,0,Safe,Research & Development
20829,2.4,0,Safe,Research & Development
20833,2.2,0,Safe,Research & Development
20834,2.4,0,Safe,Research & Development
20835,2.2,0,Safe,Research & Development
20837,2.4,0,Safe,Research & Development
20841,2.2,0,Safe,Research & Development
20308,2.4,0,Safe,Research & Development
21114,1.7,0,Safe,Research & Development
21116,2.6,0,Safe,Research & Development
21120,2.9,0,Safe,Research & Development
21121,2.6,0,Safe,Research & Development
21122,2.9,0,Safe,Research & Development
21124,2.6,0,Safe,Research & Development
21128,2.9,0,Safe,Research & Development
21129,1.6,0,Safe,Research & Development
21902,3.4,0,Safe,Research & Development
21905,2.9,0,Safe,Research & Development
21906,3.4,0,Safe,Research & Development
21907,2.9,0,Safe,Research & Development
21910,2.2,0,Safe,Research & Development
21913,1.8,0,Safe,Research & Development
21914,2.2,0,Safe,Research & Development
21915,2.9,0,Safe,Research & Development
21956,40.2,0,Safe,Sales
22611,2.8,0,Safe,Research & Development
22614,1.8,0,Safe,Research & Development
22617,1.9,0,Safe,Research & Development
22618,3.1,0,Safe,Research & Development
22619,2.8,0,Safe,Research & Development
22622,4.3,0,Safe,Research & Development
22625,1.9,0,Safe,Research & Development
22626,3.1,0,Safe,Research & Development
22727,3.1,0,Safe,Research & Development
22729,3.4,0,Safe,Research & Development
22733,3.1,0,Safe,Research & Development
22734,3.4,0,Safe,Research & Development
22735,3.1,0,Safe,Research & Development
22737,2.6,0,Safe,Research & Development
22741,2.4,0,Safe,Research & Development
22742,3.4,0,Safe,Research & Development
22808,4.9,0,Safe,Research & Development
22812,5.0,0,Safe,Research & Development
22813,4.9,0,Safe,Research & Development
22815,4.9,0,Safe,Research & Development
22816,4.9,0,Safe,Research & Development
22820,4.9,0,Safe,Research & Development
22821,4.9,0,Safe,Research & Development
23429,4.4,0,Safe,Research & Development
23430,4.4,0,Safe,Research & Development
23434,4.4,0,Safe,Research & Development
23435,3.2,0,Safe,Research & Development
23437,3.3,0,Safe,Research & Development
23438,4.4,0,Safe,Research & Development
23442,4.4,0,Safe,Research & Development
23443,3.2,0,Safe,Research & Development
23510,5.0,0,Safe,Research & Development
2430,34.6,0,Safe,Research & Development
2432,34.6,0,Safe,Research & Development
2435,34.6,0,Safe,Research & Development
2436,40.7,0,Safe,Research & Development
2438,40.7,0,Safe,Research & Development
2440,40.7,0,Safe,Research & Development
2443,34.6,0,Safe,Research & Development
2444,40.7,0,Safe,Research & Development
3104,45.3,1,HIGH RISK,Human Resources
4672,16.6,0,Safe,Research & Development
4675,14.1,0,Safe,Research & Development
4678,17.8,0,Safe,Research & Development
4679,15.3,0,Safe,Research & Development
4680,17.8,0,Safe,Research & Development
4683,16.8,0,Safe,Research & Development
4686,17.8,0,Safe,Research & Development
4687,15.3,0,Safe,Research & Development
6084,53.2,1,HIGH RISK,Research & Development
6085,65.8,1,HIGH RISK,Research & Development
6087,61.6,1,HIGH RISK,Research & Development
6088,65.8,1,HIGH RISK,Research & Development
6092,53.2,1,HIGH RISK,Research & Development
6093,51.8,1,HIGH RISK,Research & Development
6095,61.6,1,HIGH RISK,Research & Development
6096,65.8,1,HIGH RISK,Research & Development
6777,66.7,1,HIGH RISK,Research & Development
6779,69.0,1,HIGH RISK,Research & Development
6782,66.7,1,HIGH RISK,Research & Development
6783,69.0,1,HIGH RISK,Research & Development
6784,53.0,1,HIGH RISK,Research & Development
6786,69.0,1,HIGH RISK,Research & Development
6789,66.7,1,HIGH RISK,Research & Development
6790,69.0,1,HIGH RISK,Research & Development
12656,32.3,0,Safe,Human Resources
12658,28.1,0,Safe,Human Resources
12662,37.2,0,Safe,Human Resources
12663,28.1,0,Safe,Human Resources
12664,32.3,0,Safe,Human Resources
12666,24.4,0,Safe,Human Resources
12670,37.2,0,Safe,Human Resources
13737,14.0,0,Safe,Research & Development
13740,16.0,0,Safe,Research & Development
13741,18.3,0,Safe,Research & Development
13742,20.0,0,Safe,Research & Development
13745,18.3,0,Safe,Research & Development
13748,20.0,0,Safe,Research & Development
13749,18.3,0,Safe,Research & Development
13750,20.0,0,Safe,Research & Development
14864,86.0,1,HIGH RISK,Research & Development
14867,68.0,1,HIGH RISK,Research & Development
14870,86.0,1,HIGH RISK,Research & Development
14871,86.0,1,HIGH RISK,Research & Development
14872,86.0,1,HIGH RISK,Research & Development
14875,83.8,1,HIGH RISK,Research & Development
14878,86.0,1,HIGH RISK,Research & Development
14879,86.0,1,HIGH RISK,Research & Development
15270,32.0,0,Safe,Research & Development
15272,30.6,0,Safe,Research & Development
15276,32.0,0,Safe,Research & Development
15277,30.6,0,Safe,Research & Development
15278,32.0,0,Safe,Research & Development
15280,20.8,0,Safe,Research & Development
15284,21.9,0,Safe,Research & Development
16713,34.5,0,Safe,Human Resources
16714,34.2,0,Safe,Human Resources
16716,34.5,0,Safe,Human Resources
16717,33.2,0,Safe,Human Resources
16721,34.5,0,Safe,Human Resources
16722,34.2,0,Safe,Human Resources
16724,31.8,0,Safe,Human Resources
16725,33.2,0,Safe,Human Resources
17353,57.9,1,HIGH RISK,Research & Development
17355,77.6,1,HIGH RISK,Research & Development
17358,71.4,1,HIGH RISK,Research & Development
17359,77.6,1,HIGH RISK,Research & Development
17361,57.9,1,HIGH RISK,Research & Development
17363,77.6,1,HIGH RISK,Research & Development
17366,71.4,1,HIGH RISK,Research & Development
17367,77.6,1,HIGH RISK,Research & Development
19145,32.9,0,Safe,Research & Development
19146,33.5,0,Safe,Research & Development
19150,32.9,0,Safe,Research & Development
19151,33.5,0,Safe,Research & Development
19153,22.1,0,Safe,Research & Development
19154,33.5,0,Safe,Research & Development
19158,32.9,0,Safe,Research & Development
19159,33.5,0,Safe,Research & Development
20443,32.7,0,Safe,Research & Development
20445,36.5,0,Safe,Research & Development
20449,32.7,0,Safe,Research & Development
20450,36.5,0,Safe,Research & Development
20451,32.7,0,Safe,Research & Development
20453,36.5,0,Safe,Research & Development
20457,32.7,0,Safe,Research & Development
20458,36.5,0,Safe,Research & Development
21953,7.1,0,Safe,Research & Development
104,2.8,0,Safe,Research & Development
179,5.4,0,Safe,Research & Development
189,47.1,1,HIGH RISK,Human Resources
209,13.4,0,Safe,Research & Development
359,31.6,0,Safe,Human Resources
360,35.3,0,Safe,Human Resources
364,31.6,0,Safe,Human Resources
365,35.3,0,Safe,Human Resources
372,31.6,0,Safe,Human Resources
375,35.3,0,Safe,Human Resources
379,31.6,0,Safe,Human Resources
380,35.3,0,Safe,Human Resources
577,0.4,0,Safe,Research & Development
579,0.2,0,Safe,Research & Development
581,0.4,0,Safe,Research & Development
582,0.3,0,Safe,Research & Development
585,0.4,0,Safe,Research & Development
586,7.2,0,Safe,Research & Development
587,9.2,0,Safe,Research & Development
589,0.2,0,Safe,Research & Development
591,0.4,0,Safe,Research & Development
592,0.3,0,Safe,Research & Development
627,22.2,0,Safe,Research & Development
629,17.5,0,Safe,Research & Development
633,22.2,0,Safe,Research & Development
634,18.9,0,Safe,Research & Development
635,22.2,0,Safe,Research & Development
637,18.9,0,Safe,Research & Development
641,22.2,0,Safe,Research & Development
642,18.9,0,Safe,Research & Development
967,6.4,0,Safe,Sales
969,3.4,0,Safe,Sales
973,3.6,0,Safe,Sales
974,3.4,0,Safe,Sales
975,6.4,0,Safe,Sales
977,3.0,0,Safe,Sales
981,3.2,0,Safe,Sales
982,3.0,0,Safe,Sales
1691,3.5,0,Safe,Research & Development
1694,6.1,0,Safe,Research & Development
1697,6.9,0,Safe,Research & Development
1698,6.1,0,Safe,Research & Development
1701,6.7,0,Safe,Research & Development
1706,6.3,0,Safe,Research & Development
3686,4.1,0,Safe,Human Resources
3687,4.2,0,Safe,Human Resources
3689,4.1,0,Safe,Human Resources
3690,4.2,0,Safe,Human Resources
3694,4.1,0,Safe,Human Resources
3695,4.2,0,Safe,Human Resources
3697,3.3,0,Safe,Human Resources
3698,3.2,0,Safe,Human Resources
4587,6.1,0,Safe,Research & Development
4589,5.2,0,Safe,Research & Development
4592,3.4,0,Safe,Research & Development
4593,2.7,0,Safe,Research & Development
4595,4.0,0,Safe,Research & Development
4597,5.2,0,Safe,Research & Development
4600,3.4,0,Safe,Research & Development
4601,2.7,0,Safe,Research & Development
4809,4.0,0,Safe,Research & Development
4810,6.6,0,Safe,Research & Development
4814,6.6,0,Safe,Research & Development
4815,6.6,0,Safe,Research & Development
4816,6.6,0,Safe,Research & Development
4817,6.6,0,Safe,Research & Development
4821,6.6,0,Safe,Research & Development
4822,6.6,0,Safe,Research & Development
6131,12.6,0,Safe,Research & Development
,12.8,0,Safe,Research & Development
6134,16.5,0,Safe,Research & Development
6135,14.2,0,Safe,Research & Development
6142,16.5,0,Safe,Research & Development
6144,14.2,0,Safe,Research & Development
6145,16.5,0,Safe,Research & Development
6146,14.2,0,Safe,Research & Development
6326,7.5,0,Safe,Research & Development
6328,6.3,0,Safe,Research & Development
6331,5.2,0,Safe,Research & Development
6332,5.2,0,Safe,Research & Development
6334,7.5,0,Safe,Research & Development
6336,6.3,0,Safe,Research & Development
6339,3.8,0,Safe,Research & Development
6563,6.5,0,Safe,Research & Development
6565,3.9,0,Safe,Research & Development
6566,6.5,0,Safe,Research & Development
6567,5.3,0,Safe,Research & Development
6571,6.5,0,Safe,Research & Development
6573,3.9,0,Safe,Research & Development
6574,6.5,0,Safe,Research & Development
6575,5.3,0,Safe,Research & Development
7361,10.6,0,Safe,Research & Development
7362,9.0,0,Safe,Research & Development
7366,9.9,0,Safe,Research & Development
7367,10.7,0,Safe,Research & Development
7369,9.0,0,Safe,Research & Development
7373,9.9,0,Safe,Research & Development
7374,10.7,0,Safe,Research & Development
7376,8.1,0,Safe,Research & Development
7378,9.7,0,Safe,Research & Development
7381,12.2,0,Safe,Research & Development
7382,6.4,0,Safe,Research & Development
7385,9.7,0,Safe,Research & Development
7388,12.2,0,Safe,Research & Development
7389,6.4,0,Safe,Research & Development
7590,3.7,0,Safe,Research & Development
7592,4.8,0,Safe,Research & Development
7593,3.7,0,Safe,Research & Development
7594,3.3,0,Safe,Research & Development
7598,2.5,0,Safe,Research & Development
7600,3.3,0,Safe,Research & Development
7601,3.7,0,Safe,Research & Development
7602,4.8,0,Safe,Research & Development
7896,32.5,0,Safe,Human Resources
7898,21.3,0,Safe,Human Resources
7902,32.5,0,Safe,Human Resources
7903,30.3,0,Safe,Human Resources
7904,23.0,0,Safe,Human Resources
7906,30.3,0,Safe,Human Resources
7910,32.5,0,Safe,Human Resources
7959,1.1,0,Safe,Research & Development
7962,0.8,0,Safe,Research & Development
7965,0.8,0,Safe,Research & Development
7966,1.1,0,Safe,Research & Development
7967,1.1,0,Safe,Research & Development
7970,0.9,0,Safe,Research & Development
7973,1.1,0,Safe,Research & Development
7974,1.1,0,Safe,Research & Development
8477,28.5,0,Safe,Human Resources
8479,51.7,1,HIGH RISK,Human Resources
8482,51.7,1,HIGH RISK,Human Resources
8483,51.7,1,HIGH RISK,Human Resources
8487,36.2,0,Safe,Human Resources
8489,51.7,1,HIGH RISK,Human Resources
8492,51.7,1,HIGH RISK,Human Resources
8493,43.5,0,Safe,Human Resources
8549,11.3,0,Safe,Research & Development
8550,4.3,0,Safe,Research & Development
8554,4.5,0,Safe,Research & Development
8555,6.4,0,Safe,Research & Development
8559,7.5,0,Safe,Research & Development
8560,6.4,0,Safe,Research & Development
8564,6.5,0,Safe,Research & Development
8565,6.4,0,Safe,Research & Development
8727,11.1,0,Safe,Research & Development
8730,9.9,0,Safe,Research & Development
8731,11.1,0,Safe,Research & Development
8732,9.9,0,Safe,Research & Development
8735,11.1,0,Safe,Research & Development
8738,9.9,0,Safe,Research & Development
8739,11.1,0,Safe,Research & Development
8740,9.9,0,Safe,Research & Development
9445,5.1,0,Safe,Research & Development
9446,4.3,0,Safe,Research & Development
9448,5.1,0,Safe,Research & Development
9449,2.5,0,Safe,Research & Development
9453,3.2,0,Safe,Research & Development
9454,4.3,0,Safe,Research & Development
9456,5.1,0,Safe,Research & Development
9457,4.3,0,Safe,Research & Development
9907,5.0,0,Safe,Research & Development
9909,7.4,0,Safe,Research & Development
9913,17.7,0,Safe,Research & Development
9914,10.7,0,Safe,Research & Development
9915,6.9,0,Safe,Research & Development
9917,10.7,0,Safe,Research & Development
9921,13.5,0,Safe,Research & Development
9922,7.4,0,Safe,Research & Development
10128,4.6,0,Safe,Research & Development
10131,4.1,0,Safe,Research & Development
10134,3.2,0,Safe,Research & Development
10135,2.5,0,Safe,Research & Development
10136,4.6,0,Safe,Research & Development
10139,4.1,0,Safe,Research & Development
10142,2.7,0,Safe,Research & Development
10256,7.6,0,Safe,
10258,7.6,0,Safe,Sales
10259,4.6,0,Safe,Sales
10260,7.6,0,Safe,Sales
10264,7.6,0,Safe,Sales
10266,7.6,0,Safe,Sales
10267,7.6,0,Safe,Sales
10268,7.6,0,Safe,Sales
10561,8.6,0,Safe,Research & Development
10564,11.4,0,Safe,Research & Development
10567,8.6,0,Safe,Research & Development
10568,11.4,0,Safe,Research & Development
10569,10.1,0,Safe,Research & Development
10573,10.3,0,Safe,Research & Development
10576,8.6,0,Safe,Research & Development
10577,11.4,0,Safe,Research & Development
11758,8.3,0,Safe,Sales
11759,8.3,0,Safe,Sales
11763,8.3,0,Safe,Sales
11764,8.3,0,Safe,Sales
11766,8.3,0,Safe,Sales
11767,4.5,0,Safe,Sales
11771,8.3,0,Safe,Sales
11838,8.4,0,Safe,Human Resources
12024,1.9,0,Safe,Sales
12027,2.2,0,Safe,Sales
12030,1.9,0,Safe,Sales
12031,2.2,0,Safe,Sales
12032,1.9,0,Safe,Sales
12035,2.2,0,Safe,Sales
12038,1.9,0,Safe,Sales
12039,2.2,0,Safe,Sales
12089,6.9,0,Safe,Research & Development
12096,35.1,0,Safe,Sales
12097,45.9,1,HIGH RISK,Sales
12101,35.1,0,Safe,Sales
12102,45.9,1,HIGH RISK,Sales
12104,35.1,0,Safe,Sales
12105,45.9,1,HIGH RISK,Sales
12109,35.1,0,Safe,Sales
12110,45.9,1,HIGH RISK,Sales
12816,0.7,0,Safe,Research & Development
12818,1.5,0,Safe,Research & Development
12821,0.7,0,Safe,Research & Development
12822,1.5,0,Safe,Research & Development
12824,1.4,0,Safe,Research & Development
12826,1.5,0,Safe,Research & Development
12829,1.4,0,Safe,Research & Development
12830,1.5,0,Safe,Research & Development
13215,9.0,0,Safe,Research & Development
13216,8.0,0,Safe,Research & Development
13220,9.0,0,Safe,Research & Development
13221,7.4,0,Safe,Research & Development
13223,9.0,0,Safe,Research & Development
13224,8.0,0,Safe,Research & Development
13228,8.4,0,Safe,Research & Development
13816,6.1,0,Safe,Research & Development
13818,5.9,0,Safe,Research & Development
13822,4.5,0,Safe,Research & Development
13823,4.5,0,Safe,Research & Development
13824,6.1,0,Safe,Research & Development
13826,5.9,0,Safe,Research & Development
13830,6.1,0,Safe,Research & Development
13831,5.9,0,Safe,Research & Development
14023,0.7,0,Safe,Research & Development
14026,1.1,0,Safe,Research & Development
14029,0.7,0,Safe,Research & Development
14030,0.5,0,Safe,Research & Development
14031,0.6,0,Safe,Research & Development
14034,1.1,0,Safe,Research & Development
14037,0.7,0,Safe,Research & Development
14038,0.6,0,Safe,Research & Development
14272,7.4,0,Safe,Research & Development
14274,9.9,0,Safe,Research & Development
14278,9.3,0,Safe,Research & Development
14279,9.9,0,Safe,Research & Development
14280,7.4,0,Safe,Research & Development
14282,9.9,0,Safe,Research & Development
14286,9.3,0,Safe,Research & Development
14287,9.9,0,Safe,Research & Development
14526,4.4,0,Safe,Sales
14528,1.7,0,Safe,Sales
14532,4.4,0,Safe,Sales
14533,3.4,0,Safe,Sales
14534,4.4,0,Safe,Sales
14536,1.7,0,Safe,Sales
14540,4.4,0,Safe,Sales
14541,3.4,0,Safe,Sales
14769,0.8,0,Safe,Research & Development
14772,0.6,0,Safe,Research & Development
14775,0.6,0,Safe,Research & Development
14776,0.8,0,Safe,Research & Development
14777,0.6,0,Safe,Research & Development
14780,0.6,0,Safe,Research & Development
14782,0.6,0,Safe,Research & Development
14783,0.6,0,Safe,Research & Development
15218,46.7,1,HIGH RISK,Research & Development
15446,19.0,0,Safe,Research & Development
15448,12.4,0,Safe,Research & Development
15451,10.3,0,Safe,Research & Development
15452,21.0,0,Safe,Research & Development
15454,19.0,0,Safe,Research & Development
15456,21.0,0,Safe,Research & Development
15459,10.3,0,Safe,Research & Development
15460,21.0,0,Safe,Research & Development
15839,8.8,0,Safe,Research & Development
15841,4.5,0,Safe,Research & Development
15844,11.4,0,Safe,Research & Development
15845,9.4,0,Safe,Research & Development
15847,11.4,0,Safe,Research & Development
15849,4.5,0,Safe,Research & Development
15852,11.4,0,Safe,Research & Development
15853,9.4,0,Safe,Research & Development
16508,2.7,0,Safe,Sales
16510,1.7,0,Safe,Sales
16511,2.7,0,Safe,Sales
16512,2.7,0,Safe,Sales
16516,2.7,0,Safe,Sales
16518,2.7,0,Safe,Sales
16519,2.7,0,Safe,Sales
16520,2.7,0,Safe,Sales
16681,11.0,0,Safe,Research & Development
16683,11.2,0,Safe,Research & Development
16687,12.1,0,Safe,Research & Development
16688,11.2,0,Safe,Research & Development
16689,9.5,0,Safe,Research & Development
16691,11.2,0,Safe,Research & Development
16695,12.1,0,Safe,Research & Development
16744,13.7,0,Safe,Research & Development
16746,12.2,0,Safe,Research & Development
16750,11.0,0,Safe,Research & Development
16751,14.6,0,Safe,Research & Development
16752,13.7,0,Safe,Research & Development
16754,14.6,0,Safe,Research & Development
16758,13.7,0,Safe,Research & Development
16759,14.6,0,Safe,Research & Development
16824,28.8,0,Safe,Sales
16826,22.1,0,Safe,Sales
16830,13.5,0,Safe,Sales
16831,22.1,0,Safe,Sales
16832,13.5,0,Safe,Sales
16834,10.6,0,Safe,Sales
16838,28.8,0,Safe,Sales
16839,22.1,0,Safe,Sales
16998,14.8,0,Safe,Research & Development
17000,7.4,0,Safe,Research & Development
17004,14.8,0,Safe,Research & Development
17005,12.0,0,Safe,Research & Development
17006,14.8,0,Safe,Research & Development
17008,7.4,0,Safe,Research & Development
17011,14.8,0,Safe,Research & Development
17012,11.7,0,Safe,Research & Development
17250,0.7,0,Safe,Research & Development
17253,1.1,0,Safe,Research & Development
17254,0.9,0,Safe,Research & Development
17255,0.9,0,Safe,Research & Development
17258,0.5,0,Safe,Research & Development
17261,1.1,0,Safe,Research & Development
17262,1.1,0,Safe,Research & Development
17263,1.1,0,Safe,Research & Development
17282,1.1,0,Safe,Research & Development
17973,5.2,0,Safe,Research & Development
17977,10.6,0,Safe,Research & Development
17978,10.4,0,Safe,Research & Development
17980,5.2,0,Safe,Research & Development
17983,10.6,0,Safe,Research & Development
17984,10.4,0,Safe,Research & Development
18215,0.4,0,Safe,Research & Development
18217,0.4,0,Safe,Research & Development
18221,0.3,0,Safe,Research & Development
18222,0.4,0,Safe,Research & Development
18224,0.4,0,Safe,Research & Development
18228,0.4,0,Safe,Research & Development
18229,0.4,0,Safe,Research & Development
18276,4.5,0,Safe,Research & Development
18278,4.1,0,Safe,Research & Development
18281,4.5,0,Safe,Research & Development
18282,4.1,0,Safe,Research & Development
18283,4.0,0,Safe,Research & Development
18285,4.1,0,Safe,Research & Development
18288,4.5,0,Safe,Research & Development
18289,4.1,0,Safe,Research & Development
18352,33.7,0,Safe,Research & Development
18405,16.7,0,Safe,Human Resources
18539,19.2,0,Safe,Research & Development
18578,28.9,0,Safe,Research & Development
18628,53.9,1,HIGH RISK,Human Resources
18630,50.5,1,HIGH RISK,Human Resources
18634,48.3,1,HIGH RISK,Human Resources
18635,50.5,1,HIGH RISK,Human Resources
18636,53.9,1,HIGH RISK,Human Resources
18638,50.5,1,HIGH RISK,Human Resources
18642,53.9,1,HIGH RISK,Human Resources
18803,24.8,0,Safe,Sales
19191,4.6,0,Safe,Human Resources
19193,5.7,0,Safe,Human Resources
19197,6.9,0,Safe,Human Resources
19198,5.7,0,Safe,Human Resources
19199,6.9,0,Safe,Human Resources
19201,5.7,0,Safe,Human Resources
19205,6.9,0,Safe,Human Resources
19410,28.8,0,Safe,Research & Development
19412,27.2,0,Safe,Research & Development
19416,28.8,0,Safe,Research & Development
19417,18.7,0,Safe,Research & Development
19418,28.8,0,Safe,Research & Development
19420,27.2,0,Safe,Research & Development
19424,19.9,0,Safe,Research & Development
19425,27.2,0,Safe,Research & Development
19906,4.3,0,Safe,Research & Development
19907,4.3,0,Safe,Research & Development
19911,4.3,0,Safe,Research & Development
19912,4.3,0,Safe,Research & Development
19914,4.3,0,Safe,Research & Development
19915,4.3,0,Safe,Research & Development
19919,2.6,0,Safe,Research & Development
20126,11.6,0,Safe,Research & Development
20127,10.3,0,Safe,Research & Development
20131,11.6,0,Safe,Research & Development
20132,6.1,0,Safe,Research & Development
20134,11.6,0,Safe,Research & Development
20135,10.3,0,Safe,Research & Development
20139,11.6,0,Safe,Research & Development
20140,6.1,0,Safe,Research & Development
20492,2.7,0,Safe,Research & Development
20493,7.2,0,Safe,Research & Development
20497,3.9,0,Safe,Research & Development
20498,4.0,0,Safe,Research & Development
20500,2.7,0,Safe,Research & Development
20501,7.2,0,Safe,Research & Development
20505,7.4,0,Safe,Research & Development
20506,4.0,0,Safe,Research & Development
20876,2.3,0,Safe,Research & Development
20878,2.6,0,Safe,Research & Development
20881,2.3,0,Safe,Research & Development
20882,2.6,0,Safe,Research & Development
20884,2.3,0,Safe,Research & Development
20886,2.6,0,Safe,Research & Development
20889,2.3,0,Safe,Research & Development
20890,2.6,0,Safe,Research & Development
21608,12.9,0,Safe,Research & Development
21610,11.5,0,Safe,Research & Development
21614,6.6,0,Safe,Research & Development
21615,11.5,0,Safe,Research & Development
21616,12.9,0,Safe,Research & Development
21618,11.5,0,Safe,Research & Development
21622,12.9,0,Safe,Research & Development
21623,5.5,0,Safe,Research & Development
22952,40.7,0,Safe,Research & Development
22954,21.8,0,Safe,Research & Development
22958,40.7,0,Safe,Research & Development
22959,36.2,0,Safe,Research & Development
22960,40.7,0,Safe,Research & Development
22962,21.8,0,Safe,Research & Development
22966,40.7,0,Safe,Research & Development
22967,36.2,0,Safe,Research & Development
23509,12.1,0,Safe,Research & Development
2881,41.9,0,Safe,Sales
2883,42.7,0,Safe,Sales
2884,32.1,0,Safe,Sales
2885,37.7,0,Safe,Sales
2889,21.8,0,Safe,Sales
2396,42.7,0,Safe,Sales
2892,32.1,0,Safe,Sales
2893,37.7,0,Safe,Sales
5529,29.5,0,Safe,Research & Development
5530,32.6,0,Safe,Research & Development
5532,16.1,0,Safe,Research & Development
5533,23.0,0,Safe,Research & Development
5537,7.0,0,Safe,Research & Development
5538,32.6,0,Safe,Research & Development
5540,37.1,0,Safe,Research & Development
5541,47.9,1,HIGH RISK,Research & Development
5781,26.5,0,Safe,Sales
5783,32.8,0,Safe,Sales
5785,17.7,0,Safe,Sales
5786,6.6,0,Safe,Sales
5789,9.4,0,Safe,Sales
5791,32.8,0,Safe,Sales
5793,17.7,0,Safe,Sales
5794,17.1,0,Safe,Sales
5987,87.2,1,HIGH RISK,Sales
5989,92.0,1,HIGH RISK,Sales
5991,83.1,1,HIGH RISK,Sales
5992,75.2,1,HIGH RISK,Sales
5995,87.2,1,HIGH RISK,Sales
5997,92.0,1,HIGH RISK,Sales
5999,83.1,1,HIGH RISK,Sales
6000,91.2,1,HIGH RISK,Sales
6531,58.8,1,HIGH RISK,Research & Development
6532,48.5,1,HIGH RISK,Research & Development
6534,67.5,1,HIGH RISK,Research & Development
6535,67.5,1,HIGH RISK,Research & Development
6539,22.3,0,Safe,Research & Development
6540,48.5,1,HIGH RISK,Research & Development
6542,67.5,1,HIGH RISK,Research & Development
6543,40.5,0,Safe,Research & Development
10646,82.3,1,HIGH RISK,Research & Development
10649,66.9,1,HIGH RISK,Research & Development
10650,81.1,1,HIGH RISK,Research & Development
10651,80.0,1,HIGH RISK,Research & Development
10654,82.3,1,HIGH RISK,Research & Development
10658,80.0,1,HIGH RISK,Research & Development
10659,67.6,1,HIGH RISK,Research & Development
10660,80.0,1,HIGH RISK,Research & Development
12285,13.3,0,Safe,Sales
12287,13.3,0,Safe,Sales
12288,25.0,0,Safe,Sales
12289,26.3,0,Safe,Sales
12293,13.3,0,Safe,Sales
12295,6.9,0,Safe,Sales
12296,25.0,0,Safe,Sales
12297,26.3,0,Safe,Sales
12466,48.6,1,HIGH RISK,Research & Development
12468,48.6,1,HIGH RISK,Research & Development
12470,81.0,1,HIGH RISK,Research & Development
12471,81.0,1,HIGH RISK,Research & Development
12474,48.6,1,HIGH RISK,Research & Development
12476,81.2,1,HIGH RISK,Research & Development
12478,81.0,1,HIGH RISK,Research & Development
12479,81.0,1,HIGH RISK,Research & Development
14657,93.1,1,HIGH RISK,Research & Development
14660,74.9,1,HIGH RISK,Research & Development
14661,57.7,1,HIGH RISK,Research & Development
14662,24.8,0,Safe,Research & Development
14665,93.1,1,HIGH RISK,Research & Development
14668,93.1,1,HIGH RISK,Research & Development
14669,57.7,1,HIGH RISK,Research & Development
14670,24.8,0,Safe,Research & Development
20315,39.4,0,Safe,Sales
20317,68.2,1,HIGH RISK,Sales
20319,59.3,1,HIGH RISK,Sales
20320,70.8,1,HIGH RISK,Sales
20323,54.5,1,HIGH RISK,Sales
20325,68.2,1,HIGH RISK,Sales
20327,59.3,1,HIGH RISK,Sales
20328,70.8,1,HIGH RISK,Sales
20620,68.9,1,HIGH RISK,Research & Development
20622,57.0,1,HIGH RISK,Research & Development
20623,43.7,0,Safe,Research & Development
20624,50.2,1,HIGH RISK,Research & Development
20628,49.3,1,HIGH RISK,Research & Development
20630,57.0,1,HIGH RISK,Research & Development
20631,43.7,0,Safe,Research & Development
20632,39.6,0,Safe,Research & Development
21887,38.1,0,Safe,Sales
21888,32.5,0,Safe,Sales
21890,51.0,1,HIGH RISK,Sales
21891,33.8,0,Safe,Sales
21895,38.1,0,Safe,Sales
21896,32.5,0,Safe,Sales
21898,51.0,1,HIGH RISK,Sales
21899,33.8,0,Safe,Sales
489,14.0,0,Safe,Research & Development
492,12.3,0,Safe,Research & Development
493,12.5,0,Safe,Research & Development
494,8.0,0,Safe,Research & Development
497,14.0,0,Safe,Research & Development
498,13.3,0,Safe,Research & Development
499,5.6,0,Safe,Research & Development
502,12.3,0,Safe,Research & Development
503,13.3,0,Safe,Research & Development
504,8.0,0,Safe,Research & Development
808,38.2,0,Safe,Research & Development
809,55.4,1,HIGH RISK,Research & Development
811,57.4,1,HIGH RISK,Research & Development
812,56.6,1,HIGH RISK,Research & Development
816,38.2,0,Safe,Research & Development
817,55.4,1,HIGH RISK,Research & Development
819,57.4,1,HIGH RISK,Research & Development
820,56.6,1,HIGH RISK,Research & Development
816,38.2,0,Safe,Research & Development
817,55.4,1,HIGH RISK,Research & Development
819,57.4,1,HIGH RISK,Research & Development
4474,6.3,0,Safe,Research & Development
4476,7.9,0,Safe,Research & Development
4478,7.8,0,Safe,Research & Development
4479,7.0,0,Safe,Research & Development
4482,7.7,0,Safe,Research & Development
4484,7.9,0,Safe,Research & Development
4486,7.8,0,Safe,Research & Development
4487,5.7,0,Safe,Research & Development
5860,1.6,0,Safe,Sales
5863,2.5,0,Safe,Sales
5864,2.4,0,Safe,Sales
5865,3.5,0,Safe,Sales
5868,2.0,0,Safe,Sales
5871,2.6,0,Safe,Sales
5872,2.4,0,Safe,Sales
5873,3.3,0,Safe,Sales
7943,5.6,0,Safe,Sales
7946,15.0,0,Safe,Sales
7947,10.6,0,Safe,Sales
7948,16.0,0,Safe,Sales
7951,5.6,0,Safe,Sales
7954,15.0,0,Safe,Sales
7955,10.6,0,Safe,Sales
7956,16.0,0,Safe,Sales
13071,1.9,0,Safe,Research & Development
13073,3.9,0,Safe,Research & Development
13075,5.1,0,Safe,Research & Development
13076,4.0,0,Safe,Research & Development
13079,9.5,0,Safe,Research & Development
13081,3.9,0,Safe,Research & Development
13083,21.3,0,Safe,Research & Development
13084,17.1,0,Safe,Research & Development
14214,6.3,0,Safe,Research & Development
14215,4.0,0,Safe,Research & Development
14217,4.2,0,Safe,Research & Development
14218,7.7,0,Safe,Research & Development
14222,6.3,0,Safe,Research & Development
14223,6.5,0,Safe,Research & Development
14225,4.2,0,Safe,Research & Development
14226,7.7,0,Safe,Research & Development
14674,4.3,0,Safe,Sales
14676,4.1,0,Safe,Sales
14677,11.4,0,Safe,Sales
14678,9.5,0,Safe,Sales
14682,4.3,0,Safe,Sales
14684,4.1,0,Safe,Sales
14685,11.0,0,Safe,Sales
14686,8.8,0,Safe,Sales
18357,6.9,0,Safe,Research & Development
18358,5.1,0,Safe,Research & Development
18360,11.7,0,Safe,Research & Development
18361,10.8,0,Safe,Research & Development
18364,5.2,0,Safe,Research & Development
18365,5.1,0,Safe,Research & Development
18367,11.7,0,Safe,Research & Development
18368,10.8,0,Safe,Research & Development
18409,11.1,0,Safe,Research & Development
18412,18.3,0,Safe,Research & Development
18413,17.2,0,Safe,Research & Development
18414,15.6,0,Safe,Research & Development
18417,18.2,0,Safe,Research & Development
18420,18.3,0,Safe,Research & Development
18421,17.2,0,Safe,Research & Development
18422,7.9,0,Safe,Research & Development
19921,5.4,0,Safe,Sales
19922,4.9,0,Safe,Sales
19924,3.4,0,Safe,Sales
19925,3.0,0,Safe,Sales
19929,5.4,0,Safe,Sales
19930,4.9,0,Safe,Sales
19932,3.4,0,Safe,Sales
19933,3.0,0,Safe,Sales
22150,5.9,0,Safe,Sales
22152,6.0,0,Safe,Sales
22153,8.5,0,Safe,Sales
22154,10.0,0,Safe,Sales
22158,5.9,0,Safe,Sales
22160,6.0,0,Safe,Sales
22161,8.5,0,Safe,Sales
22162,10.0,0,Safe,Sales
22516,1.8,0,Safe,Research & Development
22519,3.1,0,Safe,Research & Development
22520,3.1,0,Safe,Research & Development
22524,1.6,0,Safe,Research & Development
22525,1.8,0,Safe,Research & Development
22527,3.1,0,Safe,Research & Development
22528,3.1,0,Safe,Research & Development
22968,1.3,0,Safe,Sales
22970,1.9,0,Safe,Sales
22972,1.2,0,Safe,Sales
22973,1.7,0,Safe,Sales
22976,1.3,0,Safe,Sales
22978,2.0,0,Safe,Sales
22980,1.2,0,Safe,Sales
22981,1.7,0,Safe,Sales
22517,0.9,0,Safe,Research & Development
3105,8.6,0,Safe,Sales
3734,48.8,1,HIGH RISK,Sales
3736,51.5,1,HIGH RISK,Sales
3739,48.8,1,HIGH RISK,Sales
3740,51.5,1,HIGH RISK,Sales
3742,48.8,1,HIGH RISK,Sales
3744,51.5,1,HIGH RISK,Sales
3747,48.8,1,HIGH RISK,Sales
3748,51.5,1,HIGH RISK,Sales
8071,19.6,0,Safe,Sales
8074,23.1,0,Safe,Sales
8077,19.6,0,Safe,Sales
8078,23.1,0,Safe,Sales
8079,19.6,0,Safe,Sales
8082,23.1,0,Safe,Sales
8085,11.8,0,Safe,Sales
8086,23.1,0,Safe,Sales
11789,11.3,0,Safe,Sales
11790,9.2,0,Safe,Sales
11792,9.3,0,Safe,Sales
11793,9.2,0,Safe,Sales
11797,11.3,0,Safe,Sales
11798,9.2,0,Safe,Sales
11800,9.2,0,Safe,Sales
14621,3.8,0,Safe,Sales
14624,4.0,0,Safe,Sales
14627,4.9,0,Safe,Sales
14628,4.0,0,Safe,Sales
14629,3.8,0,Safe,Sales
14632,4.0,0,Safe,Sales
14635,3.8,0,Safe,Sales
14636,4.9,0,Safe,Sales
190,33.4,0,Safe,Sales
191,4.1,0,Safe,Research & Development
254,1.2,0,Safe,Research & Development
1082,1.9,0,Safe,Research & Development
1084,1.9,0,Safe,Research & Development
1087,1.9,0,Safe,Research & Development
1088,1.9,0,Safe,Research & Development
1090,1.9,0,Safe,Research & Development
1092,1.9,0,Safe,Research & Development
1095,2.3,0,Safe,Research & Development
1096,1.9,0,Safe,Research & Development
1211,1.4,0,Safe,Research & Development
1213,0.8,0,Safe,Research & Development
1215,0.8,0,Safe,Research & Development
1216,0.8,0,Safe,Research & Development
1220,1.4,0,Safe,Research & Development
1222,0.8,0,Safe,Research & Development
1223,0.8,0,Safe,Research & Development
1361,1.1,0,Safe,Research & Development
1363,1.0,0,Safe,Research & Development
1367,0.9,0,Safe,Research & Development
1368,1.0,0,Safe,Research & Development
1370,1.0,0,Safe,Research & Development
1374,0.9,0,Safe,Research & Development
1375,1.2,0,Safe,Research & Development
1615,1.4,0,Safe,Research & Development
1617,1.6,0,Safe,Research & Development
1620,1.5,0,Safe,Research & Development
1621,1.6,0,Safe,Research & Development
1623,1.5,0,Safe,Research & Development
1625,1.7,0,Safe,Research & Development
1628,1.4,0,Safe,Research & Development
1629,1.6,0,Safe,Research & Development
1723,6.9,0,Safe,Sales
1725,6.4,0,Safe,Sales
1728,6.9,0,Safe,Sales
1729,8.0,0,Safe,Sales
1730,6.9,0,Safe,Sales
1732,6.4,0,Safe,Sales
1735,8.2,0,Safe,Sales
1736,6.4,0,Safe,Sales
2161,1.5,0,Safe,Research & Development
2162,3.1,0,Safe,Research & Development
2164,3.1,0,Safe,Research & Development
2165,3.1,0,Safe,Research & Development
2169,1.5,0,Safe,Research & Development
2170,3.1,0,Safe,Research & Development
2172,3.1,0,Safe,Research & Development
2173,3.1,0,Safe,Research & Development
2351,4.7,0,Safe,Research & Development
2354,4.3,0,Safe,Research & Development
2357,4.7,0,Safe,Research & Development
2358,4.3,0,Safe,Research & Development
2359,4.7,0,Safe,Research & Development
2362,4.3,0,Safe,Research & Development
2365,4.7,0,Safe,Research & Development
2538,0.9,0,Safe,Research & Development
2540,0.8,0,Safe,Research & Development
2544,1.0,0,Safe,Research & Development
2545,0.8,0,Safe,Research & Development
2546,1.0,0,Safe,Research & Development
2547,0.8,0,Safe,Research & Development
2551,1.0,0,Safe,Research & Development
2552,0.8,0,Safe,Research & Development
2599,1.8,0,Safe,Research & Development
2600,2.0,0,Safe,Research & Development
2602,1.9,0,Safe,Research & Development
2603,1.2,0,Safe,Research & Development
2607,1.4,0,Safe,Research & Development
2609,1.9,0,Safe,Research & Development
2610,1.2,0,Safe,Research & Development
2864,2.1,0,Safe,Sales
2866,4.0,0,Safe,Sales
2870,2.1,0,Safe,Sales
2871,4.0,0,Safe,Sales
2872,2.1,0,Safe,Sales
2874,4.0,0,Safe,Sales
2878,2.1,0,Safe,Sales
2879,2.2,0,Safe,Sales
3106,21.7,0,Safe,Sales
3125,1.9,0,Safe,Research & Development
3127,1.5,0,Safe,Research & Development
3128,1.9,0,Safe,Research & Development
3129,1.5,0,Safe,Research & Development
3133,1.9,0,Safe,Research & Development
3135,1.5,0,Safe,Research & Development
3136,1.9,0,Safe,Research & Development
3137,1.5,0,Safe,Research & Development
3188,10.7,0,Safe,Research & Development
3190,3.9,0,Safe,Research & Development
3192,6.0,0,Safe,Research & Development
3193,3.9,0,Safe,Research & Development
3196,10.7,0,Safe,Research & Development
3198,5.5,0,Safe,Research & Development
3200,6.0,0,Safe,Research & Development
3201,5.5,0,Safe,Research & Development
3573,13.3,0,Safe,Sales
3575,8.0,0,Safe,Sales
3579,13.3,0,Safe,Sales
3580,13.3,0,Safe,Sales
3581,11.7,0,Safe,Sales
3583,8.0,0,Safe,Sales
3587,13.3,0,Safe,Sales
3588,13.3,0,Safe,Sales
3989,3.7,0,Safe,Research & Development
3991,3.7,0,Safe,Research & Development
3995,3.7,0,Safe,Research & Development
3996,3.7,0,Safe,Research & Development
3997,3.7,0,Safe,Research & Development
3999,3.7,0,Safe,Research & Development
4003,3.7,0,Safe,Research & Development
4004,3.7,0,Safe,Research & Development
4069,1.7,0,Safe,Research & Development
4072,1.1,0,Safe,Research & Development
4073,2.1,0,Safe,Research & Development
4074,1.9,0,Safe,Research & Development
4077,1.7,0,Safe,Research & Development
4080,1.1,0,Safe,Research & Development
4081,1.7,0,Safe,Research & Development
4082,1.7,0,Safe,Research & Development
4372,3.9,0,Safe,Research & Development
4375,3.8,0,Safe,Research & Development
4376,3.8,0,Safe,Research & Development
4377,3.8,0,Safe,Research & Development
4380,3.9,0,Safe,Research & Development
4383,1.6,0,Safe,Research & Development
4384,3.9,0,Safe,Research & Development
4385,3.8,0,Safe,Research & Development
4443,4.1,0,Safe,Research & Development
4444,5.5,0,Safe,Research & Development
4448,3.0,0,Safe,Research & Development
4449,2.8,0,Safe,Research & Development
4451,5.3,0,Safe,Research & Development
4452,5.5,0,Safe,Research & Development
4456,3.0,0,Safe,Research & Development
4457,3.0,0,Safe,Research & Development
5042,8.9,0,Safe,Research & Development
5044,12.2,0,Safe,Research & Development
5047,14.7,0,Safe,Research & Development
5048,12.2,0,Safe,Research & Development
5050,8.9,0,Safe,Research & Development
5052,12.2,0,Safe,Research & Development
5055,14.7,0,Safe,Research & Development
5056,12.2,0,Safe,Research & Development
5057,1.0,0,Safe,Research & Development
5060,1.4,0,Safe,Research & Development
5061,1.4,0,Safe,Research & Development
5062,1.4,0,Safe,Research & Development
5065,1.4,0,Safe,Research & Development
5068,1.4,0,Safe,Research & Development
5069,1.4,0,Safe,Research & Development
5070,1.4,0,Safe,Research & Development
5169,18.8,0,Safe,Research & Development
5171,18.8,0,Safe,Research & Development
5174,31.2,0,Safe,Research & Development
5175,32.9,0,Safe,Research & Development
5177,18.8,0,Safe,Research & Development
5179,18.8,0,Safe,Research & Development
5182,32.2,0,Safe,Research & Development
5419,8.6,0,Safe,Research & Development
5422,7.1,0,Safe,Research & Development
5423,8.6,0,Safe,Research & Development
5424,7.1,0,Safe,Research & Development
5427,8.6,0,Safe,Research & Development
5430,7.1,0,Safe,Research & Development
5431,8.6,0,Safe,Research & Development
5467,14.3,0,Safe,Sales
5469,15.3,0,Safe,Sales
5472,14.3,0,Safe,Sales
5473,14.4,0,Safe,Sales
5475,14.3,0,Safe,Sales
5477,15.3,0,Safe,Sales
5480,14.3,0,Safe,Sales
5481,14.4,0,Safe,Sales
5719,3.8,0,Safe,Sales
5721,3.7,0,Safe,Sales
5724,3.0,0,Safe,Sales
5725,3.7,0,Safe,Sales
5727,3.0,0,Safe,Sales
5729,3.1,0,Safe,Sales
5732,3.8,0,Safe,Sales
6578,4.4,0,Safe,Research & Development
6580,4.4,0,Safe,Research & Development
6584,2.0,0,Safe,Research & Development
6585,2.9,0,Safe,Research & Development
6586,4.4,0,Safe,Research & Development
6588,4.4,0,Safe,Research & Development
6592,2.9,0,Safe,Research & Development
7269,6.6,0,Safe,Sales
7272,7.3,0,Safe,Sales
7273,6.6,0,Safe,Sales
7274,7.3,0,Safe,Sales
7277,6.6,0,Safe,Sales
7280,5.0,0,Safe,Sales
7281,4.5,0,Safe,Sales
8585,2.9,0,Safe,Research & Development
8586,2.5,0,Safe,Research & Development
8590,3.2,0,Safe,Research & Development
8591,2.5,0,Safe,Research & Development
8595,2.9,0,Safe,Research & Development
8596,2.5,0,Safe,Research & Development
8600,3.2,0,Safe,Research & Development
8601,2.5,0,Safe,Research & Development
8792,1.8,0,Safe,Human Resources
8793,1.8,0,Safe,Human Resources
8797,2.4,0,Safe,Human Resources
8798,2.3,0,Safe,Human Resources
8800,1.8,0,Safe,Human Resources
8801,1.8,0,Safe,Human Resources
8805,1.8,0,Safe,Human Resources
8806,2.3,0,Safe,Human Resources
9059,16.7,0,Safe,Sales
9061,23.3,0,Safe,Sales
9065,18.3,0,Safe,Sales
9066,21.4,0,Safe,Sales
9067,16.7,0,Safe,Sales
9069,21.4,0,Safe,Sales
9072,16.7,0,Safe,Sales
9073,21.4,0,Safe,Sales
9144,22.6,0,Safe,Sales
9145,36.4,0,Safe,Sales
9149,33.2,0,Safe,Sales
9150,36.4,0,Safe,Sales
9152,22.6,0,Safe,Sales
9153,36.4,0,Safe,Sales
9157,33.2,0,Safe,Sales
9158,36.4,0,Safe,Sales
9397,7.7,0,Safe,Research & Development
9399,7.7,0,Safe,Research & Development
9402,4.2,0,Safe,Research & Development
9403,4.2,0,Safe,Research & Development
9405,9.5,0,Safe,Research & Development
9407,7.7,0,Safe,Research & Development
9410,4.2,0,Safe,Research & Development
9411,4.2,0,Safe,Research & Development
9684,30.5,0,Safe,Research & Development
9686,15.7,0,Safe,Research & Development
9688,30.5,0,Safe,Research & Development
9689,22.7,0,Safe,Research & Development
9692,24.7,0,Safe,Research & Development
9694,23.5,0,Safe,Research & Development
9696,24.7,0,Safe,Research & Development
9697,28.2,0,Safe,Research & Development
10032,5.1,0,Safe,Sales
10034,5.6,0,Safe,Sales
10038,5.1,0,Safe,Sales
10039,5.6,0,Safe,Sales
10040,5.1,0,Safe,Sales
10042,5.6,0,Safe,Sales
10046,6.0,0,Safe,Sales
10047,5.6,0,Safe,Sales
10081,4.3,0,Safe,Sales
10083,4.9,0,Safe,Sales
10086,3.9,0,Safe,Sales
10087,4.9,0,Safe,Sales
10089,3.9,0,Safe,Sales
10091,4.9,0,Safe,Sales
10094,3.9,0,Safe,Sales
10095,4.9,0,Safe,Sales
11178,14.8,0,Safe,Research & Development
11180,14.8,0,Safe,Research & Development
11182,14.8,0,Safe,Research & Development
11183,14.8,0,Safe,Research & Development
11186,14.8,0,Safe,Research & Development
11188,14.8,0,Safe,Research & Development
11190,14.8,0,Safe,Research & Development
11191,14.8,0,Safe,Research & Development
11352,6.9,0,Safe,Sales
11353,6.9,0,Safe,Sales
11355,6.9,0,Safe,Sales
11356,6.5,0,Safe,Sales
11360,6.5,0,Safe,Sales
11361,6.5,0,Safe,Sales
11363,4.6,0,Safe,Sales
11443,7.1,0,Safe,Research & Development
11445,6.1,0,Safe,Research & Development
11449,7.1,0,Safe,Research & Development
11450,6.1,0,Safe,Research & Development
11451,7.1,0,Safe,Research & Development
11453,6.1,0,Safe,Research & Development
11457,7.6,0,Safe,Research & Development
11458,6.1,0,Safe,Research & Development
11520,11.9,0,Safe,Research & Development
11523,11.9,0,Safe,Research & Development
11526,11.9,0,Safe,Research & Development
11527,11.9,0,Safe,Research & Development
11530,11.9,0,Safe,Research & Development
11533,11.9,0,Safe,Research & Development
11534,4.6,0,Safe,Research & Development
11839,12.6,0,Safe,Sales
11840,10.0,0,Safe,Research & Development
12090,2.6,0,Safe,Research & Development
12091,5.6,0,Safe,Sales
12111,1.6,0,Safe,Sales
12113,1.6,0,Safe,Sales
12115,1.6,0,Safe,Sales
12116,1.6,0,Safe,Sales
12119,1.6,0,Safe,Sales
12121,1.6,0,Safe,Sales
12123,1.6,0,Safe,Sales
12124,1.6,0,Safe,Sales
12144,19.1,0,Safe,Sales
12146,23.9,0,Safe,Sales
12149,19.1,0,Safe,Sales
12150,23.9,0,Safe,Sales
12152,11.8,0,Safe,Sales
12154,23.9,0,Safe,Sales
12157,16.1,0,Safe,Sales
12174,21.9,0,Safe,Human Resources
12177,20.5,0,Safe,Human Resources
12178,21.9,0,Safe,Human Resources
12179,20.5,0,Safe,Human Resources
12182,21.9,0,Safe,Human Resources
12185,13.5,0,Safe,Human Resources
12186,21.9,0,Safe,Human Resources
12187,20.5,0,Safe,Human Resources
12911,2.4,0,Safe,Sales
12913,2.2,0,Safe,Sales
12917,2.4,0,Safe,Sales
12918,2.2,0,Safe,Sales
12919,2.4,0,Safe,Sales
12921,2.2,0,Safe,Sales
12925,2.4,0,Safe,Sales
12926,2.2,0,Safe,Sales
13374,6.7,0,Safe,Research & Development
13376,7.1,0,Safe,Research & Development
13379,3.1,0,Safe,Research & Development
13380,3.2,0,Safe,Research & Development
13382,6.1,0,Safe,Research & Development
13384,7.8,0,Safe,Research & Development
13387,2.9,0,Safe,Research & Development
13689,2.7,0,Safe,Research & Development
13692,2.8,0,Safe,Research & Development
13693,2.7,0,Safe,Research & Development
13694,2.8,0,Safe,Research & Development
13697,2.7,0,Safe,Research & Development
13700,2.8,0,Safe,Research & Development
13701,2.7,0,Safe,Research & Development
13702,2.2,0,Safe,Research & Development
13738,4.0,0,Safe,Research & Development
13739,4.5,0,Safe,Research & Development
13743,4.0,0,Safe,Research & Development
13744,4.5,0,Safe,Research & Development
13746,4.0,0,Safe,Research & Development
13747,4.5,0,Safe,Research & Development
13751,4.5,0,Safe,Research & Development
13881,2.6,0,Safe,Sales
13883,2.6,0,Safe,Sales
13886,2.6,0,Safe,Sales
13887,2.6,0,Safe,Sales
13889,2.6,0,Safe,Sales
13891,2.6,0,Safe,Sales
13894,2.6,0,Safe,Sales
14152,0.7,0,Safe,Research & Development
14154,0.6,0,Safe,Research & Development
14157,1.5,0,Safe,Research & Development
14158,1.5,0,Safe,Research & Development
14160,0.7,0,Safe,Research & Development
14162,0.6,0,Safe,Research & Development
14991,6.9,0,Safe,Research & Development
14994,7.4,0,Safe,Research & Development
14997,6.8,0,Safe,Research & Development
14998,7.8,0,Safe,Research & Development
14999,7.2,0,Safe,Research & Development
15002,7.4,0,Safe,Research & Development
15005,6.8,0,Safe,Research & Development
15006,7.8,0,Safe,Research & Development
15219,35.2,0,Safe,Research & Development
15220,50.8,1,HIGH RISK,Sales
16279,6.7,0,Safe,Research & Development
16280,11.5,0,Safe,Research & Development
16284,10.7,0,Safe,Research & Development
16285,10.1,0,Safe,Research & Development
16287,6.7,0,Safe,Research & Development
16288,11.5,0,Safe,Research & Development
16292,11.5,0,Safe,Research & Development
16554,7.2,0,Safe,Research & Development
16555,3.8,0,Safe,Human Resources
16556,6.0,0,Safe,Research & Development
16557,4.7,0,Safe,Human Resources
16558,7.2,0,Safe,Research & Development
16559,5.7,0,Safe,Human Resources
16560,6.0,0,Safe,Research & Development
16561,4.7,0,Safe,Human Resources
16562,7.2,0,Safe,Research & Development
16563,3.2,0,Safe,Human Resources
16564,6.0,0,Safe,Research & Development
16565,4.7,0,Safe,Human Resources
16566,7.2,0,Safe,Research & Development
16567,6.0,0,Safe,Research & Development
16568,4.7,0,Safe,Human Resources
16601,1.0,0,Safe,Research & Development
16604,1.7,0,Safe,Research & Development
16607,1.4,0,Safe,Research & Development
16608,1.7,0,Safe,Research & Development
16609,1.1,0,Safe,Research & Development
16612,1.7,0,Safe,Research & Development
16615,1.4,0,Safe,Research & Development
16616,1.7,0,Safe,Research & Development
17046,2.1,0,Safe,Research & Development
17048,2.1,0,Safe,Research & Development
17049,2.1,0,Safe,Research & Development
17050,2.1,0,Safe,Research & Development
17056,2.1,0,Safe,Research & Development
17058,2.1,0,Safe,Research & Development
17059,2.1,0,Safe,Research & Development
17283,8.5,0,Safe,Sales
17284,18.4,0,Safe,Research & Development
17433,7.5,0,Safe,Research & Development
17435,7.4,0,Safe,Research & Development
17438,7.5,0,Safe,Research & Development
17439,7.4,0,Safe,Research & Development
17441,7.5,0,Safe,Research & Development
17443,7.4,0,Safe,Research & Development
17478,3.7,0,Safe,Research & Development
17481,3.7,0,Safe,Research & Development
17484,2.7,0,Safe,Research & Development
17485,2.7,0,Safe,Research & Development
17486,3.7,0,Safe,Research & Development
17489,3.7,0,Safe,Research & Development
17492,2.7,0,Safe,Research & Development
17589,24.6,0,Safe,Research & Development
17591,25.9,0,Safe,Research & Development
17595,24.6,0,Safe,Research & Development
17596,25.9,0,Safe,Research & Development
17597,24.6,0,Safe,Research & Development
17599,25.9,0,Safe,Research & Development
17603,24.6,0,Safe,Research & Development
17604,25.9,0,Safe,Research & Development
17809,2.5,0,Safe,Research & Development
17811,2.5,0,Safe,Research & Development
17814,2.5,0,Safe,Research & Development
17815,2.5,0,Safe,Research & Development
17818,2.4,0,Safe,Research & Development
18245,7.4,0,Safe,Research & Development
18247,8.3,0,Safe,Research & Development
18251,9.0,0,Safe,Research & Development
18252,8.3,0,Safe,Research & Development
18254,8.3,0,Safe,Research & Development
18258,8.3,0,Safe,Research & Development
18259,8.3,0,Safe,Research & Development
18260,9.9,0,Safe,Sales
18263,12.2,0,Safe,Sales
18264,9.9,0,Safe,Sales
18265,12.2,0,Safe,Sales
18270,12.2,0,Safe,Sales
18271,9.9,0,Safe,Sales
18272,12.2,0,Safe,Sales
18306,4.4,0,Safe,Research & Development
18307,4.1,0,Safe,Research & Development
18311,4.1,0,Safe,Research & Development
18312,4.1,0,Safe,Research & Development
18313,4.1,0,Safe,Research & Development
18314,4.1,0,Safe,Research & Development
18318,4.1,0,Safe,Research & Development
18319,4.1,0,Safe,Research & Development
18353,11.6,0,Safe,Research & Development
18354,6.6,0,Safe,Research & Development
18406,5.3,0,Safe,Research & Development
18407,3.6,0,Safe,Research & Development
18540,3.1,0,Safe,Research & Development
18541,3.3,0,Safe,Research & Development
18543,3.2,0,Safe,Research & Development
18545,4.9,0,Safe,Research & Development
18549,4.9,0,Safe,Research & Development
18550,4.5,0,Safe,Research & Development
18551,3.2,0,Safe,Research & Development
18553,4.9,0,Safe,Research & Development
18557,4.9,0,Safe,Research & Development
18558,4.9,0,Safe,Research & Development
18579,14.1,0,Safe,Research & Development
18580,19.5,0,Safe,Research & Development
18804,11.2,0,Safe,Human Resources
18805,14.8,0,Safe,Research & Development
19522,1.8,0,Safe,Research & Development
19524,1.8,0,Safe,Research & Development
19528,1.6,0,Safe,Research & Development
19529,1.8,0,Safe,Research & Development
19530,1.8,0,Safe,Research & Development
19532,2.1,0,Safe,Research & Development
19536,1.6,0,Safe,Research & Development
19537,1.9,0,Safe,Research & Development
19571,2.0,0,Safe,Research & Development
19572,1.6,0,Safe,Research & Development
19576,2.0,0,Safe,Research & Development
19577,2.0,0,Safe,Research & Development
19579,2.0,0,Safe,Research & Development
19580,2.0,0,Safe,Research & Development
19584,1.5,0,Safe,Research & Development
19585,2.0,0,Safe,Research & Development
19586,8.5,0,Safe,Research & Development
19589,17.9,0,Safe,Research & Development
19592,13.7,0,Safe,Research & Development
19593,15.6,0,Safe,Research & Development
19594,9.2,0,Safe,Research & Development
19597,15.6,0,Safe,Research & Development
19600,13.7,0,Safe,Research & Development
19601,15.6,0,Safe,Research & Development
19874,1.1,0,Safe,Human Resources
19877,1.0,0,Safe,Human Resources
19880,1.0,0,Safe,Human Resources
19881,0.8,0,Safe,Human Resources
19882,1.1,0,Safe,Human Resources
19885,1.0,0,Safe,Human Resources
19887,1.0,0,Safe,Human Resources
19888,1.0,0,Safe,Human Resources
20158,0.6,0,Safe,Research & Development
20159,0.4,0,Safe,Research & Development
20163,0.6,0,Safe,Research & Development
20164,0.4,0,Safe,Research & Development
20166,0.7,0,Safe,Research & Development
20167,0.4,0,Safe,Research & Development
20171,0.7,0,Safe,Research & Development
20172,0.5,0,Safe,Research & Development
20236,7.5,0,Safe,Research & Development
20237,7.5,0,Safe,Research & Development
20241,5.4,0,Safe,Research & Development
20242,5.4,0,Safe,Research & Development
20244,4.6,0,Safe,Research & Development
20245,7.5,0,Safe,Research & Development
20249,5.4,0,Safe,Research & Development
20250,5.4,0,Safe,Research & Development
20252,7.1,0,Safe,Research & Development
20253,5.2,0,Safe,Research & Development
20257,7.1,0,Safe,Research & Development
20258,7.6,0,Safe,Research & Development
20260,7.1,0,Safe,Research & Development
20261,5.2,0,Safe,Research & Development
20265,7.1,0,Safe,Research & Development
20266,7.6,0,Safe,Research & Development
20380,9.0,0,Safe,Sales
20381,9.1,0,Safe,Sales
20383,10.1,0,Safe,Sales
20384,8.6,0,Safe,Sales
20388,9.0,0,Safe,Sales
20389,8.6,0,Safe,Sales
20391,9.0,0,Safe,Sales
20392,8.6,0,Safe,Sales
21003,6.1,0,Safe,Sales
21005,10.4,0,Safe,Sales
21009,5.8,0,Safe,Sales
21010,3.1,0,Safe,Sales
21011,10.4,0,Safe,Sales
21013,6.1,0,Safe,Sales
21017,5.8,0,Safe,Sales
21131,3.5,0,Safe,Research & Development
21133,1.8,0,Safe,Research & Development
21134,3.5,0,Safe,Research & Development
21135,3.1,0,Safe,Research & Development
21139,3.5,0,Safe,Research & Development
21141,1.8,0,Safe,Research & Development
21142,3.5,0,Safe,Research & Development
21143,3.1,0,Safe,Research & Development
21512,17.4,0,Safe,Research & Development
21515,18.6,0,Safe,Research & Development
21518,17.4,0,Safe,Research & Development
21519,18.6,0,Safe,Research & Development
21520,17.4,0,Safe,Research & Development
21523,21.7,0,Safe,Research & Development
21526,17.4,0,Safe,Research & Development
21527,18.6,0,Safe,Research & Development
21774,9.4,0,Safe,Research & Development
21776,8.5,0,Safe,Research & Development
21780,9.4,0,Safe,Research & Development
21781,8.5,0,Safe,Research & Development
21782,9.4,0,Safe,Research & Development
21784,7.8,0,Safe,Research & Development
21788,9.4,0,Safe,Research & Development
21789,8.5,0,Safe,Research & Development
21954,1.6,0,Safe,Research & Development
21955,14.5,0,Safe,Research & Development
22198,2.4,0,Safe,Sales
22199,3.0,0,Safe,Sales
22203,3.7,0,Safe,Sales
22204,3.0,0,Safe,Sales
22206,2.8,0,Safe,Sales
22207,3.0,0,Safe,Sales
22211,3.7,0,Safe,Sales
22212,3.0,0,Safe,Sales
22839,2.7,0,Safe,Research & Development
22841,5.8,0,Safe,Research & Development
22844,2.5,0,Safe,Research & Development
22845,5.8,0,Safe,Research & Development
22847,2.7,0,Safe,Research & Development
22849,5.8,0,Safe,Research & Development
22852,2.7,0,Safe,Research & Development
22853,5.8,0,Safe,Research & Development
22985,3.4,0,Safe,Research & Development
22987,4.9,0,Safe,Research & Development
22990,5.3,0,Safe,Research & Development
22991,6.8,0,Safe,Research & Development
22993,4.0,0,Safe,Research & Development
22995,4.9,0,Safe,Research & Development
22997,5.3,0,Safe,Research & Development
22998,4.9,0,Safe,Research & Development
23016,9.6,0,Safe,Research & Development
23017,11.7,0,Safe,Research & Development
23021,10.2,0,Safe,Research & Development
23022,11.7,0,Safe,Research & Development
23024,9.6,0,Safe,Research & Development
23025,11.7,0,Safe,Research & Development
23029,9.6,0,Safe,Research & Development
23155,12.3,0,Safe,Research & Development
23157,14.8,0,Safe,Research & Development
23160,12.3,0,Safe,Research & Development
23161,14.8,0,Safe,Research & Development
23163,12.3,0,Safe,Research & Development
23165,11.0,0,Safe,Research & Development
23168,12.3,0,Safe,Research & Development
23169,14.8,0,Safe,Research & Development
23252,24.6,0,Safe,Sales
23255,24.6,0,Safe,Sales
23258,24.6,0,Safe,Sales
23259,24.6,0,Safe,Sales
23260,24.6,0,Safe,Sales
23263,15.7,0,Safe,Sales
23266,24.6,0,Safe,Sales
23267,24.6,0,Safe,Sales
3347,8.8,0,Safe,Research & Development
3350,7.0,0,Safe,Research & Development
3353,8.8,0,Safe,Research & Development
3354,8.2,0,Safe,Research & Development
3355,8.8,0,Safe,Research & Development
3358,7.0,0,Safe,Research & Development
3361,10.4,0,Safe,Research & Development
3362,8.2,0,Safe,Research & Development
13817,28.4,0,Safe,Research & Development
13819,31.0,0,Safe,Research & Development
13820,32.4,0,Safe,Research & Development
13821,27.1,0,Safe,Research & Development
13825,32.4,0,Safe,Research & Development
13827,31.0,0,Safe,Research & Development
13828,32.4,0,Safe,Research & Development
13411,31.0,0,Safe,Research & Development
17793,22.4,0,Safe,Research & Development
17795,22.2,0,Safe,Research & Development
17797,10.9,0,Safe,Research & Development
17798,22.2,0,Safe,Research & Development
17801,22.4,0,Safe,Research & Development
17802,22.2,0,Safe,Research & Development
17804,22.4,0,Safe,Research & Development
17805,22.2,0,Safe,Research & Development
18172,16.6,0,Safe,Research & Development
18173,25.1,0,Safe,Research & Development
18177,15.3,0,Safe,Research & Development
18178,25.1,0,Safe,Research & Development
18179,16.6,0,Safe,Research & Development
18180,18.6,0,Safe,Research & Development
18184,21.6,0,Safe,Research & Development
163,7.7,0,Safe,Research & Development
166,5.6,0,Safe,Research & Development
167,5.2,0,Safe,Research & Development
168,5.6,0,Safe,Research & Development
171,7.7,0,Safe,Research & Development
172,7.1,0,Safe,Research & Development
175,6.5,0,Safe,Research & Development
181,5.6,0,Safe,Research & Development
182,2.8,0,Safe,Research & Development
183,5.6,0,Safe,Research & Development
208,5.6,0,Safe,Research & Development
263,17.1,0,Safe,Human Resources
264,19.6,0,Safe,Human Resources
268,17.1,0,Safe,Human Resources
269,19.6,0,Safe,Human Resources
276,17.1,0,Safe,Human Resources
279,19.6,0,Safe,Human Resources
283,17.1,0,Safe,Human Resources
284,19.6,0,Safe,Human Resources
285,41.5,0,Safe,Human Resources
286,31.7,0,Safe,Human Resources
334,10.2,0,Safe,Human Resources
335,10.2,0,Safe,Human Resources
339,10.2,0,Safe,Human Resources
340,10.2,0,Safe,Human Resources
347,10.2,0,Safe,Human Resources
350,10.2,0,Safe,Human Resources
354,10.2,0,Safe,Human Resources
355,10.2,0,Safe,Human Resources
356,39.1,0,Safe,Human Resources
357,31.9,0,Safe,Human Resources
371,8.5,0,Safe,Research & Development
417,5.3,0,Safe,Research & Development
422,5.3,0,Safe,Research & Development
423,5.5,0,Safe,Research & Development
424,5.3,0,Safe,Research & Development
425,34.6,0,Safe,Research & Development
426,10.0,0,Safe,Research & Development
428,5.5,0,Safe,Research & Development
432,3.0,0,Safe,Research & Development
434,5.9,0,Safe,Human Resources
435,3.4,0,Safe,Human Resources
439,5.9,0,Safe,Human Resources
440,5.9,0,Safe,Human Resources
444,5.8,0,Safe,Human Resources
445,3.4,0,Safe,Human Resources
449,5.9,0,Safe,Human Resources
450,5.8,0,Safe,Human Resources
451,11.3,0,Safe,Human Resources
452,12.5,0,Safe,Human Resources
644,10.2,0,Safe,Research & Development
646,10.2,0,Safe,Research & Development
649,10.2,0,Safe,Research & Development
650,10.2,0,Safe,Research & Development
652,10.2,0,Safe,Research & Development
654,10.2,0,Safe,Research & Development
657,10.2,0,Safe,Research & Development
658,10.2,0,Safe,Research & Development
659,1.8,0,Safe,Research & Development
660,5.3,0,Safe,Research & Development
758,17.8,0,Safe,Research & Development
760,16.9,0,Safe,Research & Development
763,17.8,0,Safe,Research & Development
764,16.3,0,Safe,Research & Development
766,17.2,0,Safe,Research & Development
768,16.3,0,Safe,Research & Development
771,17.8,0,Safe,Research & Development
772,10.7,0,Safe,Research & Development
773,16.3,0,Safe,Research & Development
774,3.1,0,Safe,Research & Development
1032,4.9,0,Safe,Research & Development
1034,5.6,0,Safe,Research & Development
1037,3.0,0,Safe,Research & Development
1038,2.6,0,Safe,Research & Development
1040,4.9,0,Safe,Research & Development
1042,5.6,0,Safe,Research & Development
1045,2.4,0,Safe,Research & Development
1046,6.6,0,Safe,Research & Development
1047,2.6,0,Safe,Research & Development
1048,10.2,0,Safe,Research & Development
1113,10.1,0,Safe,Research & Development
1116,10.1,0,Safe,Research & Development
1119,10.1,0,Safe,Research & Development
1120,10.1,0,Safe,Research & Development
1121,10.1,0,Safe,Research & Development
1124,12.1,0,Safe,Research & Development
1127,6.9,0,Safe,Research & Development
1128,10.1,0,Safe,Research & Development
1451,6.3,0,Safe,Research & Development
1453,4.7,0,Safe,Research & Development
1455,5.3,0,Safe,Research & Development
1456,4.7,0,Safe,Research & Development
1460,4.7,0,Safe,Research & Development
1462,2.0,0,Safe,Research & Development
1692,7.3,0,Safe,Sales
1693,7.4,0,Safe,Sales
1695,7.3,0,Safe,Sales
1696,5.7,0,Safe,Sales
1699,5.7,0,Safe,Sales
1700,5.7,0,Safe,Sales
1702,5.7,0,Safe,Sales
1703,5.7,0,Safe,Sales
1704,43.9,1,HIGH RISK,Sales
1705,2.7,0,Safe,Sales
1783,0.8,0,Safe,Research & Development
1785,0.3,0,Safe,Research & Development
1786,0.4,0,Safe,Research & Development
1787,0.3,0,Safe,Research & Development
1790,0.8,0,Safe,Research & Development
1792,0.3,0,Safe,Research & Development
1793,0.4,0,Safe,Research & Development
1794,0.3,0,Safe,Research & Development
1795,1.1,0,Safe,Research & Development
1796,1.7,0,Safe,Research & Development
1860,2.4,0,Safe,Research & Development
1862,3.5,0,Safe,Research & Development
1863,1.4,0,Safe,Research & Development
1864,2.5,0,Safe,Research & Development
1867,2.4,0,Safe,Research & Development
1869,3.5,0,Safe,Research & Development
1870,1.7,0,Safe,Research & Development
1871,2.2,0,Safe,Research & Development
2001,0.5,0,Safe,Sales
2002,0.5,0,Safe,Sales
2004,0.5,0,Safe,Sales
2005,0.5,0,Safe,Sales
2009,0.5,0,Safe,Sales
2010,0.5,0,Safe,Sales
2012,0.5,0,Safe,Sales
2013,0.5,0,Safe,Sales
2257,1.4,0,Safe,Sales
2258,0.9,0,Safe,Sales
2262,0.5,0,Safe,Sales
2263,0.5,0,Safe,Sales
2265,1.0,0,Safe,Sales
2266,0.9,0,Safe,Sales
2270,0.5,0,Safe,Sales
2271,0.5,0,Safe,Sales
2366,0.9,0,Safe,Research & Development
2368,0.8,0,Safe,Research & Development
2370,0.8,0,Safe,Research & Development
2371,0.8,0,Safe,Research & Development
2374,0.8,0,Safe,Research & Development
2376,0.8,0,Safe,Research & Development
2378,2.9,0,Safe,Research & Development
2446,12.3,0,Safe,Research & Development
2448,11.6,0,Safe,Research & Development
2449,12.3,0,Safe,Research & Development
2450,11.6,0,Safe,Research & Development
2454,14.9,0,Safe,Research & Development
2456,11.6,0,Safe,Research & Development
2457,12.3,0,Safe,Research & Development
2458,11.6,0,Safe,Research & Development
2569,12.9,0,Safe,Research & Development
2571,9.8,0,Safe,Research & Development
2574,9.8,0,Safe,Research & Development
2575,9.8,0,Safe,Research & Development
2578,9.8,0,Safe,Research & Development
2581,9.8,0,Safe,Research & Development
2582,9.8,0,Safe,Research & Development
2768,47.6,1,HIGH RISK,Sales
2769,51.6,1,HIGH RISK,Research & Development
2770,47.6,1,HIGH RISK,Sales
2771,55.9,1,HIGH RISK,Research & Development
2772,51.6,1,HIGH RISK,Sales
2773,40.8,0,Safe,Research & Development
2774,44.0,1,HIGH RISK,Sales
2775,43.8,0,Safe,Research & Development
2776,47.6,1,HIGH RISK,Sales
2777,51.6,1,HIGH RISK,Research & Development
2778,47.6,1,HIGH RISK,Sales
2779,57.6,1,HIGH RISK,Research & Development
2780,48.2,1,HIGH RISK,Sales
2781,42.9,0,Safe,Research & Development
2782,44.0,1,HIGH RISK,Sales
2783,45.9,1,HIGH RISK,Research & Development
2944,3.3,0,Safe,Research & Development
2946,2.4,0,Safe,Research & Development
2948,2.4,0,Safe,Research & Development
2949,2.4,0,Safe,Research & Development
2952,3.3,0,Safe,Research & Development
2954,2.4,0,Safe,Research & Development
2956,3.3,0,Safe,Research & Development
2957,2.4,0,Safe,Research & Development
3205,7.7,0,Safe,Research & Development
3206,8.2,0,Safe,Research & Development
3210,7.7,0,Safe,Research & Development
3211,8.2,0,Safe,Research & Development
3213,7.7,0,Safe,Research & Development
3214,8.2,0,Safe,Research & Development
3218,9.3,0,Safe,Research & Development
3251,4.1,0,Safe,Research & Development
3253,2.0,0,Safe,Research & Development
3257,5.3,0,Safe,Research & Development
3258,1.6,0,Safe,Research & Development
3259,4.1,0,Safe,Research & Development
3261,1.6,0,Safe,Research & Development
3265,4.1,0,Safe,Research & Development
3266,1.6,0,Safe,Research & Development
3267,3.5,0,Safe,Research & Development
3269,3.3,0,Safe,Research & Development
3271,6.1,0,Safe,Research & Development
3272,3.3,0,Safe,Research & Development
3275,3.6,0,Safe,Research & Development
3277,3.4,0,Safe,Research & Development
3279,3.6,0,Safe,Research & Development
3280,3.4,0,Safe,Research & Development
3653,1.1,0,Safe,Sales
3654,1.8,0,Safe,Research & Development
3655,2.1,0,Safe,Research & Development
3656,1.1,0,Safe,Sales
3657,1.8,0,Safe,Sales
3658,2.4,0,Safe,Research & Development
3659,2.1,0,Safe,Research & Development
3660,1.1,0,Safe,Sales
3661,1.8,0,Safe,Sales
3662,1.8,0,Safe,Research & Development
3663,1.5,0,Safe,Research & Development
3664,1.1,0,Safe,Sales
3665,1.1,0,Safe,Sales
3666,3.3,0,Safe,Research & Development
3667,2.1,0,Safe,Research & Development
3668,1.1,0,Safe,Sales
3894,30.8,0,Safe,Research & Development
3895,18.2,0,Safe,Research & Development
3899,30.8,0,Safe,Research & Development
3900,28.1,0,Safe,Research & Development
3902,30.8,0,Safe,Research & Development
3903,21.5,0,Safe,Research & Development
3907,30.8,0,Safe,Research & Development
3908,28.1,0,Safe,Research & Development
4022,13.6,0,Safe,Research & Development
4023,8.4,0,Safe,Research & Development
4027,13.6,0,Safe,Research & Development
4028,12.8,0,Safe,Research & Development
4030,13.6,0,Safe,Research & Development
4031,8.4,0,Safe,Research & Development
4035,13.6,0,Safe,Research & Development
4036,12.8,0,Safe,Research & Development
4214,30.0,0,Safe,Research & Development
4216,27.7,0,Safe,Research & Development
4217,30.0,0,Safe,Research & Development
4218,27.7,0,Safe,Research & Development
4222,31.0,0,Safe,Research & Development
4224,28.6,0,Safe,Research & Development
4225,31.0,0,Safe,Research & Development
4260,10.6,0,Safe,Sales
3538,9.5,0,Safe,Sales
4266,8.8,0,Safe,Sales
4267,7.9,0,Safe,Sales
4268,10.6,0,Safe,Sales
4270,7.9,0,Safe,Sales
4274,10.6,0,Safe,Sales
4275,9.5,0,Safe,Sales
4475,34.2,0,Safe,Research & Development
4477,24.8,0,Safe,Research & Development
4480,34.2,0,Safe,Research & Development
4481,25.5,0,Safe,Research & Development
4483,34.2,0,Safe,Research & Development
4485,24.8,0,Safe,Research & Development
4488,34.2,0,Safe,Research & Development
4489,34.9,0,Safe,Research & Development
4522,12.0,0,Safe,Sales
4525,8.9,0,Safe,Sales
4528,5.8,0,Safe,Sales
4529,8.9,0,Safe,Sales
4530,12.0,0,Safe,Sales
4533,8.9,0,Safe,Sales
4536,8.5,0,Safe,Sales
4537,8.9,0,Safe,Sales
4688,6.2,0,Safe,Research & Development
4691,3.3,0,Safe,Research & Development
4694,5.6,0,Safe,Research & Development
4695,3.3,0,Safe,Research & Development
4696,5.6,0,Safe,Research & Development
4699,3.6,0,Safe,Research & Development
4702,5.6,0,Safe,Research & Development
4703,3.6,0,Safe,Research & Development
4993,15.8,0,Safe,Research & Development
4996,19.7,0,Safe,Research & Development
4999,19.4,0,Safe,Research & Development
5000,19.7,0,Safe,Research & Development
5001,19.4,0,Safe,Research & Development
5004,19.7,0,Safe,Research & Development
5007,19.4,0,Safe,Research & Development
5008,15.4,0,Safe,Research & Development
5404,25.3,0,Safe,Sales
5405,24.6,0,Safe,Sales
5407,25.3,0,Safe,Sales
5408,18.1,0,Safe,Sales
5412,25.3,0,Safe,Sales
5413,24.6,0,Safe,Sales
5415,25.3,0,Safe,Sales
5416,24.6,0,Safe,Sales
5528,5.9,0,Safe,Research & Development
5531,4.4,0,Safe,Research & Development
5534,5.9,0,Safe,Research & Development
5535,6.2,0,Safe,Research & Development
5536,5.9,0,Safe,Research & Development
5539,4.4,0,Safe,Research & Development
5542,5.9,0,Safe,Research & Development
5543,6.2,0,Safe,Research & Development
5577,14.1,0,Safe,Research & Development
5579,15.0,0,Safe,Research & Development
5582,14.1,0,Safe,Research & Development
5583,15.0,0,Safe,Research & Development
5585,9.9,0,Safe,Research & Development
5587,15.0,0,Safe,Research & Development
5590,14.1,0,Safe,Research & Development
5591,15.0,0,Safe,Research & Development
6716,2.9,0,Safe,Research & Development
6718,2.9,0,Safe,Research & Development
6720,2.2,0,Safe,Research & Development
6721,2.2,0,Safe,Research & Development
6725,2.9,0,Safe,Research & Development
6727,2.2,0,Safe,Research & Development
6728,2.2,0,Safe,Research & Development
6897,19.0,0,Safe,Sales
6899,17.3,0,Safe,Sales
6900,19.0,0,Safe,Sales
6901,17.3,0,Safe,Sales
6904,19.0,0,Safe,Sales
6906,11.6,0,Safe,Sales
6907,19.0,0,Safe,Sales
6908,17.3,0,Safe,Sales
7000,8.3,0,Safe,Research & Development
7001,6.8,0,Safe,Research & Development
7005,8.3,0,Safe,Research & Development
7006,6.8,0,Safe,Research & Development
7007,6.9,0,Safe,Research & Development
7008,6.8,0,Safe,Research & Development
7012,8.3,0,Safe,Research & Development
7013,6.8,0,Safe,Research & Development
7557,5.5,0,Safe,Research & Development
7559,4.7,0,Safe,Research & Development
7563,4.9,0,Safe,Research & Development
7564,4.3,0,Safe,Research & Development
7565,5.5,0,Safe,Research & Development
7567,4.7,0,Safe,Research & Development
7571,4.9,0,Safe,Research & Development
7572,4.3,0,Safe,Research & Development
7849,7.4,0,Safe,Research & Development
7851,9.4,0,Safe,Research & Development
7855,9.2,0,Safe,Research & Development
7856,9.4,0,Safe,Research & Development
7858,9.4,0,Safe,Research & Development
7862,9.2,0,Safe,Research & Development
7863,7.3,0,Safe,Research & Development
7912,7.1,0,Safe,Sales
7914,8.5,0,Safe,Sales
7917,7.1,0,Safe,Sales
7918,10.6,0,Safe,Sales
7920,5.5,0,Safe,Sales
7922,10.6,0,Safe,Sales
7925,7.1,0,Safe,Sales
7926,10.6,0,Safe,Sales
7928,8.5,0,Safe,Sales
7930,9.6,0,Safe,Sales
7933,12.0,0,Safe,Sales
7934,15.4,0,Safe,Sales
7936,8.5,0,Safe,Sales
7938,9.6,0,Safe,Sales
7941,9.0,0,Safe,Sales
7942,15.4,0,Safe,Sales
8294,8.1,0,Safe,Sales
8297,15.0,0,Safe,Sales
8298,8.1,0,Safe,Sales
8299,11.5,0,Safe,Sales
8302,8.1,0,Safe,Sales
8305,15.0,0,Safe,Sales
8306,9.4,0,Safe,Sales
8307,9.9,0,Safe,Sales
8343,9.5,0,Safe,Research & Development
8344,8.8,0,Safe,Research & Development
8348,7.8,0,Safe,Research & Development
8349,7.5,0,Safe,Research & Development
8351,8.6,0,Safe,Research & Development
8352,9.7,0,Safe,Research & Development
8356,7.8,0,Safe,Research & Development
8357,7.5,0,Safe,Research & Development
8476,39.5,0,Safe,Research & Development
8478,39.5,0,Safe,Research & Development
8480,36.8,0,Safe,Research & Development
8481,39.5,0,Safe,Research & Development
8484,36.8,0,Safe,Research & Development
8485,40.1,0,Safe,Research & Development
8486,40.1,0,Safe,Research & Development
8488,39.5,0,Safe,Research & Development
8490,39.5,0,Safe,Research & Development
8491,39.5,0,Safe,Research & Development
8709,2.1,0,Safe,Research & Development
8711,2.1,0,Safe,Research & Development
8715,1.3,0,Safe,Research & Development
8716,1.2,0,Safe,Research & Development
8717,2.1,0,Safe,Research & Development
8718,5.2,0,Safe,Research & Development
8719,1.2,0,Safe,Research & Development
8721,1.2,0,Safe,Research & Development
8725,1.3,0,Safe,Research & Development
8726,2.1,0,Safe,Research & Development
8980,5.8,0,Safe,Research & Development
8982,5.9,0,Safe,Research & Development
8984,5.8,0,Safe,Research & Development
8985,5.8,0,Safe,Research & Development
8988,5.8,0,Safe,Research & Development
8990,5.9,0,Safe,Research & Development
8992,5.8,0,Safe,Research & Development
9284,20.0,0,Safe,Research & Development
9286,12.8,0,Safe,Research & Development
9290,14.0,0,Safe,Research & Development
9291,19.4,0,Safe,Research & Development
9292,20.0,0,Safe,Research & Development
9294,19.4,0,Safe,Research & Development
9298,20.0,0,Safe,Research & Development
9299,19.4,0,Safe,Research & Development
9541,1.9,0,Safe,Research & Development
9542,1.6,0,Safe,Research & Development
9546,1.6,0,Safe,Research & Development
9547,1.6,0,Safe,Research & Development
9549,1.9,0,Safe,Research & Development
9550,1.6,0,Safe,Research & Development
9554,2.0,0,Safe,Research & Development
9555,2.1,0,Safe,Research & Development
9621,2.4,0,Safe,Sales
9622,2.2,0,Safe,Sales
9626,2.5,0,Safe,Sales
9627,2.2,0,Safe,Sales
9629,2.5,0,Safe,Sales
9630,2.2,0,Safe,Sales
9634,2.5,0,Safe,Sales
9635,2.2,0,Safe,Sales
9716,12.0,0,Safe,Research & Development
9719,10.1,0,Safe,Research & Development
9568,12.0,0,Safe,Research & Development
9721,10.1,0,Safe,Research & Development
9724,12.0,0,Safe,Research & Development
9727,10.1,0,Safe,Research & Development
9728,12.0,0,Safe,Research & Development
9729,10.1,0,Safe,Research & Development
9765,15.6,0,Safe,Sales
9766,15.6,0,Safe,Sales
9768,16.7,0,Safe,Sales
9769,15.6,0,Safe,Sales
9773,15.6,0,Safe,Sales
9774,15.6,0,Safe,Sales
9776,15.6,0,Safe,Sales
9777,16.7,0,Safe,Sales
9797,3.7,0,Safe,Research & Development
9799,4.1,0,Safe,Research & Development
9802,3.7,0,Safe,Research & Development
9803,4.1,0,Safe,Research & Development
9805,3.7,0,Safe,Research & Development
9807,4.1,0,Safe,Research & Development
9810,3.7,0,Safe,Research & Development
9811,4.1,0,Safe,Research & Development
10049,19.7,0,Safe,Sales
10051,7.5,0,Safe,Sales
10054,13.8,0,Safe,Sales
10055,13.3,0,Safe,Sales
10057,19.7,0,Safe,Sales
10059,11.9,0,Safe,Sales
10062,19.7,0,Safe,Sales
10063,13.3,0,Safe,Sales
10303,6.0,0,Safe,Sales
10305,12.4,0,Safe,Sales
10307,2.9,0,Safe,Sales
10308,12.4,0,Safe,Sales
10311,6.0,0,Safe,Sales
10313,6.9,0,Safe,Sales
10315,6.0,0,Safe,Sales
10316,12.4,0,Safe,Sales
10939,2.0,0,Safe,Research & Development
10941,1.4,0,Safe,Research & Development
10943,2.1,0,Safe,Research & Development
10944,2.0,0,Safe,Research & Development
10947,2.0,0,Safe,Research & Development
10949,1.4,0,Safe,Research & Development
10951,2.0,0,Safe,Research & Development
10952,2.0,0,Safe,Research & Development
11116,5.9,0,Safe,Sales
11118,8.4,0,Safe,Sales
11121,8.4,0,Safe,Sales
11122,8.4,0,Safe,Sales
11124,5.9,0,Safe,Sales
11126,8.4,0,Safe,Sales
11129,8.4,0,Safe,Sales
11130,8.4,0,Safe,Sales
11290,1.7,0,Safe,Sales
11292,3.9,0,Safe,Sales
11294,3.4,0,Safe,Sales
11295,3.9,0,Safe,Sales
11298,2.3,0,Safe,Sales
11300,3.9,0,Safe,Sales
11302,3.4,0,Safe,Sales
11303,3.9,0,Safe,Sales
11399,5.7,0,Safe,Sales
11400,7.8,0,Safe,Sales
11404,7.8,0,Safe,Sales
11405,7.8,0,Safe,Sales
11407,5.7,0,Safe,Sales
11408,5.9,0,Safe,Sales
11412,7.8,0,Safe,Sales
11413,7.8,0,Safe,Sales
11578,4.1,0,Safe,Research & Development
11579,15.4,0,Safe,Sales
11580,2.5,0,Safe,Research & Development
11581,10.2,0,Safe,Sales
11582,4.1,0,Safe,Research & Development
11583,15.4,0,Safe,Sales
11470,4.7,0,Safe,Research & Development
11585,12.4,0,Safe,Sales
11586,15.4,0,Safe,Sales
11587,2.5,0,Safe,Research & Development
11588,10.2,0,Safe,Sales
11589,4.1,0,Safe,Research & Development
11590,15.4,0,Safe,Sales
11591,4.6,0,Safe,Research & Development
11592,12.4,0,Safe,Sales
11609,1.3,0,Safe,Sales
11610,2.0,0,Safe,Sales
11614,2.0,0,Safe,Sales
11615,2.0,0,Safe,Sales
11616,1.3,0,Safe,Sales
11617,2.0,0,Safe,Sales
11621,2.0,0,Safe,Sales
11622,2.0,0,Safe,Sales
11976,7.2,0,Safe,Sales
11978,4.0,0,Safe,Sales
11982,10.3,0,Safe,Sales
11983,5.9,0,Safe,Sales
11984,7.2,0,Safe,Sales
11986,6.1,0,Safe,Sales
11990,7.2,0,Safe,Sales
11991,5.9,0,Safe,Sales
12269,3.3,0,Safe,Research & Development
12271,3.3,0,Safe,Research & Development
12275,2.8,0,Safe,Research & Development
12276,3.3,0,Safe,Research & Development
12277,2.8,0,Safe,Research & Development
12279,2.7,0,Safe,Research & Development
12283,3.3,0,Safe,Research & Development
12365,3.8,0,Safe,Sales
12367,5.8,0,Safe,Sales
12368,6.0,0,Safe,Sales
12369,3.6,0,Safe,Sales
12373,6.0,0,Safe,Sales
12375,3.6,0,Safe,Sales
12376,3.8,0,Safe,Sales
12377,3.6,0,Safe,Sales
12578,3.9,0,Safe,Research & Development
12581,6.8,0,Safe,Research & Development
12582,6.8,0,Safe,Research & Development
12583,6.8,0,Safe,Research & Development
12586,6.8,0,Safe,Research & Development
12589,6.8,0,Safe,Research & Development
12590,6.8,0,Safe,Research & Development
12591,6.8,0,Safe,Research & Development
12943,12.8,0,Safe,Sales
12946,13.9,0,Safe,Sales
12949,12.8,0,Safe,Sales
12950,15.0,0,Safe,Sales
12951,12.8,0,Safe,Sales
12954,15.0,0,Safe,Sales
12957,12.8,0,Safe,Sales
12958,15.0,0,Safe,Sales
13007,2.9,0,Safe,Sales
13009,2.6,0,Safe,Sales
13013,2.9,0,Safe,Sales
13014,2.6,0,Safe,Sales
13015,2.9,0,Safe,Sales
13017,2.6,0,Safe,Sales
13021,2.9,0,Safe,Sales
13022,2.6,0,Safe,Sales
13088,10.3,0,Safe,Research & Development
13089,6.4,0,Safe,Research & Development
13091,19.5,0,Safe,Research & Development
13092,10.9,0,Safe,Research & Development
13096,10.3,0,Safe,Research & Development
13097,6.4,0,Safe,Research & Development
13099,19.5,0,Safe,Research & Development
13100,11.0,0,Safe,Research & Development
13245,6.2,0,Safe,Human Resources
13247,3.1,0,Safe,Human Resources
13251,6.2,0,Safe,Human Resources
13252,2.3,0,Safe,Human Resources
13253,6.2,0,Safe,Human Resources
13255,1.2,0,Safe,Human Resources
12686,2.5,0,Safe,Human Resources
13260,5.8,0,Safe,Human Resources
14246,5.2,0,Safe,Sales
14247,5.4,0,Safe,Sales
14251,7.3,0,Safe,Sales
14252,7.9,0,Safe,Sales
14254,5.2,0,Safe,Sales
14255,5.4,0,Safe,Sales
14259,7.3,0,Safe,Sales
15120,16.4,0,Safe,Research & Development
15122,17.8,0,Safe,Research & Development
15125,16.4,0,Safe,Research & Development
15126,17.5,0,Safe,Research & Development
15128,16.4,0,Safe,Research & Development
15130,17.8,0,Safe,Research & Development
15133,16.4,0,Safe,Research & Development
15134,17.5,0,Safe,Research & Development
15429,9.4,0,Safe,Sales
15431,15.2,0,Safe,Sales
15435,16.0,0,Safe,Sales
15436,15.2,0,Safe,Sales
15437,9.4,0,Safe,Sales
15439,12.9,0,Safe,Sales
15443,14.2,0,Safe,Sales
15444,12.9,0,Safe,Sales
15572,18.3,0,Safe,Research & Development
15574,25.2,0,Safe,Research & Development
15577,18.3,0,Safe,Research & Development
15578,18.3,0,Safe,Research & Development
15580,14.9,0,Safe,Research & Development
15582,25.2,0,Safe,Research & Development
15585,18.3,0,Safe,Research & Development
15586,18.3,0,Safe,Research & Development
15728,5.9,0,Safe,Research & Development
15730,8.4,0,Safe,Research & Development
15734,9.6,0,Safe,Research & Development
15735,6.9,0,Safe,Research & Development
15736,5.9,0,Safe,Research & Development
15738,8.4,0,Safe,Research & Development
15742,9.6,0,Safe,Research & Development
16326,5.1,0,Safe,Research & Development
16328,4.3,0,Safe,Research & Development
16329,5.1,0,Safe,Research & Development
16330,4.3,0,Safe,Research & Development
16334,5.1,0,Safe,Research & Development
16336,4.3,0,Safe,Research & Development
16337,5.1,0,Safe,Research & Development
16338,4.3,0,Safe,Research & Development
17716,30.3,0,Safe,Human Resources
17719,30.1,0,Safe,Human Resources
17720,33.8,0,Safe,Human Resources
17721,30.1,0,Safe,Human Resources
17724,33.8,0,Safe,Human Resources
17727,30.1,0,Safe,Human Resources
17728,33.8,0,Safe,Human Resources
17729,30.1,0,Safe,Human Resources
17897,7.4,0,Safe,Sales
17900,9.2,0,Safe,Sales
17903,7.4,0,Safe,Sales
17904,9.2,0,Safe,Sales
17905,7.4,0,Safe,Sales
17907,9.2,0,Safe,Sales
17910,7.4,0,Safe,Sales
17911,9.2,0,Safe,Sales
17912,6.4,0,Safe,Sales
17915,12.9,0,Safe,Sales
17916,11.3,0,Safe,Sales
17917,12.9,0,Safe,Sales
17920,6.4,0,Safe,Sales
17922,12.9,0,Safe,Sales
17923,11.3,0,Safe,Sales
17924,12.9,0,Safe,Sales
18426,13.0,0,Safe,Research & Development
18427,11.7,0,Safe,Research & Development
18431,13.7,0,Safe,Research & Development
18432,11.7,0,Safe,Research & Development
18434,13.0,0,Safe,Research & Development
18435,12.8,0,Safe,Research & Development
18439,12.3,0,Safe,Research & Development
18440,12.8,0,Safe,Research & Development
18559,11.8,0,Safe,Research & Development
18561,11.5,0,Safe,Research & Development
18563,11.8,0,Safe,Research & Development
18564,4.1,0,Safe,Research & Development
18567,11.8,0,Safe,Research & Development
18569,11.5,0,Safe,Research & Development
18571,4.9,0,Safe,Research & Development
18572,11.5,0,Safe,Research & Development
18692,3.8,0,Safe,Research & Development
18693,3.9,0,Safe,Research & Development
18697,3.8,0,Safe,Research & Development
18698,3.9,0,Safe,Research & Development
18700,3.8,0,Safe,Research & Development
18701,3.9,0,Safe,Research & Development
18705,3.8,0,Safe,Research & Development
18723,5.0,0,Safe,Research & Development
18724,4.6,0,Safe,Research & Development
18726,5.0,0,Safe,Research & Development
18727,4.6,0,Safe,Research & Development
18731,5.0,0,Safe,Research & Development
18732,4.6,0,Safe,Research & Development
18734,5.0,0,Safe,Research & Development
18735,4.6,0,Safe,Research & Development
18981,6.2,0,Safe,Research & Development
18983,5.0,0,Safe,Research & Development
18987,6.2,0,Safe,Research & Development
18988,5.0,0,Safe,Research & Development
18989,4.5,0,Safe,Research & Development
18991,5.0,0,Safe,Research & Development
18995,6.2,0,Safe,Research & Development
18996,5.0,0,Safe,Research & Development
19030,8.1,0,Safe,Research & Development
19032,11.4,0,Safe,Research & Development
19035,9.6,0,Safe,Research & Development
19036,11.4,0,Safe,Research & Development
19038,9.6,0,Safe,Research & Development
19040,9.6,0,Safe,Research & Development
19043,9.6,0,Safe,Research & Development
19045,19.3,0,Safe,Research & Development
19047,21.3,0,Safe,Research & Development
19050,19.3,0,Safe,Research & Development
19051,21.3,0,Safe,Research & Development
19053,19.3,0,Safe,Research & Development
19055,20.7,0,Safe,Research & Development
19058,19.3,0,Safe,Research & Development
19059,20.7,0,Safe,Research & Development
19076,4.7,0,Safe,Research & Development
19078,2.3,0,Safe,Research & Development
19080,2.3,0,Safe,Research & Development
19081,2.3,0,Safe,Research & Development
19087,4.7,0,Safe,Research & Development
19089,2.3,0,Safe,Research & Development
19091,2.3,0,Safe,Research & Development
19092,2.3,0,Safe,Research & Development
19222,3.9,0,Safe,Research & Development
19224,3.1,0,Safe,Research & Development
19228,3.9,0,Safe,Research & Development
19229,3.1,0,Safe,Research & Development
19230,3.9,0,Safe,Research & Development
19232,3.1,0,Safe,Research & Development
19236,3.9,0,Safe,Research & Development
19237,3.1,0,Safe,Research & Development
19603,2.2,0,Safe,Research & Development
19604,2.1,0,Safe,Research & Development
19608,1.9,0,Safe,Research & Development
19609,1.9,0,Safe,Research & Development
19611,2.2,0,Safe,Research & Development
19612,1.9,0,Safe,Research & Development
19616,1.9,0,Safe,Research & Development
19617,2.1,0,Safe,Research & Development
19890,4.2,0,Safe,Research & Development
19892,5.2,0,Safe,Research & Development
19895,4.2,0,Safe,Research & Development
19896,5.2,0,Safe,Research & Development
19898,3.5,0,Safe,Research & Development
19900,5.2,0,Safe,Research & Development
19903,4.2,0,Safe,Research & Development
19904,5.2,0,Safe,Research & Development
20079,9.6,0,Safe,Research & Development
20081,14.1,0,Safe,Research & Development
20085,15.8,0,Safe,Research & Development
20086,14.1,0,Safe,Research & Development
20087,15.8,0,Safe,Research & Development
20089,14.1,0,Safe,Research & Development
20093,15.8,0,Safe,Research & Development
20094,8.3,0,Safe,Research & Development
20157,23.7,0,Safe,Research & Development
20160,18.8,0,Safe,Research & Development
20161,25.9,0,Safe,Research & Development
20162,18.8,0,Safe,Research & Development
20165,23.7,0,Safe,Research & Development
20168,18.8,0,Safe,Research & Development
20169,23.7,0,Safe,Research & Development
20170,18.8,0,Safe,Research & Development
20331,1.9,0,Safe,Research & Development
20333,2.1,0,Safe,Research & Development
20335,2.1,0,Safe,Research & Development
20336,1.9,0,Safe,Research & Development
20339,2.1,0,Safe,Research & Development
20341,2.1,0,Safe,Research & Development
20343,1.9,0,Safe,Research & Development
20344,2.1,0,Safe,Research & Development
20603,3.1,0,Safe,Human Resources
20605,4.2,0,Safe,Human Resources
20609,3.1,0,Safe,Human Resources
20610,4.2,0,Safe,Human Resources
20611,4.3,0,Safe,Human Resources
20613,5.6,0,Safe,Human Resources
20617,3.1,0,Safe,Human Resources
20618,5.6,0,Safe,Human Resources
20780,10.5,0,Safe,Research & Development
20781,12.2,0,Safe,Research & Development
20785,5.5,0,Safe,Research & Development
20786,6.1,0,Safe,Research & Development
20788,10.5,0,Safe,Research & Development
20789,12.2,0,Safe,Research & Development
20793,5.5,0,Safe,Research & Development
20794,6.1,0,Safe,Research & Development
20907,5.8,0,Safe,Sales
20909,6.6,0,Safe,Sales
20911,3.3,0,Safe,Sales
20912,3.6,0,Safe,Sales
20915,5.8,0,Safe,Sales
20917,6.6,0,Safe,Sales
20919,3.3,0,Safe,Sales
20920,5.0,0,Safe,Sales
21179,4.3,0,Safe,Research & Development
21180,4.0,0,Safe,Research & Development
21182,4.3,0,Safe,Research & Development
21183,4.1,0,Safe,Research & Development
21187,4.4,0,Safe,Research & Development
21188,4.6,0,Safe,Research & Development
21190,4.4,0,Safe,Research & Development
21191,4.1,0,Safe,Research & Development
21291,12.4,0,Safe,Human Resources
21292,11.5,0,Safe,Human Resources
21296,9.2,0,Safe,Human Resources
21297,7.8,0,Safe,Human Resources
21299,14.2,0,Safe,Human Resources
21300,11.5,0,Safe,Human Resources
21304,9.2,0,Safe,Human Resources
21305,7.8,0,Safe,Human Resources
21513,2.4,0,Safe,Research & Development
21514,3.4,0,Safe,Research & Development
21516,4.0,0,Safe,Research & Development
21517,4.4,0,Safe,Research & Development
21521,3.2,0,Safe,Research & Development
21522,3.4,0,Safe,Research & Development
21524,5.3,0,Safe,Research & Development
21525,5.7,0,Safe,Research & Development
21593,0.8,0,Safe,Research & Development
21595,0.8,0,Safe,Research & Development
21596,0.9,0,Safe,Research & Development
21597,0.9,0,Safe,Research & Development
21601,0.8,0,Safe,Research & Development
21603,0.8,0,Safe,Research & Development
21604,0.8,0,Safe,Research & Development
21605,0.8,0,Safe,Research & Development
21957,1.7,0,Safe,Research & Development
21960,1.7,0,Safe,Research & Development
21963,1.7,0,Safe,Research & Development
21964,1.7,0,Safe,Research & Development
21965,1.7,0,Safe,Research & Development
21968,1.7,0,Safe,Research & Development
21971,1.7,0,Safe,Research & Development
21972,1.7,0,Safe,Research & Development
22005,2.0,0,Safe,Research & Development
22008,2.6,0,Safe,Research & Development
22011,2.0,0,Safe,Research & Development
22012,2.6,0,Safe,Research & Development
22013,2.0,0,Safe,Research & Development
22016,2.1,0,Safe,Research & Development
22019,2.0,0,Safe,Research & Development
22020,2.1,0,Safe,Research & Development
22245,20.4,0,Safe,Sales
22247,24.1,0,Safe,Sales
22249,20.4,0,Safe,Sales
22250,24.1,0,Safe,Sales
22253,20.4,0,Safe,Sales
22255,19.5,0,Safe,Sales
22257,20.4,0,Safe,Sales
22258,24.1,0,Safe,Sales
22294,7.6,0,Safe,Research & Development
22295,9.0,0,Safe,Research & Development
22299,5.8,0,Safe,Research & Development
22300,5.5,0,Safe,Research & Development
22302,5.7,0,Safe,Research & Development
22303,6.2,0,Safe,Research & Development
22307,5.8,0,Safe,Research & Development
22308,5.5,0,Safe,Research & Development
22358,2.7,0,Safe,Sales
22360,2.5,0,Safe,Sales
22363,1.8,0,Safe,Sales
22364,1.1,0,Safe,Sales
22366,3.9,0,Safe,Sales
22368,2.1,0,Safe,Sales
22371,1.8,0,Safe,Sales
22372,1.6,0,Safe,Sales
22389,1.6,0,Safe,Human Resources
22391,1.6,0,Safe,Human Resources
22395,1.6,0,Safe,Human Resources
22396,1.6,0,Safe,Human Resources
22397,1.6,0,Safe,Human Resources
22398,1.6,0,Safe,Human Resources
22402,1.6,0,Safe,Human Resources
22403,1.6,0,Safe,Human Resources
22643,8.0,0,Safe,Sales
22645,3.7,0,Safe,Sales
22647,8.0,0,Safe,Sales
22648,6.0,0,Safe,Sales
22651,8.0,0,Safe,Sales
22653,6.0,0,Safe,Sales
22655,8.0,0,Safe,Sales
22656,3.8,0,Safe,Sales
22657,6.0,0,Safe,Sales
22658,7.9,0,Safe,Sales
22677,22.9,0,Safe,Research & Development
22679,19.5,0,Safe,Research & Development
22683,22.9,0,Safe,Research & Development
22684,19.5,0,Safe,Research & Development
22685,22.9,0,Safe,Research & Development
22687,19.5,0,Safe,Research & Development
22691,22.9,0,Safe,Research & Development
22692,19.5,0,Safe,Research & Development
22693,6.5,0,Safe,Research & Development
22694,6.3,0,Safe,Research & Development
22870,0.8,0,Safe,Research & Development
22873,0.9,0,Safe,Research & Development
22874,0.8,0,Safe,Research & Development
22875,0.9,0,Safe,Research & Development
22878,0.8,0,Safe,Research & Development
22881,0.9,0,Safe,Research & Development
22882,0.8,0,Safe,Research & Development
22883,1.0,0,Safe,Research & Development
22884,4.5,0,Safe,Research & Development
22885,8.1,0,Safe,Research & Development
23202,27.5,0,Safe,Sales
23205,33.2,0,Safe,Sales
23208,27.5,0,Safe,Sales
23209,33.2,0,Safe,Sales
23210,18.2,0,Safe,Sales
23213,33.2,0,Safe,Sales
23216,27.5,0,Safe,Sales
23217,31.5,0,Safe,Sales
23218,21.0,0,Safe,Sales
23219,31.4,0,Safe,Sales
23511,10.8,0,Safe,Research & Development
4293,7.3,0,Safe,Research & Development
4295,6.2,0,Safe,Research & Development
4296,7.3,0,Safe,Research & Development
4297,6.2,0,Safe,Research & Development
4301,6.9,0,Safe,Research & Development
4303,6.2,0,Safe,Research & Development
4304,7.3,0,Safe,Research & Development
4305,6.2,0,Safe,Research & Development
8531,30.5,0,Safe,Sales
8532,30.4,0,Safe,Sales
8534,19.3,0,Safe,Sales
8535,19.2,0,Safe,Sales
8541,30.5,0,Safe,Sales
8542,25.4,0,Safe,Sales
8544,19.3,0,Safe,Sales
8545,11.2,0,Safe,Sales
9396,8.3,0,Safe,Research & Development
9398,7.7,0,Safe,Research & Development
9400,6.1,0,Safe,Research & Development
9401,7.6,0,Safe,Research & Development
9404,8.3,0,Safe,Research & Development
9406,7.7,0,Safe,Research & Development
9408,8.1,0,Safe,Research & Development
9409,7.6,0,Safe,Research & Development
12611,5.0,0,Safe,Sales
12613,5.0,0,Safe,Sales
12614,13.3,0,Safe,Sales
12615,13.3,0,Safe,Sales
12619,5.0,0,Safe,Sales
12621,5.0,0,Safe,Sales
12622,13.3,0,Safe,Sales
12623,13.3,0,Safe,Sales
18707,20.0,0,Safe,Research & Development
18709,20.4,0,Safe,Research & Development
18710,32.1,0,Safe,Research & Development
18711,32.6,0,Safe,Research & Development
18715,20.0,0,Safe,Research & Development
18717,20.4,0,Safe,Research & Development
18718,18.9,0,Safe,Research & Development
18719,32.6,0,Safe,Research & Development
19206,17.2,0,Safe,Research & Development
19208,24.6,0,Safe,Research & Development
19210,15.4,0,Safe,Research & Development
19211,15.4,0,Safe,Research & Development
19214,17.2,0,Safe,Research & Development
19216,24.6,0,Safe,Research & Development
19218,15.4,0,Safe,Research & Development
19219,15.4,0,Safe,Research & Development
19394,11.1,0,Safe,Sales
19397,15.6,0,Safe,Sales
19398,13.2,0,Safe,Sales
19399,16.2,0,Safe,Sales
19402,11.1,0,Safe,Sales
19405,15.6,0,Safe,Sales
19406,6.9,0,Safe,Sales
19407,16.2,0,Safe,Sales
22999,21.8,0,Safe,Sales
23001,32.6,0,Safe,Sales
23003,25.3,0,Safe,Sales
23004,36.3,0,Safe,Sales
23007,18.9,0,Safe,Sales
23009,32.6,0,Safe,Sales
23011,25.3,0,Safe,Sales
23012,28.3,0,Safe,Sales
1495,7.3,0,Safe,Sales
1497,8.0,0,Safe,Sales
1499,8.6,0,Safe,Sales
1500,8.8,0,Safe,Sales
1504,8.0,0,Safe,Sales
1506,8.0,0,Safe,Sales
1507,9.1,0,Safe,Sales
2785,6.6,0,Safe,Research & Development
2787,6.2,0,Safe,Research & Development
2788,1.2,0,Safe,Research & Development
2789,1.2,0,Safe,Research & Development
2793,7.5,0,Safe,Research & Development
2795,6.2,0,Safe,Research & Development
2796,1.2,0,Safe,Research & Development
2797,1.2,0,Safe,Research & Development
5592,4.0,0,Safe,Research & Development
5595,4.9,0,Safe,Research & Development
5596,6.0,0,Safe,Research & Development
5597,6.4,0,Safe,Research & Development
5600,4.0,0,Safe,Research & Development
5603,4.4,0,Safe,Research & Development
5604,6.0,0,Safe,Research & Development
5605,6.4,0,Safe,Research & Development
6483,2.4,0,Safe,Research & Development
6484,3.3,0,Safe,Research & Development
6486,3.8,0,Safe,Research & Development
6487,2.7,0,Safe,Research & Development
6491,3.4,0,Safe,Research & Development
6492,3.3,0,Safe,Research & Development
6494,3.8,0,Safe,Research & Development
6495,1.5,0,Safe,Research & Development
7654,1.2,0,Safe,Research & Development
7656,2.5,0,Safe,Research & Development
7657,2.6,0,Safe,Research & Development
7658,1.3,0,Safe,Research & Development
7662,2.5,0,Safe,Research & Development
7664,2.5,0,Safe,Research & Development
7665,1.3,0,Safe,Research & Development
7666,2.6,0,Safe,Research & Development
8262,5.4,0,Safe,Research & Development
8265,5.2,0,Safe,Research & Development
8266,5.8,0,Safe,Research & Development
8267,5.6,0,Safe,Research & Development
8270,5.4,0,Safe,Research & Development
8273,3.0,0,Safe,Research & Development
8274,5.8,0,Safe,Research & Development
8275,5.6,0,Safe,Research & Development
8839,2.7,0,Safe,Research & Development
8841,1.8,0,Safe,Research & Development
8843,5.6,0,Safe,Research & Development
8844,5.6,0,Safe,Research & Development
8847,2.1,0,Safe,Research & Development
8849,1.8,0,Safe,Research & Development
8851,5.6,0,Safe,Research & Development
8852,5.6,0,Safe,Research & Development
9074,20.5,0,Safe,Research & Development
9077,24.1,0,Safe,Research & Development
9078,15.9,0,Safe,Research & Development
9079,13.4,0,Safe,Research & Development
9082,26.2,0,Safe,Research & Development
9085,19.4,0,Safe,Research & Development
9086,15.9,0,Safe,Research & Development
9087,13.4,0,Safe,Research & Development
14573,9.7,0,Safe,Research & Development
14575,6.6,0,Safe,Research & Development
14577,11.4,0,Safe,Research & Development
14578,10.1,0,Safe,Research & Development
14581,9.7,0,Safe,Research & Development
14583,9.1,0,Safe,Research & Development
14585,11.4,0,Safe,Research & Development
14586,10.1,0,Safe,Research & Development
15382,3.4,0,Safe,Research & Development
15384,3.5,0,Safe,Research & Development
15385,11.3,0,Safe,Research & Development
15386,11.4,0,Safe,Research & Development
15390,3.4,0,Safe,Research & Development
15392,3.5,0,Safe,Research & Development
15393,11.3,0,Safe,Research & Development
15394,11.4,0,Safe,Research & Development
15509,1.0,0,Safe,Research & Development
15511,1.0,0,Safe,Research & Development
15512,2.2,0,Safe,Research & Development
15513,4.7,0,Safe,Research & Development
15517,1.0,0,Safe,Research & Development
15519,1.0,0,Safe,Research & Development
15520,4.4,0,Safe,Research & Development
15521,4.7,0,Safe,Research & Development
15604,36.7,0,Safe,Research & Development
15606,38.2,0,Safe,Research & Development
15607,11.0,0,Safe,Research & Development
15608,16.0,0,Safe,Research & Development
15612,36.7,0,Safe,Research & Development
15614,38.2,0,Safe,Research & Development
15615,15.2,0,Safe,Research & Development
15616,16.0,0,Safe,Research & Development
17320,11.3,0,Safe,Research & Development
17323,11.3,0,Safe,Research & Development
17324,12.7,0,Safe,Research & Development
17325,8.7,0,Safe,Research & Development
17328,11.3,0,Safe,Research & Development
17331,11.9,0,Safe,Research & Development
17332,12.7,0,Safe,Research & Development
17333,12.7,0,Safe,Research & Development
18017,5.9,0,Safe,Research & Development
18020,5.7,0,Safe,Research & Development
18021,5.9,0,Safe,Research & Development
18022,2.6,0,Safe,Research & Development
18025,2.6,0,Safe,Research & Development
18028,2.6,0,Safe,Research & Development
18029,5.9,0,Safe,Research & Development
18030,5.7,0,Safe,Research & Development
18950,0.7,0,Safe,Research & Development
18951,1.0,0,Safe,Research & Development
18953,2.5,0,Safe,Research & Development
18954,2.0,0,Safe,Research & Development
18958,0.9,0,Safe,Research & Development
18959,1.1,0,Safe,Research & Development
18961,2.5,0,Safe,Research & Development
18962,2.0,0,Safe,Research & Development
19794,11.7,0,Safe,Research & Development
19797,9.0,0,Safe,Research & Development
19798,3.8,0,Safe,Research & Development
19799,3.8,0,Safe,Research & Development
19802,11.7,0,Safe,Research & Development
19805,11.7,0,Safe,Research & Development
19806,3.8,0,Safe,Research & Development
19807,3.8,0,Safe,Research & Development
21307,14.1,0,Safe,Research & Development
21309,7.9,0,Safe,Research & Development
21310,5.3,0,Safe,Research & Development
21311,11.9,0,Safe,Research & Development
21315,7.4,0,Safe,Research & Development
21317,15.9,0,Safe,Research & Development
21318,5.3,0,Safe,Research & Development
21319,11.9,0,Safe,Research & Development
21449,5.7,0,Safe,Sales
21450,5.6,0,Safe,Sales
21452,9.4,0,Safe,Sales
21453,5.4,0,Safe,Sales
21457,5.7,0,Safe,Sales
21458,5.6,0,Safe,Sales
21460,9.4,0,Safe,Sales
21461,5.4,0,Safe,Sales
22515,5.3,0,Safe,Research & Development
22518,5.3,0,Safe,Research & Development
22521,2.7,0,Safe,Research & Development
22522,6.0,0,Safe,Research & Development
22523,5.3,0,Safe,Research & Development
22526,3.8,0,Safe,Research & Development
22529,6.0,0,Safe,Research & Development
22530,6.0,0,Safe,Research & Development
23075,2.5,0,Safe,Research & Development
23077,2.3,0,Safe,Research & Development
23078,1.9,0,Safe,Research & Development
23079,1.3,0,Safe,Research & Development
23083,2.5,0,Safe,Research & Development
23085,2.3,0,Safe,Research & Development
23086,1.9,0,Safe,Research & Development
23087,1.3,0,Safe,Research & Development
4884,11.7,0,Safe,Research & Development
4886,19.7,0,Safe,Research & Development
4887,18.4,0,Safe,Research & Development
4888,12.9,0,Safe,Research & Development
4891,19.7,0,Safe,Research & Development
4893,19.7,0,Safe,Research & Development
4894,18.4,0,Safe,Research & Development
4895,17.7,0,Safe,Research & Development
6116,21.9,0,Safe,Research & Development
6117,20.9,0,Safe,Research & Development
6119,18.8,0,Safe,Research & Development
6120,8.1,0,Safe,Research & Development
6123,21.9,0,Safe,Research & Development
6124,20.9,0,Safe,Research & Development
6126,18.8,0,Safe,Research & Development
6127,8.1,0,Safe,Research & Development
7120,40.2,0,Safe,Research & Development
7122,28.4,0,Safe,Research & Development
7124,40.6,0,Safe,Research & Development
7125,41.7,0,Safe,Research & Development
7128,40.2,0,Safe,Research & Development
7130,40.0,0,Safe,Research & Development
7132,40.6,0,Safe,Research & Development
7133,41.7,0,Safe,Research & Development
9333,14.4,0,Safe,Research & Development
9335,13.9,0,Safe,Research & Development
9336,18.5,0,Safe,Research & Development
9337,34.9,0,Safe,Research & Development
9341,16.0,0,Safe,Research & Development
9343,13.9,0,Safe,Research & Development
9344,33.4,0,Safe,Research & Development
9345,34.9,0,Safe,Research & Development
10697,17.3,0,Safe,Research & Development
10699,17.3,0,Safe,Research & Development
10701,6.4,0,Safe,Research & Development
10702,17.3,0,Safe,Research & Development
10705,17.3,0,Safe,Research & Development
10708,8.3,0,Safe,Research & Development
10710,9.2,0,Safe,Research & Development
10711,8.3,0,Safe,Research & Development
13784,11.8,0,Safe,Research & Development
13786,10.6,0,Safe,Research & Development
13788,33.0,0,Safe,Research & Development
13789,11.7,0,Safe,Research & Development
13792,11.8,0,Safe,Research & Development
13794,10.6,0,Safe,Research & Development
13796,41.0,0,Safe,Research & Development
13797,11.7,0,Safe,Research & Development
19113,29.1,0,Safe,Research & Development
19115,29.4,0,Safe,Research & Development
19116,22.2,0,Safe,Research & Development
19117,29.4,0,Safe,Research & Development
19121,29.1,0,Safe,Research & Development
19123,29.4,0,Safe,Research & Development
19124,22.2,0,Safe,Research & Development
19125,29.4,0,Safe,Research & Development
20347,49.1,1,HIGH RISK,Research & Development
20349,55.0,1,HIGH RISK,Research & Development
20351,62.0,1,HIGH RISK,Research & Development
20352,62.0,1,HIGH RISK,Research & Development
20355,49.1,1,HIGH RISK,Research & Development
20357,49.1,1,HIGH RISK,Research & Development
20359,62.0,1,HIGH RISK,Research & Development
20360,62.0,1,HIGH RISK,Research & Development
21400,59.2,1,HIGH RISK,Research & Development
21402,50.2,1,HIGH RISK,Research & Development
21404,37.5,0,Safe,Research & Development
21405,28.7,0,Safe,Research & Development
21408,59.2,1,HIGH RISK,Research & Development
21410,55.2,1,HIGH RISK,Research & Development
21412,51.4,1,HIGH RISK,Research & Development
21413,28.7,0,Safe,Research & Development
22054,55.4,1,HIGH RISK,Research & Development
22055,71.9,1,HIGH RISK,Research & Development
22057,72.5,1,HIGH RISK,Research & Development
22058,57.9,1,HIGH RISK,Research & Development
22062,70.4,1,HIGH RISK,Research & Development
22063,71.9,1,HIGH RISK,Research & Development
22065,72.5,1,HIGH RISK,Research & Development
22066,57.9,1,HIGH RISK,Research & Development
343,32.7,0,Safe,Research & Development
381,8.7,0,Safe,Research & Development
383,8.7,0,Safe,Research & Development
385,24.2,0,Safe,Research & Development
386,24.9,0,Safe,Research & Development
389,8.6,0,Safe,Research & Development
390,2.7,0,Safe,Research & Development
391,5.3,0,Safe,Research & Development
393,8.6,0,Safe,Research & Development
395,23.9,0,Safe,Research & Development
396,24.9,0,Safe,Research & Development
1844,44.6,1,HIGH RISK,Research & Development
1846,44.6,1,HIGH RISK,Research & Development
1848,31.8,0,Safe,Research & Development
1849,21.9,0,Safe,Research & Development
1853,44.6,1,HIGH RISK,Research & Development
1855,31.8,0,Safe,Research & Development
1856,33.0,0,Safe,Research & Development
1891,2.4,0,Safe,Research & Development
1892,2.2,0,Safe,Research & Development
1894,3.6,0,Safe,Research & Development
1895,3.2,0,Safe,Research & Development
1898,2.4,0,Safe,Research & Development
1899,2.2,0,Safe,Research & Development
1901,3.6,0,Safe,Research & Development
1902,3.2,0,Safe,Research & Development
2144,6.3,0,Safe,Research & Development
2146,2.7,0,Safe,Research & Development
2148,10.6,0,Safe,Research & Development
2149,16.3,0,Safe,Research & Development
2152,6.3,0,Safe,Research & Development
2154,2.7,0,Safe,Research & Development
2156,15.6,0,Safe,Research & Development
2157,11.1,0,Safe,Research & Development
2643,2.7,0,Safe,Research & Development
2646,2.3,0,Safe,Research & Development
2647,4.3,0,Safe,Research & Development
2648,1.6,0,Safe,Research & Development
2651,3.3,0,Safe,Research & Development
2653,2.3,0,Safe,Research & Development
2654,4.3,0,Safe,Research & Development
2655,1.3,0,Safe,Research & Development
3379,1.6,0,Safe,Research & Development
3381,1.6,0,Safe,Research & Development
3383,4.1,0,Safe,Research & Development
3384,1.6,0,Safe,Research & Development
3387,1.6,0,Safe,Research & Development
3389,1.6,0,Safe,Research & Development
3391,4.1,0,Safe,Research & Development
3392,1.6,0,Safe,Research & Development
4571,2.3,0,Safe,Research & Development
4572,1.8,0,Safe,Research & Development
4574,7.0,0,Safe,Research & Development
4575,2.9,0,Safe,Research & Development
4579,2.3,0,Safe,Research & Development
4580,2.4,0,Safe,Research & Development
4582,7.0,0,Safe,Research & Development
4583,1.5,0,Safe,Research & Development
5279,16.0,0,Safe,Research & Development
5281,16.0,0,Safe,Research & Development
5282,16.2,0,Safe,Research & Development
5283,9.6,0,Safe,Research & Development
5287,16.0,0,Safe,Research & Development
5289,16.0,0,Safe,Research & Development
5290,16.2,0,Safe,Research & Development
5291,9.6,0,Safe,Research & Development
6199,14.1,0,Safe,Research & Development
6201,12.5,0,Safe,Research & Development
6203,7.5,0,Safe,Research & Development
6204,12.6,0,Safe,Research & Development
6207,14.1,0,Safe,Research & Development
6209,12.5,0,Safe,Research & Development
6211,7.5,0,Safe,Research & Development
6212,12.6,0,Safe,Research & Development
7975,16.0,0,Safe,Research & Development
7977,17.0,0,Safe,Research & Development
7979,7.8,0,Safe,Research & Development
7980,2.9,0,Safe,Research & Development
7983,7.0,0,Safe,Research & Development
7985,17.0,0,Safe,Research & Development
7987,7.8,0,Safe,Research & Development
7988,2.9,0,Safe,Research & Development
9844,1.1,0,Safe,Research & Development
9845,1.5,0,Safe,Research & Development
9847,12.8,0,Safe,Research & Development
9848,8.8,0,Safe,Research & Development
9852,1.1,0,Safe,Research & Development
9853,1.5,0,Safe,Research & Development
9855,8.8,0,Safe,Research & Development
9856,8.8,0,Safe,Research & Development
10112,7.4,0,Safe,Research & Development
10114,3.6,0,Safe,Research & Development
10116,14.8,0,Safe,Research & Development
10117,15.1,0,Safe,Research & Development
10120,7.4,0,Safe,Research & Development
10122,4.0,0,Safe,Research & Development
10124,14.8,0,Safe,Research & Development
10125,15.1,0,Safe,Research & Development
11757,12.3,0,Safe,Research & Development
11760,12.3,0,Safe,Research & Development
11761,28.8,0,Safe,Research & Development
11762,30.9,0,Safe,Research & Development
11765,12.3,0,Safe,Research & Development
11768,12.3,0,Safe,Research & Development
11769,28.8,0,Safe,Research & Development
11770,24.7,0,Safe,Research & Development
12784,15.3,0,Safe,Research & Development
12785,18.2,0,Safe,Research & Development
12787,34.7,0,Safe,Research & Development
12788,34.7,0,Safe,Research & Development
12792,15.3,0,Safe,Research & Development
12793,18.2,0,Safe,Research & Development
12795,36.2,0,Safe,Research & Development
12796,36.2,0,Safe,Research & Development
13246,2.5,0,Safe,Research & Development
13248,5.1,0,Safe,Research & Development
13249,7.6,0,Safe,Research & Development
13250,10.6,0,Safe,Research & Development
13254,5.1,0,Safe,Research & Development
13256,5.1,0,Safe,Research & Development
13257,10.6,0,Safe,Research & Development
13258,7.6,0,Safe,Research & Development
13485,16.1,0,Safe,Research & Development
13486,13.3,0,Safe,Research & Development
13488,9.7,0,Safe,Research & Development
13489,9.1,0,Safe,Research & Development
13493,16.1,0,Safe,Research & Development
13494,13.3,0,Safe,Research & Development
13496,10.6,0,Safe,Research & Development
13497,9.1,0,Safe,Research & Development
14738,4.2,0,Safe,Research & Development
14739,4.3,0,Safe,Research & Development
14741,10.8,0,Safe,Research & Development
14742,10.7,0,Safe,Research & Development
14746,4.2,0,Safe,Research & Development
14747,3.8,0,Safe,Research & Development
14749,10.8,0,Safe,Research & Development
14750,10.7,0,Safe,Research & Development
15255,4.0,0,Safe,Research & Development
15257,15.3,0,Safe,Research & Development
15258,11.9,0,Safe,Research & Development
15259,18.5,0,Safe,Research & Development
15263,6.4,0,Safe,Research & Development
15265,15.3,0,Safe,Research & Development
15266,7.4,0,Safe,Research & Development
15267,8.1,0,Safe,Research & Development
18171,14.4,0,Safe,Research & Development
18174,16.6,0,Safe,Research & Development
18175,8.4,0,Safe,Research & Development
18176,10.9,0,Safe,Research & Development
18181,16.9,0,Safe,Research & Development
18182,8.4,0,Safe,Research & Development
18183,15.6,0,Safe,Research & Development
21067,3.8,0,Safe,Research & Development
21069,3.8,0,Safe,Research & Development
21070,2.7,0,Safe,Research & Development
21071,2.7,0,Safe,Research & Development
21075,3.8,0,Safe,Research & Development
21077,3.8,0,Safe,Research & Development
21078,2.7,0,Safe,Research & Development
21079,2.1,0,Safe,Research & Development
21497,9.8,0,Safe,Research & Development
21498,12.1,0,Safe,Research & Development
21500,11.3,0,Safe,Research & Development
21501,19.8,0,Safe,Research & Development
21505,9.8,0,Safe,Research & Development
21506,14.8,0,Safe,Research & Development
21508,11.3,0,Safe,Research & Development
21509,19.8,0,Safe,Research & Development
22759,6.2,0,Safe,Research & Development
22761,6.4,0,Safe,Research & Development
22763,5.2,0,Safe,Research & Development
22764,7.0,0,Safe,Research & Development
22767,6.2,0,Safe,Research & Development
22769,6.4,0,Safe,Research & Development
22771,6.0,0,Safe,Research & Development
22772,7.0,0,Safe,Research & Development
5105,4.5,0,Safe,Sales
5107,10.7,0,Safe,Sales
5110,10.7,0,Safe,Sales
5111,10.7,0,Safe,Sales
5113,6.4,0,Safe,Sales
5115,10.7,0,Safe,Sales
5118,10.7,0,Safe,Sales
5119,10.7,0,Safe,Sales
5955,8.7,0,Safe,Sales
5957,8.9,0,Safe,Sales
5961,6.6,0,Safe,Sales
5962,6.7,0,Safe,Sales
5963,8.7,0,Safe,Sales
5965,8.9,0,Safe,Sales
5969,8.7,0,Safe,Sales
5970,8.9,0,Safe,Sales
8199,20.2,0,Safe,Research & Development
8201,23.9,0,Safe,Research & Development
8204,20.2,0,Safe,Research & Development
8205,23.9,0,Safe,Research & Development
8207,20.2,0,Safe,Research & Development
8209,23.9,0,Safe,Research & Development
8212,20.2,0,Safe,Research & Development
8213,23.9,0,Safe,Research & Development
10828,13.1,0,Safe,Sales
10830,11.1,0,Safe,Sales
10831,13.1,0,Safe,Sales
10832,6.7,0,Safe,Sales
10836,13.1,0,Safe,Sales
10838,11.1,0,Safe,Sales
10839,13.1,0,Safe,Sales
10840,11.1,0,Safe,Sales
11337,29.4,0,Safe,Sales
11340,34.0,0,Safe,Sales
11341,27.3,0,Safe,Sales
11342,34.0,0,Safe,Sales
11344,29.4,0,Safe,Sales
11347,31.8,0,Safe,Sales
11348,29.4,0,Safe,Sales
11349,34.0,0,Safe,Sales
11859,7.8,0,Safe,Sales
11861,7.8,0,Safe,Sales
11864,5.6,0,Safe,Sales
11865,15.1,0,Safe,Sales
11867,18.0,0,Safe,Sales
11869,18.0,0,Safe,Sales
11872,15.1,0,Safe,Sales
11873,15.1,0,Safe,Sales
15151,18.2,0,Safe,Sales
15154,20.1,0,Safe,Sales
15155,18.2,0,Safe,Sales
15156,20.1,0,Safe,Sales
15159,18.2,0,Safe,Sales
15162,20.1,0,Safe,Sales
15163,11.8,0,Safe,Sales
15164,20.1,0,Safe,Sales
18722,16.5,0,Safe,Research & Development
18725,14.4,0,Safe,Research & Development
18728,13.4,0,Safe,Research & Development
18729,14.4,0,Safe,Research & Development
18730,16.5,0,Safe,Research & Development
18733,14.4,0,Safe,Research & Development
18736,13.4,0,Safe,Research & Development
18737,14.4,0,Safe,Research & Development
187,10.2,0,Safe,Research & Development
1257,35.0,0,Safe,Research & Development
1259,29.6,0,Safe,Research & Development
1260,35.0,0,Safe,Research & Development
1261,32.5,0,Safe,Research & Development
1264,35.0,0,Safe,Research & Development
1266,32.5,0,Safe,Research & Development
1268,29.6,0,Safe,Research & Development
1554,3.0,0,Safe,Research & Development
1556,5.4,0,Safe,Research & Development
1560,3.0,0,Safe,Research & Development
1561,3.5,0,Safe,Research & Development
1563,5.4,0,Safe,Research & Development
1567,3.0,0,Safe,Research & Development
1568,3.0,0,Safe,Research & Development
1905,3.6,0,Safe,Research & Development
1906,1.4,0,Safe,Research & Development
1910,2.7,0,Safe,Research & Development
1911,3.6,0,Safe,Research & Development
1913,2.6,0,Safe,Research & Development
1914,1.4,0,Safe,Research & Development
1918,2.6,0,Safe,Research & Development
1919,2.6,0,Safe,Research & Development
2493,1.4,0,Safe,Research & Development
2496,0.8,0,Safe,Research & Development
2499,1.4,0,Safe,Research & Development
2500,1.4,0,Safe,Research & Development
2501,1.4,0,Safe,Research & Development
2503,0.8,0,Safe,Research & Development
2506,1.4,0,Safe,Research & Development
2507,1.4,0,Safe,Research & Development
2613,1.7,0,Safe,Sales
2616,1.7,0,Safe,Sales
2619,1.7,0,Safe,Sales
2620,1.7,0,Safe,Sales
2621,1.7,0,Safe,Sales
2623,1.7,0,Safe,Sales
2626,1.7,0,Safe,Sales
2627,1.7,0,Safe,Sales
2849,2.4,0,Safe,Research & Development
2851,2.4,0,Safe,Research & Development
2854,2.4,0,Safe,Research & Development
2855,2.4,0,Safe,Research & Development
2857,2.4,0,Safe,Research & Development
2859,3.5,0,Safe,Research & Development
2862,3.1,0,Safe,Research & Development
2863,2.4,0,Safe,Research & Development
3053,1.8,0,Safe,Research & Development
3055,1.8,0,Safe,Research & Development
3059,1.8,0,Safe,Research & Development
3060,1.8,0,Safe,Research & Development
3061,1.8,0,Safe,Research & Development
3063,1.8,0,Safe,Research & Development
3067,1.8,0,Safe,Research & Development
3068,2.2,0,Safe,Research & Development
3102,3.0,0,Safe,Research & Development
3220,3.1,0,Safe,Sales
3222,5.7,0,Safe,Sales
3225,5.7,0,Safe,Sales
3226,5.3,0,Safe,Sales
3228,2.6,0,Safe,Sales
3230,5.3,0,Safe,Sales
3233,7.2,0,Safe,Sales
3234,5.3,0,Safe,Sales
3331,15.0,0,Safe,Research & Development
3334,11.7,0,Safe,Research & Development
3337,15.0,0,Safe,Research & Development
3338,11.7,0,Safe,Research & Development
3339,19.8,0,Safe,Research & Development
3342,15.5,0,Safe,Research & Development
3345,15.0,0,Safe,Research & Development
3346,11.7,0,Safe,Research & Development
3415,6.4,0,Safe,Research & Development
3417,3.9,0,Safe,Research & Development
3419,8.3,0,Safe,Research & Development
3420,3.0,0,Safe,Research & Development
3423,6.4,0,Safe,Research & Development
3425,3.0,0,Safe,Research & Development
3427,6.6,0,Safe,Research & Development
3428,3.0,0,Safe,Research & Development
3432,10.5,0,Safe,Research & Development
3434,11.2,0,Safe,Research & Development
3435,13.8,0,Safe,Research & Development
3436,8.7,0,Safe,Research & Development
3440,10.5,0,Safe,Research & Development
3442,8.7,0,Safe,Research & Development
3443,8.0,0,Safe,Research & Development
3444,11.2,0,Safe,Research & Development
3942,17.2,0,Safe,Sales
3943,18.2,0,Safe,Sales
3947,16.5,0,Safe,Sales
3948,18.2,0,Safe,Sales
3950,16.5,0,Safe,Sales
3951,18.2,0,Safe,Sales
3955,16.5,0,Safe,Sales
3956,18.2,0,Safe,Sales
3973,2.4,0,Safe,Research & Development
3976,2.3,0,Safe,Research & Development
3979,2.4,0,Safe,Research & Development
3980,2.3,0,Safe,Research & Development
3981,2.4,0,Safe,Research & Development
3984,2.3,0,Safe,Research & Development
3987,2.4,0,Safe,Research & Development
3988,2.3,0,Safe,Research & Development
4197,1.5,0,Safe,Research & Development
4199,4.2,0,Safe,Research & Development
4203,4.2,0,Safe,Research & Development
4204,4.2,0,Safe,Research & Development
4205,1.5,0,Safe,Research & Development
4207,4.0,0,Safe,Research & Development
4211,4.0,0,Safe,Research & Development
4212,4.2,0,Safe,Research & Development
5434,15.9,0,Safe,Sales
5436,15.3,0,Safe,Sales
5440,15.9,0,Safe,Sales
5441,14.5,0,Safe,Sales
5442,15.9,0,Safe,Sales
5444,15.3,0,Safe,Sales
5448,15.9,0,Safe,Sales
5449,15.3,0,Safe,Sales
5844,8.5,0,Safe,Research & Development
5847,7.4,0,Safe,Research & Development
5850,7.5,0,Safe,Research & Development
5851,6.8,0,Safe,Research & Development
5852,7.5,0,Safe,Research & Development
5855,6.8,0,Safe,Research & Development
5858,7.5,0,Safe,Research & Development
5859,7.4,0,Safe,Research & Development
6263,22.5,0,Safe,Sales
6265,19.0,0,Safe,Sales
6269,22.5,0,Safe,Sales
6270,19.0,0,Safe,Sales
6271,22.5,0,Safe,Sales
6273,19.0,0,Safe,Sales
6277,22.5,0,Safe,Sales
6278,19.0,0,Safe,Sales
6325,16.5,0,Safe,Research & Development
6327,8.6,0,Safe,Research & Development
6329,6.9,0,Safe,Research & Development
6330,11.4,0,Safe,Research & Development
6333,16.5,0,Safe,Research & Development
6335,14.5,0,Safe,Research & Development
6337,6.9,0,Safe,Research & Development
6338,6.9,0,Safe,Research & Development
6731,2.3,0,Safe,Sales
6733,2.4,0,Safe,Sales
6737,2.3,0,Safe,Sales
6738,2.3,0,Safe,Sales
6740,2.3,0,Safe,Sales
6744,2.1,0,Safe,Sales
6745,2.4,0,Safe,Sales
6822,14.3,0,Safe,Research & Development
6823,19.7,0,Safe,Research & Development
6827,19.4,0,Safe,Research & Development
6828,19.7,0,Safe,Research & Development
6829,19.4,0,Safe,Research & Development
6830,26.1,0,Safe,Research & Development
6834,13.4,0,Safe,Research & Development
6835,26.1,0,Safe,Research & Development
6852,7.0,0,Safe,Research & Development
6853,11.4,0,Safe,Research & Development
6855,12.5,0,Safe,Research & Development
6856,6.4,0,Safe,Research & Development
6859,7.0,0,Safe,Research & Development
6860,6.4,0,Safe,Research & Development
6863,6.4,0,Safe,Research & Development
6912,6.0,0,Safe,Research & Development
6913,3.5,0,Safe,Research & Development
6915,6.0,0,Safe,Research & Development
6916,5.2,0,Safe,Research & Development
6919,6.0,0,Safe,Research & Development
6920,5.2,0,Safe,Research & Development
6922,6.0,0,Safe,Research & Development
6923,5.2,0,Safe,Research & Development
7206,10.8,0,Safe,Research & Development
7208,5.3,0,Safe,Research & Development
7212,6.6,0,Safe,Research & Development
7213,8.9,0,Safe,Research & Development
7214,10.8,0,Safe,Research & Development
7216,2.8,0,Safe,Research & Development
7220,6.6,0,Safe,Research & Development
7221,8.9,0,Safe,Research & Development
7360,9.4,0,Safe,Sales
7363,11.0,0,Safe,Sales
7364,9.4,0,Safe,Sales
7365,11.0,0,Safe,Sales
7368,9.4,0,Safe,Sales
7370,11.0,0,Safe,Sales
7371,9.4,0,Safe,Sales
7372,11.0,0,Safe,Sales
7745,6.2,0,Safe,Research & Development
7746,4.0,0,Safe,Research & Development
7750,6.2,0,Safe,Research & Development
7751,5.5,0,Safe,Research & Development
7752,6.2,0,Safe,Research & Development
7753,4.0,0,Safe,Research & Development
7757,6.4,0,Safe,Research & Development
7758,5.5,0,Safe,Research & Development
8008,6.3,0,Safe,Sales
8010,5.7,0,Safe,Sales
8013,6.3,0,Safe,Sales
8014,5.7,0,Safe,Sales
8016,6.3,0,Safe,Sales
8018,5.7,0,Safe,Sales
8021,6.3,0,Safe,Sales
8022,5.7,0,Safe,Sales
8135,24.6,0,Safe,Research & Development
8137,22.8,0,Safe,Research & Development
8140,24.6,0,Safe,Research & Development
8141,21.5,0,Safe,Research & Development
8143,24.6,0,Safe,Research & Development
8145,21.5,0,Safe,Research & Development
8148,25.1,0,Safe,Research & Development
8149,21.5,0,Safe,Research & Development
8183,22.5,0,Safe,Research & Development
8185,16.7,0,Safe,Research & Development
8188,22.5,0,Safe,Research & Development
8189,19.4,0,Safe,Research & Development
8191,22.5,0,Safe,Research & Development
8193,16.7,0,Safe,Research & Development
8196,22.5,0,Safe,Research & Development
8197,19.4,0,Safe,Research & Development
8548,3.8,0,Safe,Sales
8551,3.9,0,Safe,Sales
8552,2.4,0,Safe,Sales
8553,2.4,0,Safe,Sales
8556,3.9,0,Safe,Sales
8557,2.6,0,Safe,Sales
8558,5.4,0,Safe,Sales
8561,3.9,0,Safe,Sales
8562,2.4,0,Safe,Sales
8563,2.4,0,Safe,Sales
8656,4.2,0,Safe,Research & Development
8658,14.6,0,Safe,Research & Development
8659,9.0,0,Safe,Research & Development
8660,14.6,0,Safe,Research & Development
8666,4.2,0,Safe,Research & Development
8668,7.5,0,Safe,Research & Development
8669,9.0,0,Safe,Research & Development
8670,14.6,0,Safe,Research & Development
8886,9.8,0,Safe,Research & Development
8888,13.2,0,Safe,Research & Development
8890,6.1,0,Safe,Research & Development
8891,7.7,0,Safe,Research & Development
8894,9.8,0,Safe,Research & Development
8896,13.2,0,Safe,Research & Development
8898,6.1,0,Safe,Research & Development
8899,7.7,0,Safe,Research & Development
8996,7.9,0,Safe,Research & Development
8997,7.3,0,Safe,Research & Development
9001,7.9,0,Safe,Research & Development
9002,7.3,0,Safe,Research & Development
9004,6.3,0,Safe,Research & Development
9005,7.3,0,Safe,Research & Development
9009,7.9,0,Safe,Research & Development
9010,7.3,0,Safe,Research & Development
9075,10.1,0,Safe,Research & Development
9076,8.9,0,Safe,Research & Development
9080,14.1,0,Safe,Research & Development
9081,13.0,0,Safe,Research & Development
9083,10.1,0,Safe,Research & Development
9084,12.6,0,Safe,Research & Development
9088,10.1,0,Safe,Research & Development
9089,9.3,0,Safe,Research & Development
9106,43.8,1,HIGH RISK,Research & Development
9108,50.9,1,HIGH RISK,Research & Development
9111,30.5,0,Safe,Research & Development
9112,35.5,0,Safe,Research & Development
9114,43.8,1,HIGH RISK,Research & Development
9116,50.9,1,HIGH RISK,Research & Development
9119,30.5,0,Safe,Research & Development
9120,35.5,0,Safe,Research & Development
9348,6.7,0,Safe,Research & Development
9350,3.3,0,Safe,Research & Development
9354,3.6,0,Safe,Research & Development
9355,6.2,0,Safe,Research & Development
9356,6.7,0,Safe,Research & Development
9358,6.2,0,Safe,Research & Development
9362,6.7,0,Safe,Research & Development
9363,6.2,0,Safe,Research & Development
9413,6.2,0,Safe,Research & Development
9418,6.2,0,Safe,Research & Development
9419,6.2,0,Safe,Research & Development
9421,6.5,0,Safe,Research & Development
9422,6.2,0,Safe,Research & Development
9426,6.2,0,Safe,Research & Development
9427,6.2,0,Safe,Research & Development
9652,17.9,0,Safe,Research & Development
9655,10.1,0,Safe,Research & Development
9658,17.9,0,Safe,Research & Development
9659,14.0,0,Safe,Research & Development
9660,13.8,0,Safe,Research & Development
9663,14.0,0,Safe,Research & Development
9666,17.9,0,Safe,Research & Development
9667,14.0,0,Safe,Research & Development
9876,12.9,0,Safe,Research & Development
9877,11.1,0,Safe,Research & Development
9881,12.7,0,Safe,Research & Development
9882,11.3,0,Safe,Research & Development
9884,12.7,0,Safe,Research & Development
9885,11.1,0,Safe,Research & Development
9889,12.7,0,Safe,Research & Development
9890,11.1,0,Safe,Research & Development
10097,2.3,0,Safe,Research & Development
10098,2.1,0,Safe,Research & Development
10102,2.4,0,Safe,Research & Development
10103,2.1,0,Safe,Research & Development
10105,2.3,0,Safe,Research & Development
10106,2.1,0,Safe,Research & Development
10110,2.3,0,Safe,Research & Development
10111,2.1,0,Safe,Research & Development
10430,3.8,0,Safe,Sales
10432,3.3,0,Safe,Sales
10433,3.8,0,Safe,Sales
10434,3.4,0,Safe,Sales
10438,3.8,0,Safe,Sales
10440,3.3,0,Safe,Sales
10441,3.8,0,Safe,Sales
10442,3.4,0,Safe,Sales
10876,5.9,0,Safe,Sales
10877,5.8,0,Safe,Sales
10879,5.9,0,Safe,Sales
10880,5.8,0,Safe,Sales
10884,5.9,0,Safe,Sales
10885,5.8,0,Safe,Sales
10887,5.0,0,Safe,Sales
10888,5.8,0,Safe,Sales
10987,27.8,0,Safe,Sales
10990,35.7,0,Safe,Sales
10993,34.4,0,Safe,Sales
10994,35.7,0,Safe,Sales
10995,34.4,0,Safe,Sales
10998,35.7,0,Safe,Sales
11001,34.4,0,Safe,Sales
11002,35.7,0,Safe,Sales
11099,1.1,0,Safe,Research & Development
11102,0.9,0,Safe,Research & Development
11105,1.1,0,Safe,Research & Development
11106,0.9,0,Safe,Research & Development
11107,1.1,0,Safe,Research & Development
11110,1.1,0,Safe,Research & Development
11113,1.1,0,Safe,Research & Development
11114,0.9,0,Safe,Research & Development
11476,9.7,0,Safe,Sales
11478,3.8,0,Safe,Sales
11481,9.7,0,Safe,Sales
11482,9.0,0,Safe,Sales
11483,9.7,0,Safe,Sales
11485,4.6,0,Safe,Sales
11488,9.7,0,Safe,Sales
11489,9.0,0,Safe,Sales
11549,10.8,0,Safe,Sales
11551,10.8,0,Safe,Sales
11554,10.8,0,Safe,Sales
11555,10.8,0,Safe,Sales
11556,10.8,0,Safe,Sales
11558,10.8,0,Safe,Sales
11561,10.8,0,Safe,Sales
11562,10.8,0,Safe,Sales
11836,7.2,0,Safe,Sales
12087,12.9,0,Safe,Research & Development
12316,8.1,0,Safe,Sales
12319,8.8,0,Safe,Sales
12322,8.1,0,Safe,Sales
12323,8.8,0,Safe,Sales
12324,8.1,0,Safe,Sales
12327,8.8,0,Safe,Sales
12330,8.1,0,Safe,Sales
12331,8.8,0,Safe,Sales
12579,3.4,0,Safe,Sales
12580,3.4,0,Safe,Sales
12584,3.4,0,Safe,Sales
12585,3.4,0,Safe,Sales
12587,3.4,0,Safe,Sales
12588,3.4,0,Safe,Sales
12592,3.4,0,Safe,Sales
12593,3.4,0,Safe,Sales
12594,3.0,0,Safe,Research & Development
12597,4.6,0,Safe,Research & Development
12600,1.2,0,Safe,Research & Development
12601,1.9,0,Safe,Research & Development
12602,3.0,0,Safe,Research & Development
12605,11.0,0,Safe,Research & Development
12608,1.3,0,Safe,Research & Development
12609,1.9,0,Safe,Research & Development
13055,10.5,0,Safe,Research & Development
13058,11.4,0,Safe,Research & Development
13059,10.5,0,Safe,Research & Development
13060,11.4,0,Safe,Research & Development
13063,10.5,0,Safe,Research & Development
13066,10.9,0,Safe,Research & Development
13067,10.5,0,Safe,Research & Development
13068,11.4,0,Safe,Research & Development
13420,10.8,0,Safe,Research & Development
13423,7.3,0,Safe,Research & Development
13426,10.8,0,Safe,Research & Development
13427,7.3,0,Safe,Research & Development
13428,9.7,0,Safe,Research & Development
13431,7.3,0,Safe,Research & Development
13434,10.8,0,Safe,Research & Development
13435,7.3,0,Safe,Research & Development
13437,0.6,0,Safe,Research & Development
13439,1.1,0,Safe,Research & Development
13440,1.0,0,Safe,Research & Development
13441,1.1,0,Safe,Research & Development
13445,0.6,0,Safe,Research & Development
13447,1.1,0,Safe,Research & Development
13448,1.0,0,Safe,Research & Development
13449,1.1,0,Safe,Research & Development
13548,11.6,0,Safe,Research & Development
13551,8.9,0,Safe,Research & Development
13554,11.6,0,Safe,Research & Development
13555,11.3,0,Safe,Research & Development
13556,9.1,0,Safe,Research & Development
13559,8.9,0,Safe,Research & Development
13562,11.6,0,Safe,Research & Development
13563,8.5,0,Safe,Research & Development
13658,4.6,0,Safe,Research & Development
13659,4.9,0,Safe,Research & Development
13663,4.6,0,Safe,Research & Development
13664,4.9,0,Safe,Research & Development
13666,4.6,0,Safe,Research & Development
13667,4.9,0,Safe,Research & Development
13671,4.6,0,Safe,Research & Development
13672,4.6,0,Safe,Research & Development
13801,11.6,0,Safe,Research & Development
13803,13.7,0,Safe,Research & Development
13804,9.9,0,Safe,Research & Development
13805,13.7,0,Safe,Research & Development
13809,11.6,0,Safe,Research & Development
13811,13.7,0,Safe,Research & Development
13812,11.6,0,Safe,Research & Development
13813,13.7,0,Safe,Research & Development
13880,4.9,0,Safe,Sales
13882,4.7,0,Safe,Sales
13884,5.5,0,Safe,Sales
13885,4.7,0,Safe,Sales
13888,4.9,0,Safe,Sales
13890,4.7,0,Safe,Sales
13892,4.9,0,Safe,Sales
13893,4.7,0,Safe,Sales
14088,2.9,0,Safe,Research & Development
14089,3.1,0,Safe,Research & Development
14091,2.3,0,Safe,Research & Development
14092,3.1,0,Safe,Research & Development
14096,2.9,0,Safe,Research & Development
14097,3.1,0,Safe,Research & Development
14099,2.9,0,Safe,Research & Development
14100,3.1,0,Safe,Research & Development
14165,39.8,0,Safe,Sales
14168,39.8,0,Safe,Sales
14169,39.8,0,Safe,Sales
14170,39.8,0,Safe,Sales
14173,39.8,0,Safe,Sales
14176,39.8,0,Safe,Sales
14177,39.8,0,Safe,Sales
14178,39.8,0,Safe,Sales
14496,5.9,0,Safe,Sales
14498,8.9,0,Safe,Sales
14501,5.9,0,Safe,Sales
14502,5.8,0,Safe,Sales
14504,5.9,0,Safe,Sales
14506,5.8,0,Safe,Sales
14509,5.8,0,Safe,Sales
14770,0.5,0,Safe,Research & Development
14771,1.1,0,Safe,Research & Development
14773,1.1,0,Safe,Research & Development
14774,1.1,0,Safe,Research & Development
14778,0.4,0,Safe,Research & Development
14779,1.1,0,Safe,Research & Development
14781,1.1,0,Safe,Research & Development
15216,14.3,0,Safe,Research & Development
15333,11.2,0,Safe,Research & Development
15336,5.5,0,Safe,Research & Development
15339,11.2,0,Safe,Research & Development
15340,6.2,0,Safe,Research & Development
15341,11.2,0,Safe,Research & Development
15344,5.5,0,Safe,Research & Development
15347,11.2,0,Safe,Research & Development
15348,8.5,0,Safe,Research & Development
15365,6.3,0,Safe,Research & Development
15367,14.1,0,Safe,Research & Development
15371,12.2,0,Safe,Research & Development
15372,14.1,0,Safe,Research & Development
15373,6.3,0,Safe,Research & Development
15375,14.1,0,Safe,Research & Development
15379,12.2,0,Safe,Research & Development
15380,16.6,0,Safe,Research & Development
15492,21.8,0,Safe,Research & Development
15494,5.2,0,Safe,Research & Development
15498,13.5,0,Safe,Research & Development
15499,12.5,0,Safe,Research & Development
15500,8.2,0,Safe,Research & Development
15502,12.5,0,Safe,Research & Development
15506,13.5,0,Safe,Research & Development
15507,12.5,0,Safe,Research & Development
15541,5.3,0,Safe,Research & Development
15542,5.3,0,Safe,Research & Development
15546,2.5,0,Safe,Research & Development
15547,2.5,0,Safe,Research & Development
15549,5.3,0,Safe,Research & Development
15550,5.3,0,Safe,Research & Development
15554,5.3,0,Safe,Research & Development
15665,2.5,0,Safe,Research & Development
15667,5.1,0,Safe,Research & Development
15669,1.8,0,Safe,Research & Development
15670,2.8,0,Safe,Research & Development
15673,3.5,0,Safe,Research & Development
15675,5.1,0,Safe,Research & Development
15677,1.8,0,Safe,Research & Development
15678,1.7,0,Safe,Research & Development
15698,13.5,0,Safe,Research & Development
15700,17.2,0,Safe,Research & Development
15703,17.2,0,Safe,Research & Development
15704,17.2,0,Safe,Research & Development
15706,13.5,0,Safe,Research & Development
15708,17.2,0,Safe,Research & Development
15711,14.9,0,Safe,Research & Development
15760,7.2,0,Safe,Research & Development
15761,8.0,0,Safe,Research & Development
15765,12.3,0,Safe,Research & Development
15766,15.0,0,Safe,Research & Development
15768,8.4,0,Safe,Research & Development
15769,9.8,0,Safe,Research & Development
15773,15.0,0,Safe,Research & Development
16186,3.3,0,Safe,Research & Development
16188,2.9,0,Safe,Research & Development
16191,2.7,0,Safe,Research & Development
16192,2.9,0,Safe,Research & Development
16194,2.7,0,Safe,Research & Development
16196,2.9,0,Safe,Research & Development
16199,2.9,0,Safe,Research & Development
16469,5.6,0,Safe,Research & Development
16471,5.1,0,Safe,Research & Development
16473,5.6,0,Safe,Research & Development
16474,5.1,0,Safe,Research & Development
16480,5.6,0,Safe,Research & Development
16482,5.1,0,Safe,Research & Development
16484,5.6,0,Safe,Research & Development
16485,5.1,0,Safe,Research & Development
16649,7.6,0,Safe,Research & Development
16651,5.6,0,Safe,Research & Development
16655,11.1,0,Safe,Research & Development
16656,11.1,0,Safe,Research & Development
16657,7.6,0,Safe,Research & Development
16659,5.6,0,Safe,Research & Development
16663,11.1,0,Safe,Research & Development
16664,11.1,0,Safe,Research & Development
16728,5.7,0,Safe,Research & Development
16730,12.1,0,Safe,Research & Development
16734,12.1,0,Safe,Research & Development
16735,12.1,0,Safe,Research & Development
16736,12.1,0,Safe,Research & Development
16738,5.7,0,Safe,Research & Development
16742,10.7,0,Safe,Research & Development
16743,10.7,0,Safe,Research & Development
16841,3.9,0,Safe,Research & Development
16843,5.4,0,Safe,Research & Development
16846,5.8,0,Safe,Research & Development
16847,5.4,0,Safe,Research & Development
16849,3.9,0,Safe,Research & Development
16851,5.4,0,Safe,Research & Development
16854,5.4,0,Safe,Research & Development
16936,6.3,0,Safe,Research & Development
16937,11.0,0,Safe,Research & Development
16941,5.1,0,Safe,Research & Development
16942,6.5,0,Safe,Research & Development
16944,8.9,0,Safe,Research & Development
16945,11.9,0,Safe,Research & Development
16949,6.5,0,Safe,Research & Development
16999,8.2,0,Safe,Research & Development
17001,11.4,0,Safe,Research & Development
17002,13.2,0,Safe,Research & Development
17003,11.4,0,Safe,Research & Development
17007,8.2,0,Safe,Research & Development
17009,11.4,0,Safe,Research & Development
17010,11.4,0,Safe,Research & Development
17079,2.1,0,Safe,Sales
17080,2.0,0,Safe,Sales
17082,2.4,0,Safe,Sales
17083,2.0,0,Safe,Sales
17087,2.4,0,Safe,Sales
17088,2.0,0,Safe,Sales
17090,2.2,0,Safe,Sales
17280,3.4,0,Safe,Research & Development
17509,5.0,0,Safe,Sales
17512,7.2,0,Safe,Sales
17513,5.6,0,Safe,Sales
17514,6.4,0,Safe,Sales
17517,5.6,0,Safe,Sales
17520,7.2,0,Safe,Sales
17521,5.0,0,Safe,Sales
17522,7.2,0,Safe,Sales
17541,11.6,0,Safe,Human Resources
17543,11.6,0,Safe,Human Resources
17547,6.5,0,Safe,Human Resources
17548,6.5,0,Safe,Human Resources
17549,11.6,0,Safe,Human Resources
17551,11.6,0,Safe,Human Resources
17555,6.5,0,Safe,Human Resources
17556,6.5,0,Safe,Human Resources
17573,6.0,0,Safe,Research & Development
17575,4.9,0,Safe,Research & Development
17579,6.0,0,Safe,Research & Development
17580,4.8,0,Safe,Research & Development
17581,6.0,0,Safe,Research & Development
17583,4.9,0,Safe,Research & Development
17588,4.8,0,Safe,Research & Development
17606,6.5,0,Safe,Research & Development
17607,5.8,0,Safe,Research & Development
17611,4.9,0,Safe,Research & Development
17612,5.4,0,Safe,Research & Development
17614,4.7,0,Safe,Research & Development
17615,7.7,0,Safe,Research & Development
17619,5.4,0,Safe,Research & Development
17837,10.1,0,Safe,Research & Development
17839,8.6,0,Safe,Research & Development
17842,8.3,0,Safe,Research & Development
17843,8.6,0,Safe,Research & Development
17846,7.3,0,Safe,Research & Development
17849,8.6,0,Safe,Research & Development
17883,18.7,0,Safe,Research & Development
17884,16.5,0,Safe,Research & Development
17888,19.2,0,Safe,Research & Development
17889,12.6,0,Safe,Research & Development
17891,16.5,0,Safe,Research & Development
17895,19.2,0,Safe,Research & Development
17896,16.1,0,Safe,Research & Development
18095,1.9,0,Safe,Sales
18098,3.3,0,Safe,Sales
18099,3.0,0,Safe,Sales
18100,3.3,0,Safe,Sales
18103,1.9,0,Safe,Sales
18106,2.3,0,Safe,Sales
18107,3.0,0,Safe,Sales
18108,3.3,0,Safe,Sales
18127,6.6,0,Safe,Sales
18129,6.6,0,Safe,Sales
18132,6.6,0,Safe,Sales
18133,6.6,0,Safe,Sales
18134,7.7,0,Safe,Sales
18136,6.6,0,Safe,Sales
18139,6.6,0,Safe,Sales
18140,6.6,0,Safe,Sales
18142,7.8,0,Safe,Human Resources
18144,5.0,0,Safe,Human Resources
18145,7.8,0,Safe,Human Resources
18146,7.8,0,Safe,Human Resources
18149,7.8,0,Safe,Human Resources
18151,5.0,0,Safe,Human Resources
18152,7.8,0,Safe,Human Resources
18153,7.8,0,Safe,Human Resources
18350,8.3,0,Safe,Research & Development
18403,22.2,0,Safe,Research & Development
18472,7.5,0,Safe,Research & Development
18475,10.2,0,Safe,Research & Development
18476,10.2,0,Safe,Research & Development
18477,10.2,0,Safe,Research & Development
18480,5.5,0,Safe,Research & Development
18483,10.2,0,Safe,Research & Development
18484,4.1,0,Safe,Research & Development
18485,10.2,0,Safe,Research & Development
18537,22.9,0,Safe,Research & Development
18576,7.3,0,Safe,Sales
18614,8.4,0,Safe,Research & Development
18616,7.1,0,Safe,Research & Development
18618,8.4,0,Safe,Research & Development
18619,7.1,0,Safe,Research & Development
18621,8.4,0,Safe,Research & Development
18623,7.1,0,Safe,Research & Development
18625,8.9,0,Safe,Research & Development
18626,7.1,0,Safe,Research & Development
18801,9.6,0,Safe,Research & Development
18966,7.5,0,Safe,Sales
18967,7.7,0,Safe,Sales
18971,4.0,0,Safe,Sales
18972,4.1,0,Safe,Sales
18974,7.5,0,Safe,Sales
18975,7.7,0,Safe,Sales
18979,3.8,0,Safe,Sales
18980,4.1,0,Safe,Sales
19650,3.7,0,Safe,Research & Development
19653,3.0,0,Safe,Research & Development
19656,5.4,0,Safe,Research & Development
19657,3.3,0,Safe,Research & Development
19658,5.4,0,Safe,Research & Development
19661,3.0,0,Safe,Research & Development
19664,5.0,0,Safe,Research & Development
19665,4.8,0,Safe,Research & Development
19858,1.7,0,Safe,Sales
19860,1.7,0,Safe,Sales
19864,1.7,0,Safe,Sales
19865,1.7,0,Safe,Sales
19866,1.7,0,Safe,Sales
19868,1.5,0,Safe,Sales
19872,1.5,0,Safe,Sales
19873,1.7,0,Safe,Sales
19969,16.8,0,Safe,Research & Development
19970,16.1,0,Safe,Research & Development
19974,16.8,0,Safe,Research & Development
19975,16.1,0,Safe,Research & Development
19977,16.8,0,Safe,Research & Development
19978,16.1,0,Safe,Research & Development
19982,16.8,0,Safe,Research & Development
19983,16.1,0,Safe,Research & Development
20396,17.6,0,Safe,Sales
20398,19.3,0,Safe,Sales
20401,17.6,0,Safe,Sales
20402,19.3,0,Safe,Sales
20404,8.4,0,Safe,Sales
20406,19.3,0,Safe,Sales
20409,17.6,0,Safe,Sales
20410,19.3,0,Safe,Sales
20555,13.0,0,Safe,Research & Development
20557,9.4,0,Safe,Research & Development
20559,13.0,0,Safe,Research & Development
20560,13.2,0,Safe,Research & Development
20563,9.9,0,Safe,Research & Development
20565,9.4,0,Safe,Research & Development
20567,13.0,0,Safe,Research & Development
20568,13.2,0,Safe,Research & Development
20763,7.3,0,Safe,Research & Development
20765,5.9,0,Safe,Research & Development
20769,7.3,0,Safe,Research & Development
20770,7.1,0,Safe,Research & Development
20771,7.3,0,Safe,Research & Development
20773,5.9,0,Safe,Research & Development
20777,7.3,0,Safe,Research & Development
20778,7.1,0,Safe,Research & Development
20843,10.8,0,Safe,Research & Development
20846,20.5,0,Safe,Research & Development
20847,23.5,0,Safe,Research & Development
20848,9.2,0,Safe,Research & Development
20851,10.8,0,Safe,Research & Development
20854,20.5,0,Safe,Research & Development
20855,23.5,0,Safe,Research & Development
20856,20.5,0,Safe,Research & Development
20988,4.1,0,Safe,Research & Development
20989,2.1,0,Safe,Research & Development
20993,3.0,0,Safe,Research & Development
20994,3.2,0,Safe,Research & Development
20996,3.0,0,Safe,Research & Development
20997,3.2,0,Safe,Research & Development
21001,3.0,0,Safe,Research & Development
21002,3.2,0,Safe,Research & Development
21544,8.7,0,Safe,Research & Development
21546,4.4,0,Safe,Research & Development
21550,8.7,0,Safe,Research & Development
21551,7.9,0,Safe,Research & Development
21552,8.7,0,Safe,Research & Development
21554,4.4,0,Safe,Research & Development
21558,6.2,0,Safe,Research & Development
21559,7.9,0,Safe,Research & Development
21673,2.8,0,Safe,Research & Development
21675,2.3,0,Safe,Research & Development
21676,1.9,0,Safe,Research & Development
21677,2.0,0,Safe,Research & Development
21681,2.8,0,Safe,Research & Development
21683,2.3,0,Safe,Research & Development
21684,1.9,0,Safe,Research & Development
21685,2.0,0,Safe,Research & Development
21951,7.0,0,Safe,Research & Development
22470,3.3,0,Safe,Research & Development
22472,3.2,0,Safe,Research & Development
22475,1.4,0,Safe,Research & Development
22476,1.4,0,Safe,Research & Development
22478,2.5,0,Safe,Research & Development
22480,3.2,0,Safe,Research & Development
22483,1.4,0,Safe,Research & Development
22484,1.4,0,Safe,Research & Development
22531,16.0,0,Safe,Research & Development
22534,8.0,0,Safe,Research & Development
22535,16.0,0,Safe,Research & Development
22536,16.0,0,Safe,Research & Development
22539,16.0,0,Safe,Research & Development
22542,8.0,0,Safe,Research & Development
22543,26.1,0,Safe,Research & Development
22544,16.0,0,Safe,Research & Development
22547,4.7,0,Safe,Sales
22549,3.9,0,Safe,Sales
22553,3.2,0,Safe,Sales
22554,3.9,0,Safe,Sales
22555,3.9,0,Safe,Sales
22557,3.9,0,Safe,Sales
22561,5.8,0,Safe,Sales
22562,3.9,0,Safe,Sales
22612,9.6,0,Safe,Sales
22613,8.6,0,Safe,Sales
22615,3.8,0,Safe,Sales
22616,3.6,0,Safe,Sales
22620,0.9,0,Safe,Sales
22621,8.6,0,Safe,Sales
22623,3.8,0,Safe,Sales
22624,3.6,0,Safe,Sales
22822,6.7,0,Safe,Research & Development
22824,7.5,0,Safe,Research & Development
22828,10.9,0,Safe,Research & Development
22829,7.5,0,Safe,Research & Development
22830,6.7,0,Safe,Research & Development
22832,7.5,0,Safe,Research & Development
22836,11.9,0,Safe,Research & Development
22837,7.5,0,Safe,Research & Development
23268,3.0,0,Safe,Research & Development
23270,3.4,0,Safe,Research & Development
23274,3.4,0,Safe,Research & Development
23275,3.0,0,Safe,Research & Development
23276,3.0,0,Safe,Research & Development
23278,3.0,0,Safe,Research & Development
23282,3.0,0,Safe,Research & Development
23283,3.4,0,Safe,Research & Development
23300,2.4,0,Safe,Research & Development
23302,2.5,0,Safe,Research & Development
23306,2.4,0,Safe,Research & Development
23307,2.4,0,Safe,Research & Development
23308,2.4,0,Safe,Research & Development
23310,2.4,0,Safe,Research & Development
23314,2.4,0,Safe,Research & Development
23315,2.5,0,Safe,Research & Development
23461,10.2,0,Safe,Research & Development
23463,14.2,0,Safe,Research & Development
23466,7.9,0,Safe,Research & Development
23467,6.3,0,Safe,Research & Development
23469,14.2,0,Safe,Research & Development
23471,14.2,0,Safe,Research & Development
23474,7.9,0,Safe,Research & Development
23475,7.9,0,Safe,Research & Development
1267,35.0,0,Safe,Research & Development
6862,7.0,0,Safe,Research & Development
9414,6.5,0,Safe,Research & Development
5152,19.8,0,Safe,Research & Development
5154,19.3,0,Safe,Research & Development
5158,18.7,0,Safe,Research & Development
5159,19.3,0,Safe,Research & Development
5160,19.8,0,Safe,Research & Development
5162,19.3,0,Safe,Research & Development
5166,19.8,0,Safe,Research & Development
5167,19.3,0,Safe,Research & Development
6717,8.3,0,Safe,Sales
6719,9.5,0,Safe,Sales
6722,7.5,0,Safe,Sales
6723,9.5,0,Safe,Sales
6724,8.3,0,Safe,Sales
6726,9.5,0,Safe,Sales
6729,9.5,0,Safe,Sales
6730,7.5,0,Safe,Sales
11506,9.4,0,Safe,Sales
11507,13.9,0,Safe,Sales
11511,20.9,0,Safe,Sales
11512,13.9,0,Safe,Sales
11513,20.9,0,Safe,Sales
11514,13.9,0,Safe,Sales
11518,20.9,0,Safe,Sales
11519,13.9,0,Safe,Sales
12008,3.0,0,Safe,Sales
12010,4.6,0,Safe,Sales
12014,4.6,0,Safe,Sales
12015,4.6,0,Safe,Sales
12016,3.6,0,Safe,Sales
12018,4.6,0,Safe,Sales
12022,4.6,0,Safe,Sales
12023,4.6,0,Safe,Sales
14400,16.7,0,Safe,Research & Development
14402,18.5,0,Safe,Research & Development
14405,16.7,0,Safe,Research & Development
14406,16.1,0,Safe,Research & Development
14408,16.7,0,Safe,Research & Development
14410,18.5,0,Safe,Research & Development
14413,12.6,0,Safe,Research & Development
14414,16.1,0,Safe,Research & Development
15167,18.4,0,Safe,Sales
15169,17.5,0,Safe,Sales
15173,23.3,0,Safe,Sales
15174,17.5,0,Safe,Sales
15175,23.3,0,Safe,Sales
15177,17.5,0,Safe,Sales
15181,18.4,0,Safe,Sales
15182,17.5,0,Safe,Sales
1815,11.5,0,Safe,Research & Development
1816,12.2,0,Safe,Research & Development
1820,11.0,0,Safe,Research & Development
1821,12.6,0,Safe,Research & Development
1822,11.0,0,Safe,Research & Development
1823,12.6,0,Safe,Research & Development
1827,11.0,0,Safe,Research & Development
1828,12.6,0,Safe,Research & Development
2033,6.9,0,Safe,Research & Development
2034,4.7,0,Safe,Research & Development
2038,6.9,0,Safe,Research & Development
2039,6.8,0,Safe,Research & Development
2041,6.9,0,Safe,Research & Development
2042,4.7,0,Safe,Research & Development
2046,7.1,0,Safe,Research & Development
2047,7.0,0,Safe,Research & Development
2065,1.2,0,Safe,Sales
2066,1.3,0,Safe,Sales
2070,1.2,0,Safe,Sales
2071,1.4,0,Safe,Sales
2073,1.3,0,Safe,Sales
2074,1.4,0,Safe,Sales
2078,1.3,0,Safe,Sales
2079,1.4,0,Safe,Sales
3124,2.5,0,Safe,Research & Development
3126,1.4,0,Safe,Research & Development
3130,2.7,0,Safe,Research & Development
3131,2.9,0,Safe,Research & Development
3132,2.5,0,Safe,Research & Development
3134,1.4,0,Safe,Research & Development
3138,2.5,0,Safe,Research & Development
3139,2.7,0,Safe,Research & Development
3141,6.3,0,Safe,Research & Development
3142,5.1,0,Safe,Research & Development
3146,5.3,0,Safe,Research & Development
3147,5.1,0,Safe,Research & Development
3149,6.3,0,Safe,Research & Development
3150,5.1,0,Safe,Research & Development
3154,5.3,0,Safe,Research & Development
3155,5.1,0,Safe,Research & Development
3765,3.0,0,Safe,Research & Development
3767,2.5,0,Safe,Research & Development
3771,3.0,0,Safe,Research & Development
3772,2.5,0,Safe,Research & Development
3773,3.0,0,Safe,Research & Development
3775,2.5,0,Safe,Research & Development
3779,3.0,0,Safe,Research & Development
3780,2.5,0,Safe,Research & Development
3877,3.4,0,Safe,Sales
3879,3.4,0,Safe,Sales
3883,3.4,0,Safe,Sales
3884,3.4,0,Safe,Sales
3885,3.4,0,Safe,Sales
3887,3.4,0,Safe,Sales
3891,3.4,0,Safe,Sales
3892,3.4,0,Safe,Sales
4325,5.0,0,Safe,Research & Development
4327,5.8,0,Safe,Research & Development
4330,5.3,0,Safe,Research & Development
4331,5.8,0,Safe,Research & Development
4333,5.3,0,Safe,Research & Development
4335,5.8,0,Safe,Research & Development
4338,5.0,0,Safe,Research & Development
4339,5.8,0,Safe,Research & Development
5058,0.9,0,Safe,Research & Development
5059,0.7,0,Safe,Research & Development
5063,0.9,0,Safe,Research & Development
5064,0.9,0,Safe,Research & Development
5066,0.9,0,Safe,Research & Development
5067,0.6,0,Safe,Research & Development
5071,0.9,0,Safe,Research & Development
5072,0.9,0,Safe,Research & Development
5734,3.5,0,Safe,Research & Development
5735,2.2,0,Safe,Research & Development
5739,3.5,0,Safe,Research & Development
5740,3.5,0,Safe,Research & Development
5742,3.5,0,Safe,Research & Development
5743,3.5,0,Safe,Research & Development
5747,3.5,0,Safe,Research & Development
5748,3.5,0,Safe,Research & Development
6562,4.0,0,Safe,Research & Development
6564,3.3,0,Safe,Research & Development
6568,4.0,0,Safe,Research & Development
6569,3.3,0,Safe,Research & Development
6570,4.0,0,Safe,Research & Development
6572,3.3,0,Safe,Research & Development
6576,4.0,0,Safe,Research & Development
6577,3.3,0,Safe,Research & Development
6593,2.1,0,Safe,Research & Development
6595,2.2,0,Safe,Research & Development
6599,2.1,0,Safe,Research & Development
6600,1.9,0,Safe,Research & Development
6601,2.1,0,Safe,Research & Development
6603,1.9,0,Safe,Research & Development
6607,2.1,0,Safe,Research & Development
6608,1.9,0,Safe,Research & Development
7509,1.9,0,Safe,Research & Development
7512,3.0,0,Safe,Research & Development
7515,2.5,0,Safe,Research & Development
7516,2.5,0,Safe,Research & Development
7517,1.9,0,Safe,Research & Development
7520,3.0,0,Safe,Research & Development
7523,3.0,0,Safe,Research & Development
7524,3.0,0,Safe,Research & Development
9011,3.4,0,Safe,Sales
9013,2.8,0,Safe,Sales
9017,4.5,0,Safe,Sales
9018,3.4,0,Safe,Sales
9019,4.5,0,Safe,Sales
9021,2.1,0,Safe,Sales
9025,4.5,0,Safe,Sales
9026,4.5,0,Safe,Sales
9159,2.8,0,Safe,Research & Development
9162,6.2,0,Safe,Research & Development
9165,5.4,0,Safe,Research & Development
9166,6.2,0,Safe,Research & Development
9167,2.8,0,Safe,Research & Development
9170,6.2,0,Safe,Research & Development
9173,5.4,0,Safe,Research & Development
9174,6.2,0,Safe,Research & Development
9428,1.7,0,Safe,Research & Development
9431,1.3,0,Safe,Research & Development
9434,1.0,0,Safe,Research & Development
9435,1.0,0,Safe,Research & Development
9436,1.5,0,Safe,Research & Development
9439,1.3,0,Safe,Research & Development
9442,1.0,0,Safe,Research & Development
9443,1.0,0,Safe,Research & Development
9924,10.8,0,Safe,Sales
9926,8.6,0,Safe,Sales
9929,11.7,0,Safe,Sales
9930,8.6,0,Safe,Sales
9932,10.8,0,Safe,Sales
9934,8.6,0,Safe,Sales
9937,10.8,0,Safe,Sales
9938,8.6,0,Safe,Sales
10064,4.6,0,Safe,Research & Development
10067,3.7,0,Safe,Research & Development
10070,4.0,0,Safe,Research & Development
10071,3.4,0,Safe,Research & Development
10072,4.6,0,Safe,Research & Development
10075,3.7,0,Safe,Research & Development
10078,4.0,0,Safe,Research & Development
10079,3.4,0,Safe,Research & Development
11226,3.1,0,Safe,Research & Development
11228,2.6,0,Safe,Research & Development
11232,3.1,0,Safe,Research & Development
11233,2.6,0,Safe,Research & Development
11234,3.1,0,Safe,Research & Development
11236,2.6,0,Safe,Research & Development
11240,3.1,0,Safe,Research & Development
11241,2.6,0,Safe,Research & Development
11243,2.2,0,Safe,Sales
11245,2.3,0,Safe,Sales
11246,2.4,0,Safe,Sales
11247,2.2,0,Safe,Sales
11251,2.2,0,Safe,Sales
11253,2.5,0,Safe,Sales
11254,2.2,0,Safe,Sales
11255,2.5,0,Safe,Sales
12927,2.2,0,Safe,Research & Development
12929,1.4,0,Safe,Research & Development
12933,2.2,0,Safe,Research & Development
12934,1.5,0,Safe,Research & Development
12935,2.2,0,Safe,Research & Development
12937,1.5,0,Safe,Research & Development
12941,2.2,0,Safe,Research & Development
12942,1.5,0,Safe,Research & Development
14881,10.9,0,Safe,Research & Development
14883,18.3,0,Safe,Research & Development
14886,18.3,0,Safe,Research & Development
14887,18.3,0,Safe,Research & Development
14889,18.3,0,Safe,Research & Development
14891,18.3,0,Safe,Research & Development
14894,18.3,0,Safe,Research & Development
14895,18.3,0,Safe,Research & Development
15634,4.4,0,Safe,Research & Development
15635,5.3,0,Safe,Research & Development
15637,4.4,0,Safe,Research & Development
15638,5.3,0,Safe,Research & Development
15642,4.4,0,Safe,Research & Development
15643,5.3,0,Safe,Research & Development
15645,3.3,0,Safe,Research & Development
15646,5.3,0,Safe,Research & Development
15918,4.2,0,Safe,Research & Development
15919,3.8,0,Safe,Research & Development
15920,3.5,0,Safe,Research & Development
15921,3.8,0,Safe,Research & Development
15922,4.2,0,Safe,Research & Development
15923,3.8,0,Safe,Research & Development
15924,3.5,0,Safe,Research & Development
15925,3.8,0,Safe,Research & Development
15926,1.7,0,Safe,Research & Development
15927,3.8,0,Safe,Research & Development
15928,3.5,0,Safe,Research & Development
15929,3.8,0,Safe,Research & Development
15930,1.7,0,Safe,Research & Development
15931,3.8,0,Safe,Research & Development
15932,1.8,0,Safe,Research & Development
15933,3.8,0,Safe,Research & Development
16014,11.3,0,Safe,Research & Development
16017,5.1,0,Safe,Research & Development
16020,11.3,0,Safe,Research & Development
16021,5.1,0,Safe,Research & Development
16022,11.3,0,Safe,Research & Development
16025,5.1,0,Safe,Research & Development
16028,11.3,0,Safe,Research & Development
16029,5.1,0,Safe,Research & Development
17653,13.9,0,Safe,Research & Development
17655,13.9,0,Safe,Research & Development
17658,13.9,0,Safe,Research & Development
17659,13.9,0,Safe,Research & Development
17661,13.9,0,Safe,Research & Development
17663,13.9,0,Safe,Research & Development
17666,13.9,0,Safe,Research & Development
17667,13.9,0,Safe,Research & Development
20908,2.4,0,Safe,Research & Development
20910,4.3,0,Safe,Research & Development
20913,1.6,0,Safe,Research & Development
20914,2.2,0,Safe,Research & Development
20916,1.3,0,Safe,Research & Development
20918,4.3,0,Safe,Research & Development
20921,1.2,0,Safe,Research & Development
20922,2.2,0,Safe,Research & Development
22118,3.2,0,Safe,Research & Development
22119,3.2,0,Safe,Research & Development
22123,2.4,0,Safe,Research & Development
22124,2.4,0,Safe,Research & Development
22126,3.2,0,Safe,Research & Development
22127,3.2,0,Safe,Research & Development
22131,2.4,0,Safe,Research & Development
22132,2.4,0,Safe,Research & Development
22936,7.7,0,Safe,Sales
22939,11.2,0,Safe,Sales
22942,7.7,0,Safe,Sales
22943,11.2,0,Safe,Sales
22944,8.1,0,Safe,Sales
22947,11.2,0,Safe,Sales
22950,8.1,0,Safe,Sales
22951,11.2,0,Safe,Sales
5972,16.1,0,Safe,Sales
5974,21.4,0,Safe,Sales
5977,27.6,0,Safe,Sales
5978,32.6,0,Safe,Sales
5980,27.6,0,Safe,Sales
5982,21.4,0,Safe,Sales
5985,27.6,0,Safe,Sales
5986,32.6,0,Safe,Sales
8791,15.2,0,Safe,Research & Development
8794,18.2,0,Safe,Research & Development
8795,24.9,0,Safe,Research & Development
8796,23.7,0,Safe,Research & Development
8799,15.2,0,Safe,Research & Development
8802,23.7,0,Safe,Research & Development
8803,24.9,0,Safe,Research & Development
8804,23.7,0,Safe,Research & Development
13436,1.2,0,Safe,Sales
13438,7.8,0,Safe,Sales
13442,5.9,0,Safe,Sales
13443,7.8,0,Safe,Sales
13444,5.9,0,Safe,Sales
13446,7.8,0,Safe,Sales
13450,4.2,0,Safe,Sales
13451,7.8,0,Safe,Sales
15477,29.7,0,Safe,Research & Development
15479,19.8,0,Safe,Research & Development
15480,29.7,0,Safe,Research & Development
15481,22.0,0,Safe,Research & Development
15485,29.7,0,Safe,Research & Development
15487,22.0,0,Safe,Research & Development
15488,29.4,0,Safe,Research & Development
15489,19.8,0,Safe,Research & Development
250,4.4,0,Safe,Sales
311,16.5,0,Safe,Human Resources
312,13.5,0,Safe,Human Resources
316,16.5,0,Safe,Human Resources
317,12.9,0,Safe,Human Resources
323,3.0,0,Safe,Research & Development
324,16.5,0,Safe,Human Resources
327,13.5,0,Safe,Human Resources
331,16.5,0,Safe,Human Resources
332,12.9,0,Safe,Human Resources
559,3.5,0,Safe,Sales
562,2.3,0,Safe,Sales
565,3.9,0,Safe,Sales
566,4.3,0,Safe,Sales
567,3.9,0,Safe,Sales
568,4.0,0,Safe,Sales
569,13.0,0,Safe,Sales
572,2.1,0,Safe,Sales
575,3.9,0,Safe,Sales
576,4.8,0,Safe,Sales
2193,21.2,0,Safe,Research & Development
2195,25.1,0,Safe,Research & Development
2196,24.5,0,Safe,Research & Development
2197,25.1,0,Safe,Research & Development
2201,21.2,0,Safe,Research & Development
2203,28.9,0,Safe,Research & Development
2204,21.2,0,Safe,Research & Development
2205,25.1,0,Safe,Research & Development
2382,10.3,0,Safe,Sales
2383,11.0,0,Safe,Sales
2387,9.8,0,Safe,Sales
2388,11.0,0,Safe,Sales
2390,10.3,0,Safe,Sales
2391,11.0,0,Safe,Sales
2395,9.8,0,Safe,Sales
2396,11.0,0,Safe,Sales
2801,10.1,0,Safe,Research & Development
2803,10.2,0,Safe,Research & Development
2806,10.1,0,Safe,Research & Development
2807,10.0,0,Safe,Research & Development
2809,10.1,0,Safe,Research & Development
2811,10.2,0,Safe,Research & Development
2814,9.3,0,Safe,Research & Development
2815,10.0,0,Safe,Research & Development
3006,6.9,0,Safe,Research & Development
3008,3.2,0,Safe,Research & Development
3009,6.9,0,Safe,Research & Development
3010,5.9,0,Safe,Research & Development
3014,6.7,0,Safe,Research & Development
3016,3.2,0,Safe,Research & Development
3017,6.9,0,Safe,Research & Development
3018,5.9,0,Safe,Research & Development
3157,38.4,0,Safe,Research & Development
3159,27.5,0,Safe,Research & Development
3162,31.6,0,Safe,Research & Development
3163,32.9,0,Safe,Research & Development
3165,31.6,0,Safe,Research & Development
3167,27.5,0,Safe,Research & Development
3170,31.6,0,Safe,Research & Development
3171,27.5,0,Safe,Research & Development
3235,6.3,0,Safe,Research & Development
3237,5.8,0,Safe,Research & Development
3241,6.3,0,Safe,Research & Development
3242,5.8,0,Safe,Research & Development
3243,6.3,0,Safe,Research & Development
3245,5.8,0,Safe,Research & Development
3249,6.3,0,Safe,Research & Development
3250,5.8,0,Safe,Research & Development
3638,13.3,0,Safe,Research & Development
3639,16.9,0,Safe,Research & Development
3643,17.9,0,Safe,Research & Development
3644,17.9,0,Safe,Research & Development
3646,14.0,0,Safe,Research & Development
3647,16.9,0,Safe,Research & Development
3651,17.9,0,Safe,Research & Development
3652,16.9,0,Safe,Research & Development
3781,1.1,0,Safe,Research & Development
3783,1.1,0,Safe,Research & Development
3787,1.1,0,Safe,Research & Development
3788,1.1,0,Safe,Research & Development
3789,1.1,0,Safe,Research & Development
3791,1.1,0,Safe,Research & Development
3795,1.1,0,Safe,Research & Development
3796,1.4,0,Safe,Research & Development
4133,26.7,0,Safe,Research & Development
4135,35.5,0,Safe,Research & Development
4137,35.5,0,Safe,Research & Development
4138,41.5,0,Safe,Research & Development
4141,26.7,0,Safe,Research & Development
4143,35.5,0,Safe,Research & Development
4145,41.5,0,Safe,Research & Development
4146,35.5,0,Safe,Research & Development
4181,6.8,0,Safe,Research & Development
4184,7.4,0,Safe,Research & Development
4187,6.8,0,Safe,Research & Development
4188,7.4,0,Safe,Research & Development
4189,5.2,0,Safe,Research & Development
4192,7.4,0,Safe,Research & Development
4195,6.8,0,Safe,Research & Development
4196,7.4,0,Safe,Research & Development
4277,5.5,0,Safe,Research & Development
4279,3.9,0,Safe,Research & Development
4282,5.5,0,Safe,Research & Development
4283,5.1,0,Safe,Research & Development
4285,5.5,0,Safe,Research & Development
4287,3.9,0,Safe,Research & Development
4290,5.5,0,Safe,Research & Development
4291,5.1,0,Safe,Research & Development
4405,2.0,0,Safe,Research & Development
4407,1.6,0,Safe,Research & Development
4408,2.0,0,Safe,Research & Development
4409,1.6,0,Safe,Research & Development
4416,2.1,0,Safe,Research & Development
4418,1.6,0,Safe,Research & Development
4419,2.0,0,Safe,Research & Development
4420,1.6,0,Safe,Research & Development
4459,15.4,0,Safe,Research & Development
4461,12.2,0,Safe,Research & Development
4464,15.4,0,Safe,Research & Development
4465,12.2,0,Safe,Research & Development
4467,11.6,0,Safe,Research & Development
4469,16.2,0,Safe,Research & Development
4472,15.4,0,Safe,Research & Development
4473,16.2,0,Safe,Research & Development
4586,6.7,0,Safe,Sales
4588,5.5,0,Safe,Sales
4590,3.8,0,Safe,Sales
4591,3.8,0,Safe,Sales
4594,6.7,0,Safe,Sales
4596,4.4,0,Safe,Sales
4598,4.9,0,Safe,Sales
4599,3.8,0,Safe,Sales
4705,7.0,0,Safe,Research & Development
4706,6.7,0,Safe,Research & Development
4710,4.0,0,Safe,Research & Development
4711,6.7,0,Safe,Research & Development
4712,7.0,0,Safe,Research & Development
4713,3.6,0,Safe,Research & Development
4717,7.0,0,Safe,Research & Development
4718,3.6,0,Safe,Research & Development
4808,7.5,0,Safe,Sales
4811,8.5,0,Safe,Sales
4812,7.5,0,Safe,Sales
4813,8.5,0,Safe,Sales
4818,8.5,0,Safe,Sales
4819,7.5,0,Safe,Sales
4820,8.5,0,Safe,Sales
5638,21.3,0,Safe,Research & Development
5641,21.3,0,Safe,Research & Development
5644,21.3,0,Safe,Research & Development
5645,21.3,0,Safe,Research & Development
5646,21.3,0,Safe,Research & Development
5649,17.5,0,Safe,Research & Development
5652,21.3,0,Safe,Research & Development
5653,17.5,0,Safe,Research & Development
5670,14.8,0,Safe,Human Resources
5672,15.1,0,Safe,Human Resources
5676,14.8,0,Safe,Human Resources
5677,14.8,0,Safe,Human Resources
5678,15.1,0,Safe,Human Resources
5680,15.1,0,Safe,Human Resources
5684,14.8,0,Safe,Human Resources
5685,15.1,0,Safe,Human Resources
5765,4.8,0,Safe,Research & Development
5767,4.0,0,Safe,Research & Development
5769,3.5,0,Safe,Research & Development
5770,2.9,0,Safe,Research & Development
5773,3.6,0,Safe,Research & Development
5775,4.0,0,Safe,Research & Development
5777,3.5,0,Safe,Research & Development
5778,3.3,0,Safe,Research & Development
6279,3.2,0,Safe,Research & Development
6281,3.8,0,Safe,Research & Development
6285,4.4,0,Safe,Research & Development
6286,3.8,0,Safe,Research & Development
6287,4.4,0,Safe,Research & Development
6289,3.8,0,Safe,Research & Development
6293,4.4,0,Safe,Research & Development
6294,3.8,0,Safe,Research & Development
6609,14.1,0,Safe,Research & Development
6612,13.9,0,Safe,Research & Development
6615,14.1,0,Safe,Research & Development
6616,8.3,0,Safe,Research & Development
6617,14.1,0,Safe,Research & Development
6620,13.9,0,Safe,Research & Development
6623,8.5,0,Safe,Research & Development
6624,13.9,0,Safe,Research & Development
6671,2.3,0,Safe,Research & Development
6674,2.3,0,Safe,Research & Development
6675,2.1,0,Safe,Research & Development
6676,2.1,0,Safe,Research & Development
6681,1.6,0,Safe,Research & Development
6682,2.2,0,Safe,Research & Development
6683,2.2,0,Safe,Research & Development
6792,12.5,0,Safe,Research & Development
6793,13.1,0,Safe,Research & Development
6797,12.5,0,Safe,Research & Development
6798,13.1,0,Safe,Research & Development
6799,12.5,0,Safe,Research & Development
6800,13.1,0,Safe,Research & Development
6804,12.5,0,Safe,Research & Development
6805,13.1,0,Safe,Research & Development
7089,1.3,0,Safe,Research & Development
7091,1.2,0,Safe,Research & Development
7095,1.3,0,Safe,Research & Development
7096,1.2,0,Safe,Research & Development
7097,1.3,0,Safe,Research & Development
7099,1.2,0,Safe,Research & Development
7102,1.3,0,Safe,Research & Development
7103,1.2,0,Safe,Research & Development
7253,19.6,0,Safe,Research & Development
7256,10.5,0,Safe,Research & Development
7259,10.2,0,Safe,Research & Development
7260,4.6,0,Safe,Research & Development
7261,19.6,0,Safe,Research & Development
7264,19.6,0,Safe,Research & Development
7267,10.2,0,Safe,Research & Development
7268,10.2,0,Safe,Research & Development
7715,10.0,0,Safe,Research & Development
7717,20.2,0,Safe,Research & Development
7720,17.5,0,Safe,Research & Development
7721,15.2,0,Safe,Research & Development
7722,10.0,0,Safe,Research & Development
7724,20.2,0,Safe,Research & Development
7727,17.5,0,Safe,Research & Development
7728,15.2,0,Safe,Research & Development
7819,3.3,0,Safe,Research & Development
7821,3.0,0,Safe,Research & Development
7825,3.3,0,Safe,Research & Development
7826,3.0,0,Safe,Research & Development
7828,3.0,0,Safe,Research & Development
7832,3.3,0,Safe,Research & Development
7833,3.0,0,Safe,Research & Development
9253,1.6,0,Safe,Research & Development
9255,1.9,0,Safe,Research & Development
9258,1.6,0,Safe,Research & Development
9259,1.9,0,Safe,Research & Development
9261,2.2,0,Safe,Research & Development
9263,1.9,0,Safe,Research & Development
9266,2.2,0,Safe,Research & Development
9267,2.5,0,Safe,Research & Development
9380,0.6,0,Safe,Research & Development
9383,0.6,0,Safe,Research & Development
9386,0.6,0,Safe,Research & Development
9387,0.6,0,Safe,Research & Development
9388,0.6,0,Safe,Research & Development
9391,0.6,0,Safe,Research & Development
9394,0.6,0,Safe,Research & Development
9395,0.6,0,Safe,Research & Development
9588,7.9,0,Safe,Research & Development
9590,2.9,0,Safe,Research & Development
9594,7.9,0,Safe,Research & Development
9595,3.4,0,Safe,Research & Development
9596,7.9,0,Safe,Research & Development
9598,2.9,0,Safe,Research & Development
9602,7.9,0,Safe,Research & Development
9603,3.4,0,Safe,Research & Development
9700,19.7,0,Safe,Research & Development
9703,19.7,0,Safe,Research & Development
9706,19.7,0,Safe,Research & Development
9707,19.7,0,Safe,Research & Development
9708,19.7,0,Safe,Research & Development
9711,9.0,0,Safe,Research & Development
9714,19.7,0,Safe,Research & Development
9715,19.7,0,Safe,Research & Development
9733,9.4,0,Safe,Research & Development
9735,10.5,0,Safe,Research & Development
9738,9.4,0,Safe,Research & Development
9739,7.7,0,Safe,Research & Development
9741,9.4,0,Safe,Research & Development
9743,7.7,0,Safe,Research & Development
9746,9.4,0,Safe,Research & Development
9747,10.5,0,Safe,Research & Development
9813,11.5,0,Safe,Research & Development
9815,23.7,0,Safe,Research & Development
9818,11.5,0,Safe,Research & Development
9819,15.0,0,Safe,Research & Development
9821,15.7,0,Safe,Research & Development
9823,17.5,0,Safe,Research & Development
9826,15.7,0,Safe,Research & Development
9827,10.5,0,Safe,Research & Development
9987,13.9,0,Safe,Research & Development
9988,13.2,0,Safe,Research & Development
9992,13.9,0,Safe,Research & Development
9993,13.2,0,Safe,Research & Development
9995,13.9,0,Safe,Research & Development
9996,13.2,0,Safe,Research & Development
10000,7.4,0,Safe,Research & Development
10001,13.2,0,Safe,Research & Development
10143,6.3,0,Safe,Research & Development
10145,8.2,0,Safe,Research & Development
10149,6.3,0,Safe,Research & Development
10150,8.2,0,Safe,Research & Development
10151,7.9,0,Safe,Research & Development
10153,6.5,0,Safe,Research & Development
10157,7.9,0,Safe,Research & Development
10158,8.2,0,Safe,Research & Development
10160,7.1,0,Safe,Sales
10162,7.1,0,Safe,Sales
10165,4.5,0,Safe,Sales
10166,4.5,0,Safe,Sales
10168,7.1,0,Safe,Sales
10170,7.1,0,Safe,Sales
10173,4.5,0,Safe,Sales
10174,4.5,0,Safe,Sales
10319,2.7,0,Safe,Research & Development
10321,2.8,0,Safe,Research & Development
10325,3.1,0,Safe,Research & Development
10326,2.5,0,Safe,Research & Development
10327,2.7,0,Safe,Research & Development
10329,2.5,0,Safe,Research & Development
10333,2.7,0,Safe,Research & Development
10334,2.5,0,Safe,Research & Development
10664,1.4,0,Safe,Sales
10666,1.4,0,Safe,Sales
10669,1.4,0,Safe,Sales
10670,1.4,0,Safe,Sales
10672,1.4,0,Safe,Sales
10673,6.5,0,Safe,Sales
10675,1.4,0,Safe,Sales
10678,1.4,0,Safe,Sales
10679,1.4,0,Safe,Sales
10795,10.9,0,Safe,Sales
10798,10.9,0,Safe,Sales
10801,10.9,0,Safe,Sales
10802,10.9,0,Safe,Sales
10803,10.9,0,Safe,Sales
10806,10.9,0,Safe,Sales
10809,10.9,0,Safe,Sales
10810,10.9,0,Safe,Sales
11491,0.7,0,Safe,Sales
11492,1.0,0,Safe,Sales
11496,1.0,0,Safe,Sales
11497,1.0,0,Safe,Sales
11498,1.0,0,Safe,Sales
11499,0.7,0,Safe,Sales
11503,1.0,0,Safe,Sales
11504,1.0,0,Safe,Sales
11654,6.9,0,Safe,Sales
11655,6.3,0,Safe,Sales
11659,7.4,0,Safe,Sales
11660,6.3,0,Safe,Sales
11661,7.4,0,Safe,Sales
11662,6.3,0,Safe,Sales
11666,7.4,0,Safe,Sales
11667,6.1,0,Safe,Sales
11874,4.4,0,Safe,Sales
11877,4.1,0,Safe,Sales
11880,4.4,0,Safe,Sales
11881,4.1,0,Safe,Sales
11882,4.4,0,Safe,Sales
11885,4.1,0,Safe,Sales
11888,4.4,0,Safe,Sales
11889,4.1,0,Safe,Sales
12499,14.4,0,Safe,Sales
12501,6.6,0,Safe,Sales
12502,29.3,0,Safe,Sales
12503,14.2,0,Safe,Sales
12507,29.3,0,Safe,Sales
12509,14.2,0,Safe,Sales
12510,29.3,0,Safe,Sales
12511,14.2,0,Safe,Sales
12815,2.7,0,Safe,Research & Development
12817,1.5,0,Safe,Research & Development
12819,2.7,0,Safe,Research & Development
12820,1.5,0,Safe,Research & Development
12823,2.7,0,Safe,Research & Development
12825,2.9,0,Safe,Research & Development
12827,2.7,0,Safe,Research & Development
12828,2.9,0,Safe,Research & Development
13214,4.4,0,Safe,Research & Development
13217,4.2,0,Safe,Research & Development
13218,4.4,0,Safe,Research & Development
13219,4.2,0,Safe,Research & Development
13222,4.9,0,Safe,Research & Development
13225,4.2,0,Safe,Research & Development
13226,4.9,0,Safe,Research & Development
13227,4.2,0,Safe,Research & Development
13452,3.9,0,Safe,Sales
13454,2.4,0,Safe,Sales
13456,2.7,0,Safe,Sales
13457,2.4,0,Safe,Sales
13460,3.9,0,Safe,Sales
13462,3.5,0,Safe,Sales
13464,3.9,0,Safe,Sales
13465,2.4,0,Safe,Sales
13769,4.4,0,Safe,Research & Development
13771,5.2,0,Safe,Research & Development
13774,4.0,0,Safe,Research & Development
13775,5.2,0,Safe,Research & Development
13777,4.0,0,Safe,Research & Development
13779,5.2,0,Safe,Research & Development
13782,4.4,0,Safe,Research & Development
13783,5.2,0,Safe,Research & Development
14071,3.9,0,Safe,Human Resources
14072,20.7,0,Safe,Research & Development
14073,3.4,0,Safe,Human Resources
14074,6.5,0,Safe,Research & Development
14075,3.9,0,Safe,Human Resources
14076,20.7,0,Safe,Research & Development
14077,1.6,0,Safe,Human Resources
14078,18.2,0,Safe,Research & Development
14079,3.9,0,Safe,Human Resources
14080,7.5,0,Safe,Research & Development
14081,3.4,0,Safe,Human Resources
14082,18.2,0,Safe,Research & Development
14083,3.9,0,Safe,Human Resources
14084,7.5,0,Safe,Research & Development
14085,3.4,0,Safe,Human Resources
14086,18.2,0,Safe,Research & Development
14213,10.5,0,Safe,Research & Development
14216,10.8,0,Safe,Research & Development
14219,10.5,0,Safe,Research & Development
14220,10.8,0,Safe,Research & Development
14221,10.5,0,Safe,Research & Development
14224,10.8,0,Safe,Research & Development
14227,10.5,0,Safe,Research & Development
14228,10.8,0,Safe,Research & Development
14816,7.7,0,Safe,Research & Development
14818,7.3,0,Safe,Research & Development
14820,5.0,0,Safe,Research & Development
14821,7.3,0,Safe,Research & Development
14824,5.0,0,Safe,Research & Development
14826,7.3,0,Safe,Research & Development
14828,7.7,0,Safe,Research & Development
14829,7.3,0,Safe,Research & Development
15008,9.5,0,Safe,Research & Development
15010,8.5,0,Safe,Research & Development
15013,9.5,0,Safe,Research & Development
15014,8.5,0,Safe,Research & Development
15016,9.5,0,Safe,Research & Development
15018,8.5,0,Safe,Research & Development
15021,6.1,0,Safe,Research & Development
15022,8.5,0,Safe,Research & Development
15285,1.3,0,Safe,Research & Development
15288,1.3,0,Safe,Research & Development
15289,1.3,0,Safe,Research & Development
15290,1.4,0,Safe,Research & Development
15292,1.3,0,Safe,Research & Development
15295,1.4,0,Safe,Research & Development
15296,1.3,0,Safe,Research & Development
15297,1.4,0,Safe,Research & Development
15951,5.4,0,Safe,Research & Development
15952,7.3,0,Safe,Research & Development
15956,7.2,0,Safe,Research & Development
15957,7.3,0,Safe,Research & Development
15959,4.2,0,Safe,Research & Development
15960,7.3,0,Safe,Research & Development
15964,7.2,0,Safe,Research & Development
15965,7.3,0,Safe,Research & Development
15998,22.1,0,Safe,Human Resources
16000,21.9,0,Safe,Human Resources
16004,22.1,0,Safe,Human Resources
16005,21.9,0,Safe,Human Resources
16006,21.1,0,Safe,Human Resources
16008,21.9,0,Safe,Human Resources
16012,22.1,0,Safe,Human Resources
16013,21.9,0,Safe,Human Resources
16094,15.5,0,Safe,Sales
16095,14.5,0,Safe,Sales
16099,15.5,0,Safe,Sales
16100,14.5,0,Safe,Sales
16102,15.5,0,Safe,Sales
16103,14.5,0,Safe,Sales
16107,15.5,0,Safe,Sales
16108,14.5,0,Safe,Sales
16777,2.6,0,Safe,Research & Development
16778,3.7,0,Safe,Research & Development
16782,3.8,0,Safe,Research & Development
16783,3.4,0,Safe,Research & Development
16785,2.6,0,Safe,Research & Development
16786,3.7,0,Safe,Research & Development
16790,3.8,0,Safe,Research & Development
16791,3.7,0,Safe,Research & Development
16808,4.0,0,Safe,Research & Development
16811,4.3,0,Safe,Research & Development
16812,4.3,0,Safe,Research & Development
16813,4.3,0,Safe,Research & Development
16816,4.3,0,Safe,Research & Development
16819,4.3,0,Safe,Research & Development
16820,4.0,0,Safe,Research & Development
16821,4.0,0,Safe,Research & Development
16856,0.7,0,Safe,Research & Development
16858,0.6,0,Safe,Research & Development
16859,0.4,0,Safe,Research & Development
16860,0.4,0,Safe,Research & Development
16864,0.7,0,Safe,Research & Development
16866,0.8,0,Safe,Research & Development
16867,0.4,0,Safe,Research & Development
16868,0.4,0,Safe,Research & Development
17142,1.2,0,Safe,Human Resources
17143,1.4,0,Safe,Human Resources
17145,1.2,0,Safe,Human Resources
17146,1.1,0,Safe,Human Resources
17150,1.2,0,Safe,Human Resources
17151,1.5,0,Safe,Human Resources
17153,1.2,0,Safe,Human Resources
17154,1.1,0,Safe,Human Resources
17190,1.7,0,Safe,Research & Development
17192,1.4,0,Safe,Research & Development
17195,1.7,0,Safe,Research & Development
17196,1.3,0,Safe,Research & Development
17198,1.7,0,Safe,Research & Development
17200,1.4,0,Safe,Research & Development
17203,1.7,0,Safe,Research & Development
17204,1.4,0,Safe,Research & Development
17337,4.5,0,Safe,Research & Development
17338,4.1,0,Safe,Research & Development
17342,4.9,0,Safe,Research & Development
17343,4.1,0,Safe,Research & Development
17345,4.5,0,Safe,Research & Development
17346,4.1,0,Safe,Research & Development
17350,4.5,0,Safe,Research & Development
17351,4.1,0,Safe,Research & Development
17416,2.3,0,Safe,Research & Development
17418,2.4,0,Safe,Research & Development
17422,2.3,0,Safe,Research & Development
17423,2.4,0,Safe,Research & Development
17424,2.3,0,Safe,Research & Development
17426,2.4,0,Safe,Research & Development
17430,2.1,0,Safe,Research & Development
17431,2.1,0,Safe,Research & Development
17493,4.2,0,Safe,Research & Development
17495,3.5,0,Safe,Research & Development
17499,4.2,0,Safe,Research & Development
17500,3.5,0,Safe,Research & Development
17501,4.2,0,Safe,Research & Development
17503,3.5,0,Safe,Research & Development
17507,4.2,0,Safe,Research & Development
17508,2.1,0,Safe,Research & Development
17913,5.5,0,Safe,Research & Development
17914,6.0,0,Safe,Research & Development
17918,5.5,0,Safe,Research & Development
17919,5.6,0,Safe,Research & Development
17921,6.0,0,Safe,Research & Development
17925,5.9,0,Safe,Research & Development
17926,5.6,0,Safe,Research & Development
18049,3.4,0,Safe,Research & Development
18051,2.8,0,Safe,Research & Development
18055,2.8,0,Safe,Research & Development
18056,2.5,0,Safe,Research & Development
18057,3.4,0,Safe,Research & Development
18059,2.8,0,Safe,Research & Development
18063,2.5,0,Safe,Research & Development
18064,2.5,0,Safe,Research & Development
18096,6.8,0,Safe,Research & Development
18097,6.3,0,Safe,Research & Development
18101,6.8,0,Safe,Research & Development
18102,6.3,0,Safe,Research & Development
18104,4.4,0,Safe,Research & Development
18105,4.1,0,Safe,Research & Development
18109,6.8,0,Safe,Research & Development
18110,6.3,0,Safe,Research & Development
19061,2.1,0,Safe,Research & Development
19062,1.5,0,Safe,Research & Development
19064,1.6,0,Safe,Research & Development
19065,2.6,0,Safe,Research & Development
19069,2.1,0,Safe,Research & Development
19070,2.6,0,Safe,Research & Development
19072,2.7,0,Safe,Research & Development
19073,1.5,0,Safe,Research & Development
19176,4.1,0,Safe,Research & Development
19177,3.2,0,Safe,Research & Development
19181,2.4,0,Safe,Research & Development
19182,3.2,0,Safe,Research & Development
19184,2.4,0,Safe,Research & Development
19185,3.2,0,Safe,Research & Development
19189,2.4,0,Safe,Research & Development
19190,3.2,0,Safe,Research & Development
19507,4.0,0,Safe,Research & Development
19509,6.1,0,Safe,Research & Development
19512,4.3,0,Safe,Research & Development
19513,6.1,0,Safe,Research & Development
19515,4.0,0,Safe,Research & Development
19517,6.1,0,Safe,Research & Development
19520,4.0,0,Safe,Research & Development
19521,6.1,0,Safe,Research & Development
20189,9.3,0,Safe,Research & Development
20192,19.9,0,Safe,Research & Development
20195,18.0,0,Safe,Research & Development
20196,15.0,0,Safe,Research & Development
20197,24.6,0,Safe,Research & Development
20200,19.9,0,Safe,Research & Development
20203,18.0,0,Safe,Research & Development
20204,7.6,0,Safe,Research & Development
20300,7.3,0,Safe,Research & Development
20301,7.2,0,Safe,Research & Development
20305,6.7,0,Safe,Research & Development
20306,7.2,0,Safe,Research & Development
20308,7.3,0,Safe,Research & Development
20309,7.2,0,Safe,Research & Development
20313,7.3,0,Safe,Research & Development
20314,7.2,0,Safe,Research & Development
20364,2.9,0,Safe,Research & Development
20365,3.2,0,Safe,Research & Development
20369,2.9,0,Safe,Research & Development
20370,3.2,0,Safe,Research & Development
20372,2.9,0,Safe,Research & Development
20373,3.2,0,Safe,Research & Development
20377,2.9,0,Safe,Research & Development
20378,3.2,0,Safe,Research & Development
20571,5.8,0,Safe,Research & Development
20574,4.0,0,Safe,Research & Development
20577,5.8,0,Safe,Research & Development
20578,4.0,0,Safe,Research & Development
20579,5.8,0,Safe,Research & Development
20582,4.0,0,Safe,Research & Development
20585,4.0,0,Safe,Research & Development
20586,4.0,0,Safe,Research & Development
21051,3.3,0,Safe,Research & Development
21053,3.5,0,Safe,Research & Development
21056,3.3,0,Safe,Research & Development
21057,3.5,0,Safe,Research & Development
21059,3.3,0,Safe,Research & Development
21061,3.5,0,Safe,Research & Development
21064,3.3,0,Safe,Research & Development
21065,3.5,0,Safe,Research & Development
21098,7.1,0,Safe,Research & Development
21101,19.1,0,Safe,Research & Development
21104,3.9,0,Safe,Research & Development
21105,12.6,0,Safe,Research & Development
21106,19.1,0,Safe,Research & Development
21109,19.1,0,Safe,Research & Development
21112,12.6,0,Safe,Research & Development
21113,3.9,0,Safe,Research & Development
21178,3.6,0,Safe,Research & Development
21181,3.4,0,Safe,Research & Development
21184,3.6,0,Safe,Research & Development
21185,3.5,0,Safe,Research & Development
21186,4.0,0,Safe,Research & Development
21189,3.4,0,Safe,Research & Development
21192,3.6,0,Safe,Research & Development
21193,3.5,0,Safe,Research & Development
21657,10.6,0,Safe,Research & Development
21658,10.8,0,Safe,Research & Development
21662,10.6,0,Safe,Research & Development
21663,10.8,0,Safe,Research & Development
21665,10.6,0,Safe,Research & Development
21666,10.8,0,Safe,Research & Development
21670,10.6,0,Safe,Research & Development
21671,10.8,0,Safe,Research & Development
21688,1.5,0,Safe,Research & Development
21691,2.0,0,Safe,Research & Development
21694,3.0,0,Safe,Research & Development
21695,1.3,0,Safe,Research & Development
21696,1.5,0,Safe,Research & Development
21699,2.0,0,Safe,Research & Development
21702,1.9,0,Safe,Research & Development
21703,2.0,0,Safe,Research & Development
21855,6.5,0,Safe,Human Resources
21857,7.0,0,Safe,Human Resources
21860,6.5,0,Safe,Human Resources
21861,3.2,0,Safe,Human Resources
21863,6.5,0,Safe,Human Resources
21865,7.0,0,Safe,Human Resources
21868,6.5,0,Safe,Human Resources
21869,7.0,0,Safe,Human Resources
21990,12.8,0,Safe,Research & Development
21992,12.4,0,Safe,Research & Development
21995,12.8,0,Safe,Research & Development
21996,8.8,0,Safe,Research & Development
21998,9.5,0,Safe,Research & Development
22000,12.4,0,Safe,Research & Development
22003,12.8,0,Safe,Research & Development
22004,12.0,0,Safe,Research & Development
22037,4.2,0,Safe,Sales
22040,5.4,0,Safe,Sales
22043,4.2,0,Safe,Sales
22044,5.4,0,Safe,Sales
22045,4.2,0,Safe,Sales
22048,5.4,0,Safe,Sales
22051,4.2,0,Safe,Sales
22052,5.4,0,Safe,Sales
22453,7.8,0,Safe,Research & Development
22456,15.7,0,Safe,Research & Development
22459,16.0,0,Safe,Research & Development
22460,15.7,0,Safe,Research & Development
22461,16.0,0,Safe,Research & Development
22464,15.7,0,Safe,Research & Development
22467,16.0,0,Safe,Research & Development
22468,15.7,0,Safe,Research & Development
22695,21.0,0,Safe,Research & Development
22698,19.6,0,Safe,Research & Development
22701,21.0,0,Safe,Research & Development
22702,19.6,0,Safe,Research & Development
22703,21.0,0,Safe,Research & Development
22706,19.6,0,Safe,Research & Development
22709,12.4,0,Safe,Research & Development
22710,19.6,0,Safe,Research & Development
23074,7.9,0,Safe,Research & Development
23076,3.7,0,Safe,Research & Development
23080,4.3,0,Safe,Research & Development
23081,3.7,0,Safe,Research & Development
23082,4.3,0,Safe,Research & Development
23084,6.2,0,Safe,Research & Development
23088,7.9,0,Safe,Research & Development
23089,6.2,0,Safe,Research & Development
23317,9.9,0,Safe,Research & Development
23319,15.1,0,Safe,Research & Development
23322,13.5,0,Safe,Research & Development
23323,9.4,0,Safe,Research & Development
23325,9.9,0,Safe,Research & Development
23327,9.4,0,Safe,Research & Development
23330,13.5,0,Safe,Research & Development
23331,15.1,0,Safe,Research & Development
7153,11.0,0,Safe,Research & Development
7155,10.2,0,Safe,Research & Development
7156,9.7,0,Safe,Research & Development
7157,9.7,0,Safe,Research & Development
7164,11.0,0,Safe,Research & Development
7166,6.7,0,Safe,Research & Development
7167,9.7,0,Safe,Research & Development
7168,9.7,0,Safe,Research & Development
9748,27.5,0,Safe,Sales
9751,28.0,0,Safe,Sales
9754,27.5,0,Safe,Sales
9755,28.0,0,Safe,Sales
9756,27.5,0,Safe,Sales
9759,5.6,0,Safe,Sales
9762,27.5,0,Safe,Sales
9763,28.0,0,Safe,Sales
11291,8.7,0,Safe,Sales
11293,9.0,0,Safe,Sales
11296,7.5,0,Safe,Sales
11297,10.4,0,Safe,Sales
11299,7.5,0,Safe,Sales
11301,9.0,0,Safe,Sales
11304,7.5,0,Safe,Sales
11305,9.0,0,Safe,Sales
16109,40.8,0,Safe,Research & Development
16112,38.4,0,Safe,Research & Development
16115,47.1,1,HIGH RISK,Research & Development
16116,46.6,1,HIGH RISK,Research & Development
16117,38.1,0,Safe,Research & Development
16120,38.4,0,Safe,Research & Development
16123,47.1,1,HIGH RISK,Research & Development
16124,46.6,1,HIGH RISK,Research & Development
19,1.8,0,Safe,Research & Development
22,2.3,0,Safe,Research & Development
23,1.0,0,Safe,Research & Development
24,1.2,0,Safe,Research & Development
27,1.8,0,Safe,Research & Development
28,6.2,0,Safe,Research & Development
29,4.4,0,Safe,Research & Development
32,2.3,0,Safe,Research & Development
33,1.0,0,Safe,Research & Development
34,1.2,0,Safe,Research & Development
128,4.9,0,Safe,Research & Development
278,5.2,0,Safe,Research & Development
578,0.5,0,Safe,Research & Development
580,0.4,0,Safe,Research & Development
583,0.5,0,Safe,Research & Development
584,0.4,0,Safe,Research & Development
588,0.5,0,Safe,Research & Development
590,0.4,0,Safe,Research & Development
593,0.5,0,Safe,Research & Development
594,0.4,0,Safe,Research & Development
1875,24.5,0,Safe,Research & Development
1877,24.5,0,Safe,Research & Development
1880,21.7,0,Safe,Research & Development
1881,23.4,0,Safe,Research & Development
1883,26.0,0,Safe,Research & Development
1885,26.0,0,Safe,Research & Development
1888,21.7,0,Safe,Research & Development
1889,21.7,0,Safe,Research & Development
2160,1.7,0,Safe,Research & Development
2163,1.7,0,Safe,Research & Development
2166,1.7,0,Safe,Research & Development
2167,1.7,0,Safe,Research & Development
2168,1.7,0,Safe,Research & Development
2171,1.7,0,Safe,Research & Development
2174,1.7,0,Safe,Research & Development
2175,1.7,0,Safe,Research & Development
2478,16.5,0,Safe,Research & Development
2480,16.5,0,Safe,Research & Development
2483,16.5,0,Safe,Research & Development
2484,16.5,0,Safe,Research & Development
2486,18.9,0,Safe,Research & Development
2488,16.5,0,Safe,Research & Development
2491,16.5,0,Safe,Research & Development
2492,16.5,0,Safe,Research & Development
3299,2.6,0,Safe,Research & Development
3301,2.6,0,Safe,Research & Development
3305,4.8,0,Safe,Research & Development
3306,6.3,0,Safe,Research & Development
3307,3.6,0,Safe,Research & Development
3309,2.6,0,Safe,Research & Development
3313,4.8,0,Safe,Research & Development
3314,4.8,0,Safe,Research & Development
3558,18.6,0,Safe,Research & Development
3560,18.8,0,Safe,Research & Development
3563,18.6,0,Safe,Research & Development
3564,18.8,0,Safe,Research & Development
3566,18.6,0,Safe,Research & Development
3568,16.8,0,Safe,Research & Development
3571,15.2,0,Safe,Research & Development
3572,16.8,0,Safe,Research & Development
4734,3.4,0,Safe,Research & Development
4736,1.3,0,Safe,Research & Development
4738,3.4,0,Safe,Research & Development
4739,1.6,0,Safe,Research & Development
4743,1.3,0,Safe,Research & Development
4745,4.7,0,Safe,Research & Development
4746,1.6,0,Safe,Research & Development
5136,21.3,0,Safe,Research & Development
5138,14.6,0,Safe,Research & Development
5142,21.3,0,Safe,Research & Development
5143,13.7,0,Safe,Research & Development
5144,21.1,0,Safe,Research & Development
5146,14.6,0,Safe,Research & Development
5150,21.3,0,Safe,Research & Development
5151,13.7,0,Safe,Research & Development
6067,5.5,0,Safe,Research & Development
6070,4.2,0,Safe,Research & Development
6073,4.1,0,Safe,Research & Development
6074,4.1,0,Safe,Research & Development
6075,5.5,0,Safe,Research & Development
6078,4.2,0,Safe,Research & Development
6081,5.5,0,Safe,Research & Development
6082,4.1,0,Safe,Research & Development
7421,4.1,0,Safe,Research & Development
7422,4.4,0,Safe,Research & Development
7426,4.1,0,Safe,Research & Development
7427,3.9,0,Safe,Research & Development
7429,4.4,0,Safe,Research & Development
7433,3.5,0,Safe,Research & Development
7434,4.4,0,Safe,Research & Development
7589,2.5,0,Safe,Research & Development
7591,3.1,0,Safe,Research & Development
7595,2.5,0,Safe,Research & Development
7596,3.1,0,Safe,Research & Development
7597,2.5,0,Safe,Research & Development
7599,3.3,0,Safe,Research & Development
7603,2.4,0,Safe,Research & Development
7604,3.3,0,Safe,Research & Development
8088,15.5,0,Safe,Research & Development
8090,15.5,0,Safe,Research & Development
8093,15.5,0,Safe,Research & Development
8094,13.6,0,Safe,Research & Development
8096,15.5,0,Safe,Research & Development
8098,15.5,0,Safe,Research & Development
8101,13.6,0,Safe,Research & Development
8102,15.5,0,Safe,Research & Development
8295,2.4,0,Safe,Research & Development
8296,3.3,0,Safe,Research & Development
8300,1.3,0,Safe,Research & Development
8301,1.6,0,Safe,Research & Development
8303,2.4,0,Safe,Research & Development
8304,3.3,0,Safe,Research & Development
8308,1.3,0,Safe,Research & Development
8309,2.1,0,Safe,Research & Development
8390,32.3,0,Safe,Research & Development
8391,21.5,0,Safe,Research & Development
8395,32.3,0,Safe,Research & Development
8396,21.8,0,Safe,Research & Development
8398,32.3,0,Safe,Research & Development
8399,21.5,0,Safe,Research & Development
8403,32.3,0,Safe,Research & Development
8404,30.5,0,Safe,Research & Development
9557,1.6,0,Safe,Research & Development
9559,1.3,0,Safe,Research & Development
9560,1.8,0,Safe,Research & Development
9561,1.3,0,Safe,Research & Development
9565,1.8,0,Safe,Research & Development
9567,1.4,0,Safe,Research & Development
9568,1.6,0,Safe,Research & Development
9569,1.3,0,Safe,Research & Development
10255,2.5,0,Safe,Research & Development
10257,2.5,0,Safe,Research & Development
10261,2.5,0,Safe,Research & Development
10262,2.5,0,Safe,Research & Development
10263,2.5,0,Safe,Research & Development
10265,2.5,0,Safe,Research & Development
10269,2.5,0,Safe,Research & Development
10270,2.5,0,Safe,Research & Development
10875,4.1,0,Safe,Research & Development
10878,3.9,0,Safe,Research & Development
10881,4.1,0,Safe,Research & Development
10882,3.2,0,Safe,Research & Development
10883,4.1,0,Safe,Research & Development
10886,3.9,0,Safe,Research & Development
10889,4.1,0,Safe,Research & Development
10890,3.9,0,Safe,Research & Development
12254,8.1,0,Safe,Sales
12256,16.0,0,Safe,Sales
12259,6.4,0,Safe,Sales
12260,11.2,0,Safe,Sales
12262,8.1,0,Safe,Sales
12264,16.2,0,Safe,Sales
12267,6.4,0,Safe,Sales
12268,11.2,0,Safe,Sales
13166,0.8,0,Safe,Sales
13169,0.8,0,Safe,Sales
13172,0.8,0,Safe,Sales
13173,1.0,0,Safe,Sales
13174,1.0,0,Safe,Sales
13177,1.0,0,Safe,Sales
13180,1.0,0,Safe,Sales
13181,1.0,0,Safe,Sales
13310,0.9,0,Safe,Research & Development
13312,1.4,0,Safe,Research & Development
13315,1.5,0,Safe,Research & Development
13316,1.4,0,Safe,Research & Development
13318,1.5,0,Safe,Research & Development
13320,1.4,0,Safe,Research & Development
13323,1.5,0,Safe,Research & Development
13324,0.8,0,Safe,Research & Development
14399,3.4,0,Safe,Research & Development
14401,3.3,0,Safe,Research & Development
14403,3.4,0,Safe,Research & Development
14404,3.3,0,Safe,Research & Development
14407,3.4,0,Safe,Research & Development
14409,3.3,0,Safe,Research & Development
14411,3.4,0,Safe,Research & Development
14412,3.3,0,Safe,Research & Development
16712,1.9,0,Safe,Research & Development
16715,1.6,0,Safe,Research & Development
16718,1.7,0,Safe,Research & Development
16719,1.8,0,Safe,Research & Development
16720,1.9,0,Safe,Research & Development
16723,1.8,0,Safe,Research & Development
16726,1.9,0,Safe,Research & Development
16727,1.6,0,Safe,Research & Development
16871,0.7,0,Safe,Research & Development
16873,0.7,0,Safe,Research & Development
16877,1.0,0,Safe,Research & Development
16878,0.8,0,Safe,Research & Development
16879,0.8,0,Safe,Research & Development
16881,0.7,0,Safe,Research & Development
16885,1.0,0,Safe,Research & Development
16886,0.8,0,Safe,Research & Development
17141,7.0,0,Safe,Research & Development
17144,6.2,0,Safe,Research & Development
17147,2.3,0,Safe,Research & Development
17148,4.4,0,Safe,Research & Development
17149,7.0,0,Safe,Research & Development
17152,6.2,0,Safe,Research & Development
17155,4.7,0,Safe,Research & Development
17156,4.4,0,Safe,Research & Development
17251,1.4,0,Safe,Research & Development
17252,1.6,0,Safe,Research & Development
17256,2.2,0,Safe,Research & Development
17257,2.3,0,Safe,Research & Development
17259,1.4,0,Safe,Research & Development
17260,1.6,0,Safe,Research & Development
17264,2.2,0,Safe,Research & Development
17265,2.3,0,Safe,Research & Development
18034,6.5,0,Safe,Research & Development
18035,6.4,0,Safe,Research & Development
18039,6.5,0,Safe,Research & Development
18040,6.4,0,Safe,Research & Development
18042,6.5,0,Safe,Research & Development
18043,6.4,0,Safe,Research & Development
18047,4.2,0,Safe,Research & Development
18048,6.4,0,Safe,Research & Development
18320,9.9,0,Safe,Research & Development
18323,9.9,0,Safe,Research & Development
18326,9.9,0,Safe,Research & Development
18327,9.9,0,Safe,Research & Development
18330,8.6,0,Safe,Research & Development
18332,9.9,0,Safe,Research & Development
18333,8.6,0,Safe,Research & Development
18676,11.1,0,Safe,Research & Development
18678,11.3,0,Safe,Research & Development
18681,11.1,0,Safe,Research & Development
18682,11.3,0,Safe,Research & Development
18684,10.2,0,Safe,Research & Development
18686,11.0,0,Safe,Research & Development
18689,10.0,0,Safe,Research & Development
18690,11.0,0,Safe,Research & Development
18807,2.5,0,Safe,Research & Development
18810,9.4,0,Safe,Research & Development
18811,9.2,0,Safe,Research & Development
18812,9.4,0,Safe,Research & Development
18815,2.5,0,Safe,Research & Development
18818,9.4,0,Safe,Research & Development
18819,9.2,0,Safe,Research & Development
18820,9.4,0,Safe,Research & Development
18887,0.4,0,Safe,Research & Development
18889,0.4,0,Safe,Research & Development
18893,0.9,0,Safe,Research & Development
18894,1.0,0,Safe,Research & Development
18895,0.9,0,Safe,Research & Development
18897,1.0,0,Safe,Research & Development
18901,0.9,0,Safe,Research & Development
18902,1.0,0,Safe,Research & Development
19060,1.0,0,Safe,Research & Development
19063,0.9,0,Safe,Research & Development
19066,1.2,0,Safe,Research & Development
19067,1.1,0,Safe,Research & Development
19068,1.2,0,Safe,Research & Development
19071,1.1,0,Safe,Research & Development
19074,1.2,0,Safe,Research & Development
19075,1.1,0,Safe,Research & Development
19112,14.6,0,Safe,Research & Development
19114,13.1,0,Safe,Research & Development
19118,11.5,0,Safe,Research & Development
19119,13.1,0,Safe,Research & Development
19120,14.6,0,Safe,Research & Development
19122,10.2,0,Safe,Research & Development
19126,14.6,0,Safe,Research & Development
19127,10.2,0,Safe,Research & Development
20047,9.6,0,Safe,Sales
20048,12.0,0,Safe,Sales
20049,9.3,0,Safe,Sales
20050,13.2,0,Safe,Sales
20051,12.2,0,Safe,Sales
20052,9.6,0,Safe,Sales
20053,11.2,0,Safe,Sales
20054,10.8,0,Safe,Sales
20055,9.6,0,Safe,Sales
20056,9.6,0,Safe,Sales
20057,9.3,0,Safe,Sales
20058,4.7,0,Safe,Sales
20059,9.6,0,Safe,Sales
20060,12.0,0,Safe,Sales
20061,9.3,0,Safe,Sales
20062,10.8,0,Safe,Sales
20316,3.7,0,Safe,Research & Development
20318,7.2,0,Safe,Research & Development
20321,4.5,0,Safe,Research & Development
20322,7.2,0,Safe,Research & Development
20324,3.7,0,Safe,Research & Development
20326,7.2,0,Safe,Research & Development
20329,3.7,0,Safe,Research & Development
20330,7.2,0,Safe,Research & Development
20652,3.1,0,Safe,Research & Development
20653,4.1,0,Safe,Research & Development
20657,3.1,0,Safe,Research & Development
20658,3.0,0,Safe,Research & Development
20660,3.1,0,Safe,Research & Development
20661,3.0,0,Safe,Research & Development
20665,4.1,0,Safe,Research & Development
20666,3.0,0,Safe,Research & Development
21147,1.6,0,Safe,Research & Development
21149,5.4,0,Safe,Research & Development
21152,5.8,0,Safe,Research & Development
21153,5.4,0,Safe,Research & Development
21155,3.6,0,Safe,Research & Development
21157,5.4,0,Safe,Research & Development
21160,5.8,0,Safe,Research & Development
21161,2.9,0,Safe,Research & Development
21807,6.7,0,Safe,Research & Development
21809,8.8,0,Safe,Research & Development
21812,6.7,0,Safe,Research & Development
21813,6.9,0,Safe,Research & Development
21815,5.3,0,Safe,Research & Development
21817,6.9,0,Safe,Research & Development
21820,6.7,0,Safe,Research & Development
21821,6.9,0,Safe,Research & Development
22021,3.1,0,Safe,Research & Development
22023,2.6,0,Safe,Research & Development
22027,3.1,0,Safe,Research & Development
22028,2.4,0,Safe,Research & Development
22029,2.8,0,Safe,Research & Development
22031,2.6,0,Safe,Research & Development
22035,2.8,0,Safe,Research & Development
22036,2.6,0,Safe,Research & Development
22246,4.2,0,Safe,Research & Development
22248,5.2,0,Safe,Research & Development
22251,4.2,0,Safe,Research & Development
22252,5.2,0,Safe,Research & Development
22256,5.2,0,Safe,Research & Development
22259,4.4,0,Safe,Research & Development
22260,4.9,0,Safe,Research & Development
22532,2.1,0,Safe,Sales
22533,2.1,0,Safe,Sales
22537,2.1,0,Safe,Sales
22538,1.4,0,Safe,Sales
22540,2.1,0,Safe,Sales
22541,2.1,0,Safe,Sales
22545,2.1,0,Safe,Sales
22546,2.1,0,Safe,Sales
22871,0.5,0,Safe,Research & Development
22872,0.8,0,Safe,Research & Development
22876,0.7,0,Safe,Research & Development
22877,0.8,0,Safe,Research & Development
22879,0.5,0,Safe,Research & Development
22880,0.4,0,Safe,Research & Development
22886,0.7,0,Safe,Research & Development
22887,0.4,0,Safe,Research & Development
23476,16.3,0,Safe,Sales
23478,16.5,0,Safe,Sales
23480,16.3,0,Safe,Sales
23481,9.2,0,Safe,Sales
23484,16.3,0,Safe,Sales
23486,9.8,0,Safe,Sales
23488,16.3,0,Safe,Sales
23489,16.0,0,Safe,Sales
22254,4.4,0,Safe,Research & Development
9121,7.8,0,Safe,Research & Development
9123,6.7,0,Safe,Research & Development
9127,7.2,0,Safe,Research & Development
9129,6.8,0,Safe,Research & Development
9132,7.2,0,Safe,Research & Development
9134,6.7,0,Safe,Research & Development
9138,7.2,0,Safe,Research & Development
9140,6.8,0,Safe,Research & Development
9764,25.0,0,Safe,Sales
9767,24.5,0,Safe,Sales
9770,25.0,0,Safe,Sales
9771,24.5,0,Safe,Sales
9772,24.5,0,Safe,Sales
9775,24.5,0,Safe,Sales
9778,24.5,0,Safe,Sales
9779,24.5,0,Safe,Sales
11907,6.6,0,Safe,Sales
11909,7.4,0,Safe,Sales
11910,9.0,0,Safe,Sales
11911,2.1,0,Safe,Sales
11915,6.6,0,Safe,Sales
11917,5.4,0,Safe,Sales
11918,9.0,0,Safe,Sales
11919,2.1,0,Safe,Sales
15619,37.0,0,Safe,Sales
14705,14.5,0,Safe,Research & Development
15621,12.2,0,Safe,Research & Development
15622,39.4,0,Safe,Sales
15623,14.5,0,Safe,Research & Development
15624,8.9,0,Safe,Research & Development
15625,23.1,0,Safe,Sales
15626,37.0,0,Safe,Sales
15627,10.6,0,Safe,Research & Development
15628,8.9,0,Safe,Research & Development
15629,39.4,0,Safe,Sales
15630,14.5,0,Safe,Research & Development
15631,12.2,0,Safe,Research & Development
15632,23.1,0,Safe,Sales
15791,10.1,0,Safe,Sales
15792,10.2,0,Safe,Sales
15796,10.1,0,Safe,Sales
15797,9.8,0,Safe,Sales
15799,10.1,0,Safe,Sales
15800,10.2,0,Safe,Sales
15804,10.1,0,Safe,Sales
15805,10.2,0,Safe,Sales
19084,16.4,0,Safe,Sales
19095,16.4,0,Safe,Sales
526,0.1,0,Safe,Human Resources
528,0.3,0,Safe,Human Resources
531,0.3,0,Safe,Human Resources
535,0.1,0,Safe,Human Resources
537,0.3,0,Safe,Human Resources
540,0.3,0,Safe,Human Resources
1177,2.7,0,Safe,Research & Development
1180,2.3,0,Safe,Research & Development
1185,2.0,0,Safe,Research & Development
1186,0.4,0,Safe,Research & Development
1187,1.7,0,Safe,Research & Development
1190,2.3,0,Safe,Research & Development
1195,2.0,0,Safe,Research & Development
1196,0.4,0,Safe,Research & Development
1197,1.7,0,Safe,Research & Development
1199,6.3,0,Safe,Sales
1200,6.3,0,Safe,Sales
1204,6.3,0,Safe,Sales
1205,6.3,0,Safe,Sales
1206,6.3,0,Safe,Sales
1210,6.3,0,Safe,Sales
1436,0.4,0,Safe,Sales
1438,0.3,0,Safe,Sales
1440,0.4,0,Safe,Sales
1441,0.4,0,Safe,Sales
1445,0.4,0,Safe,Sales
1447,0.4,0,Safe,Sales
1448,0.3,0,Safe,Sales
2977,0.7,0,Safe,Research & Development
2978,0.6,0,Safe,Research & Development
2981,0.3,0,Safe,Research & Development
2983,0.7,0,Safe,Research & Development
2984,0.7,0,Safe,Research & Development
2988,0.3,0,Safe,Research & Development
3069,2.0,0,Safe,Research & Development
3072,1.4,0,Safe,Research & Development
3075,3.3,0,Safe,Research & Development
3076,1.3,0,Safe,Research & Development
3077,1.6,0,Safe,Research & Development
3080,1.7,0,Safe,Research & Development
3083,3.3,0,Safe,Research & Development
3084,1.3,0,Safe,Research & Development
3396,12.1,0,Safe,Sales
3398,6.6,0,Safe,Sales
3403,4.9,0,Safe,Research & Development
3404,12.1,0,Safe,Sales
3406,12.1,0,Safe,Sales
3408,6.8,0,Safe,Sales
3413,4.9,0,Safe,Research & Development
3414,12.1,0,Safe,Sales
4404,0.5,0,Safe,Research & Development
4406,0.6,0,Safe,Research & Development
4412,0.5,0,Safe,Research & Development
4413,1.8,0,Safe,Research & Development
4414,0.7,0,Safe,Research & Development
4415,0.5,0,Safe,Research & Development
4417,0.6,0,Safe,Research & Development
4423,0.5,0,Safe,Research & Development
4424,1.4,0,Safe,Research & Development
4425,0.6,0,Safe,Research & Development
4618,5.1,0,Safe,Research & Development
4621,5.1,0,Safe,Research & Development
4626,3.3,0,Safe,Research & Development
4627,0.7,0,Safe,Sales
4628,6.1,0,Safe,Research & Development
4629,5.1,0,Safe,Research & Development
4632,5.1,0,Safe,Research & Development
4637,5.1,0,Safe,Research & Development
4638,0.8,0,Safe,Sales
4639,5.1,0,Safe,Research & Development
5609,2.1,0,Safe,Research & Development
5610,3.5,0,Safe,Research & Development
5614,3.5,0,Safe,Research & Development
5616,2.1,0,Safe,Research & Development
5617,3.5,0,Safe,Research & Development
5621,3.5,0,Safe,Research & Development
6130,1.4,0,Safe,Research & Development
6132,1.1,0,Safe,Research & Development
6138,1.5,0,Safe,Research & Development
6139,1.8,0,Safe,Research & Development
6140,3.4,0,Safe,Research & Development
6141,1.4,0,Safe,Research & Development
6143,1.3,0,Safe,Research & Development
6149,1.4,0,Safe,Research & Development
6150,1.8,0,Safe,Research & Development
6151,1.1,0,Safe,Research & Development
7152,3.2,0,Safe,Sales
7154,2.8,0,Safe,Sales
7160,1.1,0,Safe,Sales
7161,12.6,0,Safe,Sales
7162,1.6,0,Safe,Sales
7163,2.1,0,Safe,Sales
7165,2.8,0,Safe,Sales
7171,1.1,0,Safe,Sales
7172,12.6,0,Safe,Sales
7173,1.6,0,Safe,Sales
7496,1.9,0,Safe,Research & Development
7497,2.9,0,Safe,Research & Development
7501,2.9,0,Safe,Research & Development
7503,2.8,0,Safe,Research & Development
7504,2.9,0,Safe,Research & Development
7508,2.9,0,Safe,Research & Development
9128,0.5,0,Safe,Human Resources
9139,0.5,0,Safe,Human Resources
11938,5.0,0,Safe,Research & Development
11941,1.2,0,Safe,Research & Development
11946,5.0,0,Safe,Research & Development
11947,4.4,0,Safe,Research & Development
11948,5.1,0,Safe,Research & Development
11949,3.6,0,Safe,Research & Development
11952,2.2,0,Safe,Research & Development
11957,5.0,0,Safe,Research & Development
11958,4.4,0,Safe,Research & Development
11959,2.7,0,Safe,Research & Development
12112,2.5,0,Safe,Sales
12114,2.6,0,Safe,Sales
12117,2.9,0,Safe,Sales
12118,2.6,0,Safe,Sales
12120,2.9,0,Safe,Sales
12122,2.6,0,Safe,Sales
12125,2.9,0,Safe,Sales
12126,2.2,0,Safe,Sales
12412,2.6,0,Safe,Research & Development
12414,2.7,0,Safe,Research & Development
12078,3.8,0,Safe,Research & Development
12421,0.7,0,Safe,Human Resources
12422,2.7,0,Safe,Research & Development
12423,2.6,0,Safe,Research & Development
12425,2.7,0,Safe,Research & Development
12431,3.8,0,Safe,Research & Development
12432,0.7,0,Safe,Human Resources
12433,2.5,0,Safe,Research & Development
12626,0.7,0,Safe,Research & Development
12628,0.6,0,Safe,Research & Development
12632,0.6,0,Safe,Research & Development
12633,0.7,0,Safe,Research & Development
12635,0.6,0,Safe,Research & Development
12639,0.6,0,Safe,Research & Development
12976,1.8,0,Safe,Research & Development
12978,1.1,0,Safe,Research & Development
12981,1.0,0,Safe,Research & Development
12982,4.0,0,Safe,Research & Development
12984,1.7,0,Safe,Research & Development
12986,1.8,0,Safe,Research & Development
12989,1.7,0,Safe,Research & Development
12990,4.0,0,Safe,Research & Development
13674,15.4,0,Safe,Research & Development
13676,12.0,0,Safe,Research & Development
13679,12.4,0,Safe,Research & Development
13680,9.3,0,Safe,Research & Development
13682,15.4,0,Safe,Research & Development
13684,12.0,0,Safe,Research & Development
13687,12.4,0,Safe,Research & Development
13688,10.0,0,Safe,Research & Development
14166,2.8,0,Safe,Research & Development
14167,2.3,0,Safe,Research & Development
14171,2.8,0,Safe,Research & Development
14172,2.3,0,Safe,Research & Development
14174,1.9,0,Safe,Research & Development
14175,2.3,0,Safe,Research & Development
14179,2.8,0,Safe,Research & Development
14180,1.5,0,Safe,Research & Development
14637,0.6,0,Safe,Research & Development
14640,0.6,0,Safe,Research & Development
14645,0.6,0,Safe,Research & Development
14646,0.7,0,Safe,Research & Development
14647,0.6,0,Safe,Research & Development
14650,0.6,0,Safe,Research & Development
14655,0.6,0,Safe,Research & Development
14656,0.6,0,Safe,Research & Development
15299,3.5,0,Safe,Research & Development
15301,1.6,0,Safe,Research & Development
15307,1.6,0,Safe,Sales
15308,3.5,0,Safe,Research & Development
15309,3.5,0,Safe,Research & Development
15311,1.6,0,Safe,Research & Development
15317,1.7,0,Safe,Sales
15318,3.5,0,Safe,Research & Development
16171,4.6,0,Safe,Research & Development
16173,3.9,0,Safe,Research & Development
16177,2.9,0,Safe,Research & Development
16178,4.6,0,Safe,Research & Development
16180,3.9,0,Safe,Research & Development
16184,2.5,0,Safe,Research & Development
16470,4.9,0,Safe,Research & Development
16472,4.4,0,Safe,Research & Development
16477,0.9,0,Safe,Research & Development
16478,5.3,0,Safe,Research & Development
16479,4.4,0,Safe,Research & Development
16481,4.9,0,Safe,Research & Development
16483,4.4,0,Safe,Research & Development
16488,0.9,0,Safe,Research & Development
16489,4.9,0,Safe,Research & Development
16490,4.4,0,Safe,Research & Development
16666,2.8,0,Safe,Research & Development
16667,3.2,0,Safe,Research & Development
16671,3.8,0,Safe,Research & Development
16672,3.8,0,Safe,Research & Development
16674,2.8,0,Safe,Research & Development
16675,2.8,0,Safe,Research & Development
16679,3.8,0,Safe,Research & Development
16680,5.2,0,Safe,Research & Development
17045,0.9,0,Safe,Research & Development
17047,0.5,0,Safe,Research & Development
17053,0.7,0,Safe,Research & Development
17054,0.9,0,Safe,Research & Development
17055,0.9,0,Safe,Research & Development
17057,0.5,0,Safe,Research & Development
17062,0.7,0,Safe,Research & Development
17063,0.9,0,Safe,Research & Development
17267,0.5,0,Safe,Research & Development
17269,0.4,0,Safe,Research & Development
17272,0.5,0,Safe,Research & Development
17274,0.5,0,Safe,Research & Development
17276,0.5,0,Safe,Research & Development
17286,0.5,0,Safe,Research & Development
17287,0.2,0,Safe,Research & Development
17510,24.2,0,Safe,Research & Development
17511,27.3,0,Safe,Research & Development
17515,6.8,0,Safe,Research & Development
17516,20.6,0,Safe,Research & Development
17518,17.1,0,Safe,Research & Development
17519,27.3,0,Safe,Research & Development
17523,17.1,0,Safe,Research & Development
17524,27.3,0,Safe,Research & Development
17749,0.9,0,Safe,Research & Development
17750,1.0,0,Safe,Research & Development
17754,0.9,0,Safe,Research & Development
17755,0.9,0,Safe,Research & Development
17757,0.9,0,Safe,Research & Development
17761,0.9,0,Safe,Research & Development
17762,0.9,0,Safe,Research & Development
17850,1.3,0,Safe,Sales
17853,1.3,0,Safe,Sales
17858,2.5,0,Safe,Research & Development
17859,0.7,0,Safe,Sales
17860,1.1,0,Safe,Sales
17862,1.3,0,Safe,Sales
17867,2.5,0,Safe,Research & Development
17868,0.6,0,Safe,Sales
19077,6.3,0,Safe,Research & Development
19079,6.3,0,Safe,Research & Development
19085,3.9,0,Safe,Research & Development
19086,3.9,0,Safe,Research & Development
19088,8.9,0,Safe,Research & Development
19090,8.9,0,Safe,Research & Development
19096,2.3,0,Safe,Research & Development
19097,3.9,0,Safe,Research & Development
19300,2.1,0,Safe,Research & Development
19303,1.7,0,Safe,Research & Development
19306,1.7,0,Safe,Research & Development
19307,2.1,0,Safe,Research & Development
19310,1.7,0,Safe,Research & Development
19313,1.7,0,Safe,Research & Development
20205,2.2,0,Safe,Research & Development
20207,1.2,0,Safe,Research & Development
20211,2.0,0,Safe,Research & Development
20212,1.6,0,Safe,Research & Development
20214,1.2,0,Safe,Research & Development
20218,2.0,0,Safe,Research & Development
21354,5.9,0,Safe,Research & Development
21356,3.4,0,Safe,Research & Development
21360,6.6,0,Safe,Research & Development
21361,5.9,0,Safe,Research & Development
21363,3.4,0,Safe,Research & Development
21367,9.7,0,Safe,Research & Development
21737,1.0,0,Safe,Research & Development
21739,1.0,0,Safe,Research & Development
21744,0.9,0,Safe,Research & Development
21745,0.8,0,Safe,Research & Development
21746,1.0,0,Safe,Research & Development
21748,1.0,0,Safe,Research & Development
21750,1.0,0,Safe,Research & Development
21755,0.9,0,Safe,Research & Development
21756,1.0,0,Safe,Research & Development
21757,1.0,0,Safe,Research & Development
22404,0.9,0,Safe,Human Resources
22407,0.7,0,Safe,Human Resources
22411,1.7,0,Safe,Research & Development
22412,0.8,0,Safe,Human Resources
22413,0.9,0,Safe,Human Resources
22416,0.8,0,Safe,Human Resources
22420,1.7,0,Safe,Research & Development
22421,0.7,0,Safe,Human Resources
23139,1.6,0,Safe,Research & Development
23141,1.3,0,Safe,Research & Development
23144,0.4,0,Safe,Research & Development
23145,0.6,0,Safe,Research & Development
23147,1.6,0,Safe,Research & Development
23149,1.3,0,Safe,Research & Development
23152,0.8,0,Safe,Research & Development
TEST,0.6,0,Safe,Research & Development
23350,4.8,0,Safe,Research & Development
23354,4.1,0,Safe,Research & Development
23355,2.2,0,Safe,Research & Development
23244,2.9,0,Safe,Research & Development
23358,4.8,0,Safe,Research & Development
23362,4.1,0,Safe,Research & Development
23363,2.2,0,Safe,Research & Development
23516,0.4,0,Safe,Research & Development
23349,2.9,0,Safe,Research & Development
11682,10.4,0,Safe,Sales
11683,9.6,0,Safe,Sales
11687,10.4,0,Safe,Sales
11688,9.6,0,Safe,Sales
11689,10.4,0,Safe,Sales
11690,9.6,0,Safe,Sales
11694,10.4,0,Safe,Sales
11695,5.5,0,Safe,Sales
13612,39.2,0,Safe,Sales
13614,13.6,0,Safe,Sales
13615,39.2,0,Safe,Sales
13616,39.2,0,Safe,Sales
13619,39.2,0,Safe,Sales
13622,13.6,0,Safe,Sales
13623,39.2,0,Safe,Sales
13624,25.0,0,Safe,Sales
20173,42.7,0,Safe,Research & Development
20176,20.6,0,Safe,Research & Development
20179,42.7,0,Safe,Research & Development
20180,20.6,0,Safe,Research & Development
20181,42.7,0,Safe,Research & Development
20184,10.8,0,Safe,Research & Development
20187,25.6,0,Safe,Research & Development
20188,10.8,0,Safe,Research & Development
23253,37.6,0,Safe,Research & Development
23254,37.6,0,Safe,Research & Development
23256,50.0,1,HIGH RISK,Research & Development
23257,50.0,1,HIGH RISK,Research & Development
23261,50.0,1,HIGH RISK,Research & Development
23262,37.6,0,Safe,Research & Development
23264,50.0,1,HIGH RISK,Research & Development
23265,50.0,1,HIGH RISK,Research & Development
325,4.6,0,Safe,Research & Development
346,3.1,0,Safe,Research & Development
693,2.2,0,Safe,Research & Development
695,3.1,0,Safe,Research & Development
699,2.7,0,Safe,Research & Development
700,3.1,0,Safe,Research & Development
701,2.0,0,Safe,Research & Development
703,2.8,0,Safe,Research & Development
707,2.4,0,Safe,Research & Development
708,2.8,0,Safe,Research & Development
1407,9.9,0,Safe,Sales
1409,9.9,0,Safe,Sales
1412,9.9,0,Safe,Sales
1413,9.9,0,Safe,Sales
1414,9.9,0,Safe,Sales
1416,9.9,0,Safe,Sales
1419,9.9,0,Safe,Sales
1420,9.9,0,Safe,Sales
2000,0.5,0,Safe,Sales
2003,0.2,0,Safe,Sales
2006,0.6,0,Safe,Sales
2007,0.5,0,Safe,Sales
2008,0.5,0,Safe,Sales
2011,0.2,0,Safe,Sales
2014,0.5,0,Safe,Sales
2015,0.5,0,Safe,Sales
2176,16.8,0,Safe,Research & Development
2179,16.8,0,Safe,Research & Development
2182,16.8,0,Safe,Research & Development
2183,16.8,0,Safe,Research & Development
2184,16.8,0,Safe,Research & Development
2187,16.9,0,Safe,Research & Development
2190,16.8,0,Safe,Research & Development
2191,16.8,0,Safe,Research & Development
2644,5.2,0,Safe,Research & Development
2645,4.7,0,Safe,Research & Development
2649,2.9,0,Safe,Research & Development
2650,3.0,0,Safe,Research & Development
2652,5.4,0,Safe,Research & Development
2656,2.9,0,Safe,Research & Development
2657,2.6,0,Safe,Research & Development
2721,5.2,0,Safe,Research & Development
2722,4.8,0,Safe,Research & Development
2724,5.2,0,Safe,Research & Development
2725,4.8,0,Safe,Research & Development
2729,5.6,0,Safe,Research & Development
2730,4.8,0,Safe,Research & Development
2732,5.2,0,Safe,Research & Development
2733,4.8,0,Safe,Research & Development
2753,5.2,0,Safe,Research & Development
2755,4.4,0,Safe,Research & Development
2758,4.4,0,Safe,Research & Development
2759,4.4,0,Safe,Research & Development
2761,4.4,0,Safe,Research & Development
2763,4.4,0,Safe,Research & Development
2766,4.4,0,Safe,Research & Development
2767,4.4,0,Safe,Research & Development
3038,17.3,0,Safe,Research & Development
3039,20.5,0,Safe,Research & Development
3043,17.3,0,Safe,Research & Development
3044,19.6,0,Safe,Research & Development
3046,19.7,0,Safe,Research & Development
3047,19.6,0,Safe,Research & Development
3051,19.7,0,Safe,Research & Development
3052,20.5,0,Safe,Research & Development
3172,1.3,0,Safe,Research & Development
3175,1.3,0,Safe,Research & Development
3178,1.1,0,Safe,Research & Development
3179,1.1,0,Safe,Research & Development
3180,1.3,0,Safe,Research & Development
3183,1.1,0,Safe,Research & Development
3186,1.1,0,Safe,Research & Development
3187,1.1,0,Safe,Research & Development
3845,5.0,0,Safe,Sales
3848,4.7,0,Safe,Sales
3851,3.0,0,Safe,Sales
3852,3.2,0,Safe,Sales
3853,5.0,0,Safe,Sales
3856,4.7,0,Safe,Sales
3859,3.0,0,Safe,Sales
3860,3.2,0,Safe,Sales
4054,29.6,0,Safe,Sales
4056,37.9,0,Safe,Sales
4059,38.7,0,Safe,Sales
4060,37.9,0,Safe,Sales
4062,29.6,0,Safe,Sales
4064,37.9,0,Safe,Sales
4067,38.7,0,Safe,Sales
4068,29.9,0,Safe,Sales
4507,24.4,0,Safe,Research & Development
4508,26.9,0,Safe,Research & Development
4512,24.4,0,Safe,Research & Development
4513,26.9,0,Safe,Research & Development
4515,28.4,0,Safe,Research & Development
4516,26.9,0,Safe,Research & Development
4520,24.4,0,Safe,Research & Development
4521,26.9,0,Safe,Research & Development
4750,6.9,0,Safe,Research & Development
4751,18.6,0,Safe,Research & Development
4755,17.2,0,Safe,Research & Development
4756,18.6,0,Safe,Research & Development
4757,6.9,0,Safe,Research & Development
4758,18.6,0,Safe,Research & Development
4762,17.2,0,Safe,Research & Development
4763,18.6,0,Safe,Research & Development
4839,0.9,0,Safe,Research & Development
4840,1.1,0,Safe,Research & Development
4844,0.9,0,Safe,Research & Development
4845,1.1,0,Safe,Research & Development
4846,0.9,0,Safe,Research & Development
4847,1.1,0,Safe,Research & Development
4851,0.9,0,Safe,Research & Development
4852,0.8,0,Safe,Research & Development
5120,1.4,0,Safe,Research & Development
5122,3.2,0,Safe,Research & Development
5126,2.9,0,Safe,Research & Development
5127,3.2,0,Safe,Research & Development
5128,1.6,0,Safe,Research & Development
5130,3.2,0,Safe,Research & Development
5134,2.6,0,Safe,Research & Development
5135,3.2,0,Safe,Research & Development
5356,12.1,0,Safe,Research & Development
5359,7.0,0,Safe,Research & Development
5360,7.0,0,Safe,Research & Development
5361,12.1,0,Safe,Research & Development
5364,12.1,0,Safe,Research & Development
5367,12.1,0,Safe,Research & Development
5368,12.1,0,Safe,Research & Development
5369,12.1,0,Safe,Research & Development
5403,8.0,0,Safe,Research & Development
5406,5.1,0,Safe,Research & Development
5409,5.5,0,Safe,Research & Development
5410,7.4,0,Safe,Research & Development
5411,8.0,0,Safe,Research & Development
5414,7.4,0,Safe,Research & Development
5417,8.0,0,Safe,Research & Development
5418,5.1,0,Safe,Research & Development
5766,7.6,0,Safe,Research & Development
5768,6.0,0,Safe,Research & Development
5771,5.7,0,Safe,Research & Development
5772,4.2,0,Safe,Research & Development
5774,7.6,0,Safe,Research & Development
5776,6.0,0,Safe,Research & Development
5779,5.7,0,Safe,Research & Development
5780,5.0,0,Safe,Research & Development
6311,6.0,0,Safe,Research & Development
6314,1.8,0,Safe,Research & Development
6315,6.0,0,Safe,Research & Development
6316,5.2,0,Safe,Research & Development
6318,3.4,0,Safe,Research & Development
6321,3.2,0,Safe,Research & Development
6322,6.0,0,Safe,Research & Development
6323,2.9,0,Safe,Research & Development
6387,3.4,0,Safe,Research & Development
6388,19.7,0,Safe,Research & Development
6389,16.5,0,Safe,Research & Development
6390,2.8,0,Safe,Research & Development
6391,1.9,0,Safe,Research & Development
6392,10.0,0,Safe,Research & Development
6393,9.1,0,Safe,Research & Development
6394,1.8,0,Safe,Research & Development
6395,2.1,0,Safe,Research & Development
6396,19.7,0,Safe,Research & Development
6397,16.5,0,Safe,Research & Development
6398,1.8,0,Safe,Research & Development
6399,1.9,0,Safe,Research & Development
6400,10.0,0,Safe,Research & Development
6401,9.1,0,Safe,Research & Development
6402,1.8,0,Safe,Research & Development
6403,0.9,0,Safe,Research & Development
6406,1.0,0,Safe,Research & Development
6409,1.1,0,Safe,Research & Development
6410,1.0,0,Safe,Research & Development
6411,0.9,0,Safe,Research & Development
6414,1.0,0,Safe,Research & Development
6417,1.1,0,Safe,Research & Development
6418,1.0,0,Safe,Research & Development
7834,2.3,0,Safe,Research & Development
7836,2.4,0,Safe,Research & Development
7840,2.3,0,Safe,Research & Development
7841,2.4,0,Safe,Research & Development
7843,1.7,0,Safe,Research & Development
7847,2.3,0,Safe,Research & Development
7848,2.4,0,Safe,Research & Development
7864,1.8,0,Safe,Research & Development
7867,1.0,0,Safe,Research & Development
7870,1.8,0,Safe,Research & Development
7871,1.7,0,Safe,Research & Development
7872,1.8,0,Safe,Research & Development
7875,1.0,0,Safe,Research & Development
7878,1.8,0,Safe,Research & Development
7879,1.6,0,Safe,Research & Development
8327,6.6,0,Safe,Research & Development
8329,12.1,0,Safe,Research & Development
8330,7.9,0,Safe,Research & Development
8331,12.1,0,Safe,Research & Development
8335,6.6,0,Safe,Research & Development
8337,9.0,0,Safe,Research & Development
8338,10.2,0,Safe,Research & Development
8339,12.1,0,Safe,Research & Development
6325,16.5,0,Safe,Sales
8810,15.6,0,Safe,Sales
8813,16.5,0,Safe,Sales
8814,19.1,0,Safe,Sales
8815,13.9,0,Safe,Sales
8818,19.1,0,Safe,Sales
8821,16.5,0,Safe,Sales
8822,19.1,0,Safe,Sales
8887,14.9,0,Safe,Human Resources
8889,33.5,0,Safe,Human Resources
8892,14.9,0,Safe,Human Resources
8893,18.4,0,Safe,Human Resources
8895,10.8,0,Safe,Human Resources
8897,33.5,0,Safe,Human Resources
8900,14.9,0,Safe,Human Resources
8901,18.4,0,Safe,Human Resources
9044,7.9,0,Safe,Research & Development
9045,8.6,0,Safe,Research & Development
9049,5.0,0,Safe,Research & Development
9050,4.0,0,Safe,Research & Development
9052,7.9,0,Safe,Research & Development
9053,8.6,0,Safe,Research & Development
9057,5.0,0,Safe,Research & Development
9058,4.8,0,Safe,Research & Development
9160,4.4,0,Safe,Sales
9161,3.5,0,Safe,Sales
9163,3.1,0,Safe,Sales
9164,5.1,0,Safe,Sales
9168,4.4,0,Safe,Sales
9169,5.1,0,Safe,Sales
9171,4.4,0,Safe,Sales
9172,5.1,0,Safe,Sales
9717,4.4,0,Safe,Research & Development
9718,2.0,0,Safe,Research & Development
9722,3.3,0,Safe,Research & Development
9723,3.5,0,Safe,Research & Development
9725,4.4,0,Safe,Research & Development
9726,2.0,0,Safe,Research & Development
9730,4.4,0,Safe,Research & Development
9731,3.5,0,Safe,Research & Development
9780,25.3,0,Safe,Research & Development
9783,9.9,0,Safe,Research & Development
9786,13.8,0,Safe,Research & Development
9787,13.5,0,Safe,Research & Development
9788,25.3,0,Safe,Research & Development
9791,13.5,0,Safe,Research & Development
9794,13.8,0,Safe,Research & Development
9795,9.9,0,Safe,Research & Development
10429,3.9,0,Safe,Research & Development
10431,3.5,0,Safe,Research & Development
10435,5.6,0,Safe,Research & Development
10436,5.0,0,Safe,Research & Development
10437,3.9,0,Safe,Research & Development
10439,5.0,0,Safe,Research & Development
10443,5.6,0,Safe,Research & Development
10444,3.5,0,Safe,Research & Development
10579,7.7,0,Safe,Sales
10581,7.1,0,Safe,Sales
10584,7.7,0,Safe,Sales
10585,9.1,0,Safe,Sales
10587,7.6,0,Safe,Sales
10588,8.6,0,Safe,Sales
10590,7.3,0,Safe,Sales
10593,7.7,0,Safe,Sales
10594,9.1,0,Safe,Sales
10612,4.2,0,Safe,Research & Development
10614,4.3,0,Safe,Research & Development
10618,2.2,0,Safe,Research & Development
10619,2.4,0,Safe,Research & Development
10620,4.2,0,Safe,Research & Development
10623,4.3,0,Safe,Research & Development
10627,3.9,0,Safe,Research & Development
10628,4.3,0,Safe,Research & Development
11843,3.0,0,Safe,Sales
11845,2.6,0,Safe,Sales
11848,3.0,0,Safe,Sales
11849,3.2,0,Safe,Sales
11851,2.4,0,Safe,Sales
11853,2.6,0,Safe,Sales
11856,3.0,0,Safe,Sales
11857,2.6,0,Safe,Sales
12434,12.0,0,Safe,Sales
12437,11.5,0,Safe,Sales
12440,12.0,0,Safe,Sales
12441,13.3,0,Safe,Sales
12442,12.0,0,Safe,Sales
12445,13.3,0,Safe,Sales
12448,12.0,0,Safe,Sales
12449,11.5,0,Safe,Sales
12880,1.9,0,Safe,Research & Development
12881,1.9,0,Safe,Research & Development
12885,1.9,0,Safe,Research & Development
12886,2.2,0,Safe,Research & Development
12888,1.9,0,Safe,Research & Development
12889,1.9,0,Safe,Research & Development
12893,1.9,0,Safe,Research & Development
12894,1.9,0,Safe,Research & Development
13023,8.7,0,Safe,Research & Development
13026,6.8,0,Safe,Research & Development
13029,8.7,0,Safe,Research & Development
13030,6.8,0,Safe,Research & Development
13031,8.7,0,Safe,Research & Development
13034,6.8,0,Safe,Research & Development
13037,8.7,0,Safe,Research & Development
13038,6.8,0,Safe,Research & Development
13326,30.9,0,Safe,Research & Development
13328,30.9,0,Safe,Research & Development
13331,30.9,0,Safe,Research & Development
13332,16.5,0,Safe,Research & Development
13334,30.9,0,Safe,Research & Development
13336,30.9,0,Safe,Research & Development
13339,30.9,0,Safe,Research & Development
13340,30.9,0,Safe,Research & Development
13722,13.8,0,Safe,Research & Development
13724,13.8,0,Safe,Research & Development
13727,13.8,0,Safe,Research & Development
13728,10.7,0,Safe,Research & Development
13730,10.7,0,Safe,Research & Development
13732,10.7,0,Safe,Research & Development
13735,10.7,0,Safe,Research & Development
13736,13.8,0,Safe,Research & Development
14383,1.7,0,Safe,Research & Development
14385,1.8,0,Safe,Research & Development
14389,1.9,0,Safe,Research & Development
14390,1.8,0,Safe,Research & Development
14391,1.7,0,Safe,Research & Development
14393,1.8,0,Safe,Research & Development
14397,1.7,0,Safe,Research & Development
14398,1.8,0,Safe,Research & Development
14817,5.1,0,Safe,Research & Development
14819,4.7,0,Safe,Research & Development
14822,5.1,0,Safe,Research & Development
14823,4.7,0,Safe,Research & Development
14825,5.1,0,Safe,Research & Development
14827,4.7,0,Safe,Research & Development
14830,5.1,0,Safe,Research & Development
14831,4.7,0,Safe,Research & Development
14832,3.1,0,Safe,Sales
14834,1.5,0,Safe,Sales
14838,3.1,0,Safe,Sales
14839,3.2,0,Safe,Sales
14840,3.1,0,Safe,Sales
14842,1.5,0,Safe,Sales
14846,3.1,0,Safe,Sales
14847,3.2,0,Safe,Sales
15239,5.4,0,Safe,Research & Development
15240,7.9,0,Safe,Research & Development
15244,5.0,0,Safe,Research & Development
15245,7.9,0,Safe,Research & Development
15247,5.4,0,Safe,Research & Development
15248,7.9,0,Safe,Research & Development
15252,6.3,0,Safe,Research & Development
15253,7.9,0,Safe,Research & Development
15934,21.8,0,Safe,Research & Development
15936,24.4,0,Safe,Research & Development
15940,21.8,0,Safe,Research & Development
15941,24.4,0,Safe,Research & Development
15942,21.8,0,Safe,Research & Development
15944,24.4,0,Safe,Research & Development
15948,21.8,0,Safe,Research & Development
15949,24.4,0,Safe,Research & Development
16682,10.5,0,Safe,Sales
16684,9.4,0,Safe,Sales
16685,16.1,0,Safe,Sales
16686,15.0,0,Safe,Sales
16690,13.8,0,Safe,Sales
16692,15.0,0,Safe,Sales
16693,16.1,0,Safe,Sales
16694,15.0,0,Safe,Sales
17669,9.1,0,Safe,Research & Development
17670,8.3,0,Safe,Research & Development
17674,5.7,0,Safe,Research & Development
17675,8.3,0,Safe,Research & Development
17677,9.1,0,Safe,Research & Development
17678,8.3,0,Safe,Research & Development
17682,5.7,0,Safe,Research & Development
17683,8.3,0,Safe,Research & Development
18111,6.4,0,Safe,Research & Development
18114,5.3,0,Safe,Research & Development
18117,4.1,0,Safe,Research & Development
18118,5.3,0,Safe,Research & Development
18121,5.3,0,Safe,Research & Development
18124,6.4,0,Safe,Research & Development
18125,5.3,0,Safe,Research & Development
18872,3.8,0,Safe,Sales
18873,3.3,0,Safe,Sales
18877,3.8,0,Safe,Sales
18878,4.7,0,Safe,Sales
18880,5.3,0,Safe,Sales
18881,3.3,0,Safe,Sales
18885,3.8,0,Safe,Sales
18886,4.7,0,Safe,Sales
18949,4.5,0,Safe,Research & Development
18952,3.7,0,Safe,Research & Development
18955,2.9,0,Safe,Research & Development
18956,2.3,0,Safe,Research & Development
18957,4.5,0,Safe,Research & Development
18960,3.7,0,Safe,Research & Development
18963,3.0,0,Safe,Research & Development
18964,2.3,0,Safe,Research & Development
19411,5.7,0,Safe,Research & Development
19413,5.3,0,Safe,Research & Development
19414,5.7,0,Safe,Research & Development
19415,5.3,0,Safe,Research & Development
19419,5.7,0,Safe,Research & Development
19421,5.3,0,Safe,Research & Development
19422,5.7,0,Safe,Research & Development
19423,5.3,0,Safe,Research & Development
19442,4.4,0,Safe,Sales
19444,6.8,0,Safe,Sales
19448,9.0,0,Safe,Sales
19449,6.8,0,Safe,Sales
19450,4.4,0,Safe,Sales
19452,9.9,0,Safe,Sales
19456,9.0,0,Safe,Sales
19457,9.9,0,Safe,Sales
20283,16.6,0,Safe,Human Resources
20285,8.2,0,Safe,Human Resources
20289,23.2,0,Safe,Human Resources
20290,23.2,0,Safe,Human Resources
20291,23.2,0,Safe,Human Resources
20293,8.2,0,Safe,Human Resources
20297,23.2,0,Safe,Human Resources
20298,23.2,0,Safe,Human Resources
20332,1.0,0,Safe,Research & Development
20334,1.0,0,Safe,Research & Development
20337,1.0,0,Safe,Research & Development
20338,1.0,0,Safe,Research & Development
20340,1.0,0,Safe,Research & Development
20342,1.0,0,Safe,Research & Development
20345,0.8,0,Safe,Research & Development
20346,1.0,0,Safe,Research & Development
20476,20.8,0,Safe,Research & Development
20477,23.9,0,Safe,Research & Development
20481,20.8,0,Safe,Research & Development
20482,22.6,0,Safe,Research & Development
20484,20.8,0,Safe,Research & Development
20485,22.6,0,Safe,Research & Development
20489,21.2,0,Safe,Research & Development
20490,23.0,0,Safe,Research & Development
20667,10.4,0,Safe,Research & Development
20670,8.4,0,Safe,Research & Development
20673,14.8,0,Safe,Research & Development
20674,15.2,0,Safe,Research & Development
20675,8.3,0,Safe,Research & Development
20678,8.4,0,Safe,Research & Development
20681,14.8,0,Safe,Research & Development
20682,15.2,0,Safe,Research & Development
21034,16.7,0,Safe,Sales
21036,17.0,0,Safe,Sales
21038,7.0,0,Safe,Sales
21039,6.9,0,Safe,Sales
21042,16.7,0,Safe,Sales
21044,15.9,0,Safe,Sales
21046,6.3,0,Safe,Sales
21047,6.9,0,Safe,Sales
21258,2.8,0,Safe,Research & Development
21260,2.5,0,Safe,Research & Development
21264,2.8,0,Safe,Research & Development
21265,2.5,0,Safe,Research & Development
21266,1.8,0,Safe,Research & Development
21268,1.5,0,Safe,Research & Development
21272,2.8,0,Safe,Research & Development
21273,1.5,0,Safe,Research & Development
22373,8.5,0,Safe,Research & Development
22376,7.0,0,Safe,Research & Development
22379,13.7,0,Safe,Research & Development
22380,16.9,0,Safe,Research & Development
22381,13.7,0,Safe,Research & Development
22384,10.2,0,Safe,Research & Development
22387,13.7,0,Safe,Research & Development
22388,16.9,0,Safe,Research & Development
23107,3.5,0,Safe,Research & Development
23108,3.8,0,Safe,Research & Development
23112,1.6,0,Safe,Research & Development
23113,1.8,0,Safe,Research & Development
23115,3.5,0,Safe,Research & Development
23116,3.8,0,Safe,Research & Development
23120,2.5,0,Safe,Research & Development
23121,2.7,0,Safe,Research & Development
20,0.6,0,Safe,Human Resources
21,0.6,0,Safe,Human Resources
25,0.3,0,Safe,Human Resources
26,0.3,0,Safe,Human Resources
30,0.6,0,Safe,Human Resources
31,0.6,0,Safe,Human Resources
35,0.3,0,Safe,Human Resources
36,0.3,0,Safe,Human Resources
117,0.2,0,Safe,Research & Development
119,0.2,0,Safe,Research & Development
123,0.3,0,Safe,Research & Development
124,0.7,0,Safe,Research & Development
125,0.2,0,Safe,Research & Development
126,0.3,0,Safe,Research & Development
129,0.3,0,Safe,Research & Development
126,0.2,0,Safe,Research & Development
138,0.3,0,Safe,Research & Development
139,0.7,0,Safe,Research & Development
249,0.2,0,Safe,Human Resources
1050,0.3,0,Safe,Sales
1052,0.5,0,Safe,Sales
1055,0.5,0,Safe,Sales
1056,0.9,0,Safe,Sales
1058,0.3,0,Safe,Sales
1060,0.6,0,Safe,Sales
1063,0.5,0,Safe,Sales
1064,0.8,0,Safe,Sales
1098,1.3,0,Safe,Sales
1100,1.7,0,Safe,Sales
1103,0.7,0,Safe,Sales
1104,0.2,0,Safe,Sales
1106,1.3,0,Safe,Sales
1108,1.7,0,Safe,Sales
1111,1.0,0,Safe,Sales
1112,0.8,0,Safe,Sales
1145,0.1,0,Safe,Sales
1148,0.1,0,Safe,Sales
1151,0.1,0,Safe,Sales
1152,0.9,0,Safe,Sales
1153,0.1,0,Safe,Sales
1156,0.1,0,Safe,Sales
1159,0.1,0,Safe,Sales
1160,0.9,0,Safe,Sales
1256,1.4,0,Safe,Sales
1258,0.9,0,Safe,Sales
1262,1.3,0,Safe,Sales
1263,1.4,0,Safe,Sales
1265,0.9,0,Safe,Sales
1269,1.4,0,Safe,Sales
1270,1.4,0,Safe,Sales
1782,0.2,0,Safe,Human Resources
1784,0.1,0,Safe,Human Resources
1788,0.1,0,Safe,Human Resources
1789,0.2,0,Safe,Human Resources
1791,0.1,0,Safe,Human Resources
1797,0.1,0,Safe,Human Resources
1798,0.3,0,Safe,Human Resources
2017,3.0,0,Safe,Research & Development
2018,1.8,0,Safe,Research & Development
2022,1.5,0,Safe,Research & Development
2023,0.1,0,Safe,Research & Development
2025,2.7,0,Safe,Research & Development
2026,1.8,0,Safe,Research & Development
2030,1.8,0,Safe,Research & Development
2031,0.1,0,Safe,Research & Development
3685,0.4,0,Safe,Research & Development
3688,0.3,0,Safe,Research & Development
3691,0.4,0,Safe,Research & Development
3692,0.5,0,Safe,Research & Development
3693,0.4,0,Safe,Research & Development
3696,0.4,0,Safe,Research & Development
3699,0.3,0,Safe,Research & Development
3700,0.7,0,Safe,Research & Development
3797,2.8,0,Safe,Human Resources
3800,2.3,0,Safe,Human Resources
3803,2.8,0,Safe,Human Resources
3804,3.8,0,Safe,Human Resources
3805,2.8,0,Safe,Human Resources
3808,2.3,0,Safe,Human Resources
3811,2.8,0,Safe,Human Resources
3812,3.8,0,Safe,Human Resources
5373,3.7,0,Safe,Research & Development
5375,5.6,0,Safe,Research & Development
5378,4.7,0,Safe,Research & Development
5379,6.6,0,Safe,Research & Development
5381,3.7,0,Safe,Research & Development
5383,5.6,0,Safe,Research & Development
5386,5.3,0,Safe,
5387,4.5,0,Safe,Research & Development
6372,1.2,0,Safe,Sales
6373,1.2,0,Safe,Sales
6377,1.7,0,Safe,Sales
6378,2.2,0,Safe,Sales
6380,1.2,0,Safe,Sales
6381,1.7,0,Safe,Sales
6385,1.2,0,Safe,Sales
6386,2.2,0,Safe,Sales
11906,1.3,0,Safe,Research & Development
11908,1.1,0,Safe,Research & Development
11912,2.0,0,Safe,Research & Development
11913,1.7,0,Safe,Research & Development
11914,1.3,0,Safe,Research & Development
11916,1.1,0,Safe,Research & Development
11920,1.7,0,Safe,Research & Development
11921,1.6,0,Safe,Research & Development
12158,1.6,0,Safe,Sales
12160,2.8,0,Safe,Sales
12164,3.2,0,Safe,Sales
12165,2.3,0,Safe,Sales
12166,1.6,0,Safe,Sales
12168,2.8,0,Safe,Sales
12172,3.2,0,Safe,Sales
12173,2.3,0,Safe,Sales
12720,1.1,0,Safe,Research & Development
12721,1.1,0,Safe,Research & Development
12725,1.1,0,Safe,Research & Development
12726,0.3,0,Safe,Research & Development
12728,1.1,0,Safe,Research & Development
12729,0.9,0,Safe,Research & Development
12733,0.9,0,Safe,Research & Development
12734,0.3,0,Safe,Research & Development
13960,3.6,0,Safe,Human Resources
13961,4.3,0,Safe,Human Resources
13965,4.3,0,Safe,Human Resources
13966,0.8,0,Safe,Human Resources
13968,3.6,0,Safe,Human Resources
13969,3.6,0,Safe,Human Resources
13973,4.3,0,Safe,Human Resources
13974,1.0,0,Safe,Human Resources
14367,4.9,0,Safe,Sales
14370,4.4,0,Safe,Sales
14373,4.9,0,Safe,Sales
14374,3.9,0,Safe,Sales
14375,4.9,0,Safe,Sales
14378,4.4,0,Safe,Sales
14381,3.6,0,Safe,Sales
14382,3.9,0,Safe,Sales
14721,4.6,0,Safe,Research & Development
14724,2.1,0,Safe,Research & Development
14727,4.6,0,Safe,Research & Development
14728,3.3,0,Safe,Research & Development
14729,4.6,0,Safe,Research & Development
14732,1.7,0,Safe,Research & Development
14735,4.6,0,Safe,Research & Development
14736,3.3,0,Safe,Research & Development
17289,0.9,0,Safe,Research & Development
17291,0.8,0,Safe,Research & Development
17294,0.6,0,Safe,Research & Development
17295,0.4,0,Safe,Research & Development
17297,0.9,0,Safe,Research & Development
17299,0.8,0,Safe,Research & Development
17302,0.9,0,Safe,Research & Development
17303,0.4,0,Safe,Research & Development
22423,1.6,0,Safe,Sales
22424,1.8,0,Safe,Sales
22428,1.5,0,Safe,Sales
22429,0.9,0,Safe,Sales
22431,2.3,0,Safe,Sales
22432,1.5,0,Safe,Sales
22436,1.5,0,Safe,Sales
22437,0.7,0,Safe,Sales
38,1.1,0,Safe,Human Resources
40,0.8,0,Safe,Human Resources
43,1.1,0,Safe,Human Resources
47,1.1,0,Safe,Human Resources
49,0.8,0,Safe,Human Resources
52,1.1,0,Safe,Human Resources
1184,2.4,0,Safe,Research & Development
1194,2.4,0,Safe,Research & Development
1630,2.4,0,Safe,Research & Development
1632,1.4,0,Safe,Research & Development
1634,2.4,0,Safe,Research & Development
1637,2.4,0,Safe,Research & Development
1639,1.4,0,Safe,Research & Development
1641,2.8,0,Safe,Research & Development
1890,0.6,0,Safe,Human Resources
1893,0.5,0,Safe,Human Resources
1896,0.6,0,Safe,Human Resources
1897,0.6,0,Safe,Human Resources
1900,0.5,0,Safe,Human Resources
1903,0.6,0,Safe,Human Resources
2737,3.1,0,Safe,Research & Development
2739,3.5,0,Safe,Research & Development
2742,3.5,0,Safe,Research & Development
2743,3.5,0,Safe,Research & Development
2745,3.1,0,Safe,Research & Development
2747,3.5,0,Safe,Research & Development
2750,3.5,0,Safe,Research & Development
2751,3.5,0,Safe,Research & Development
3316,1.7,0,Safe,Research & Development
3317,1.9,0,Safe,Research & Development
3321,1.7,0,Safe,Research & Development
3322,1.9,0,Safe,Research & Development
3324,1.7,0,Safe,Research & Development
3325,1.9,0,Safe,Research & Development
3329,1.7,0,Safe,Research & Development
3330,2.3,0,Safe,Research & Development
3402,0.3,0,Safe,Research & Development
3412,0.3,0,Safe,Research & Development
3589,0.8,0,Safe,Sales
3591,0.9,0,Safe,Sales
3595,0.8,0,Safe,Sales
3596,0.9,0,Safe,Sales
3597,0.8,0,Safe,Sales
3599,0.8,0,Safe,Sales
3603,0.8,0,Safe,Sales
3604,0.8,0,Safe,Sales
4411,0.6,0,Safe,Research & Development
4422,0.9,0,Safe,Research & Development
4625,0.9,0,Safe,Research & Development
4636,0.9,0,Safe,Research & Development
5388,1.5,0,Safe,Research & Development
5391,1.5,0,Safe,Research & Development
5394,1.5,0,Safe,Research & Development
5395,1.5,0,Safe,Research & Development
5396,1.5,0,Safe,Research & Development
5399,1.6,0,Safe,Research & Development
5401,1.5,0,Safe,Research & Development
5402,1.5,0,Safe,Research & Development
5515,7.1,0,Safe,Sales
5516,5.6,0,Safe,Sales
5520,7.1,0,Safe,Sales
5522,7.1,0,Safe,Sales
5523,5.6,0,Safe,Sales
5527,7.1,0,Safe,Sales
6137,1.9,0,Safe,Sales
6148,2.4,0,Safe,Sales
6312,1.0,0,Safe,Research & Development
6313,1.0,0,Safe,Research & Development
6317,1.5,0,Safe,Research & Development
6319,1.0,0,Safe,Research & Development
6320,1.0,0,Safe,Research & Development
6324,1.5,0,Safe,Research & Development
6340,1.0,0,Safe,Research & Development
6343,1.1,0,Safe,Research & Development
6346,1.0,0,Safe,Research & Development
6347,1.1,0,Safe,Research & Development
6348,1.0,0,Safe,Research & Development
6351,1.1,0,Safe,Research & Development
6354,1.0,0,Safe,Research & Development
6355,1.1,0,Safe,Research & Development
6357,8.2,0,Safe,Research & Development
6358,4.8,0,Safe,Research & Development
6361,8.2,0,Safe,Research & Development
6362,4.8,0,Safe,Research & Development
6364,8.2,0,Safe,Research & Development
6365,2.6,0,Safe,Research & Development
6369,8.2,0,Safe,Research & Development
6370,4.8,0,Safe,Research & Development
6941,1.6,0,Safe,Research & Development
6944,1.4,0,Safe,Research & Development
6947,1.6,0,Safe,Research & Development
6950,1.1,0,Safe,Research & Development
6953,1.9,0,Safe,Research & Development
7159,7.7,0,Safe,Research & Development
7170,7.7,0,Safe,Research & Development
8166,1.9,0,Safe,Human Resources
8168,2.6,0,Safe,Human Resources
8172,1.9,0,Safe,Human Resources
8173,2.6,0,Safe,Human Resources
8174,3.1,0,Safe,Human Resources
8176,2.6,0,Safe,Human Resources
8180,3.1,0,Safe,Human Resources
8181,2.6,0,Safe,Human Resources
9126,0.6,0,Safe,Research & Development
9137,0.6,0,Safe,Research & Development
9238,1.4,0,Safe,Research & Development
9240,1.9,0,Safe,Research & Development
9244,2.9,0,Safe,Research & Development
9245,1.5,0,Safe,Research & Development
9247,2.0,0,Safe,Research & Development
9251,2.8,0,Safe,Research & Development
9685,1.1,0,Safe,Research & Development
9687,0.9,0,Safe,Research & Development
9690,1.1,0,Safe,Research & Development
9691,1.1,0,Safe,Research & Development
9693,1.1,0,Safe,Research & Development
9695,1.1,0,Safe,Research & Development
9698,1.1,0,Safe,Research & Development
9699,0.9,0,Safe,Research & Development
10528,4.4,0,Safe,Sales
10529,4.4,0,Safe,Sales
10533,4.3,0,Safe,Sales
10534,4.3,0,Safe,Sales
10536,4.8,0,Safe,Sales
10537,1.4,0,Safe,Sales
10538,4.4,0,Safe,Sales
10542,4.3,0,Safe,Sales
10543,4.3,0,Safe,Sales
11668,1.6,0,Safe,Research & Development
11671,1.7,0,Safe,Research & Development
11674,2.4,0,Safe,Research & Development
11677,1.7,0,Safe,Research & Development
11680,2.4,0,Safe,Research & Development
11945,0.1,0,Safe,Human Resources
11956,0.1,0,Safe,Human Resources
12364,1.2,0,Safe,Sales
12366,1.2,0,Safe,Sales
12370,1.2,0,Safe,Sales
12371,0.9,0,Safe,Sales
12372,0.8,0,Safe,Sales
12374,1.2,0,Safe,Sales
12378,0.8,0,Safe,Sales
12379,1.2,0,Safe,Sales
12419,2.0,0,Safe,Research & Development
12430,1.3,0,Safe,Research & Development
14260,1.5,0,Safe,Research & Development
14262,1.0,0,Safe,Research & Development
14265,0.8,0,Safe,Research & Development
14266,0.8,0,Safe,Research & Development
14268,1.0,0,Safe,Research & Development
14271,1.5,0,Safe,Research & Development
14319,1.6,0,Safe,Research & Development
14322,1.6,0,Safe,Research & Development
14325,1.6,0,Safe,Research & Development
14326,1.6,0,Safe,Research & Development
14327,1.6,0,Safe,Research & Development
14330,1.6,0,Safe,Research & Development
14333,1.6,0,Safe,Research & Development
14334,1.6,0,Safe,Research & Development
14644,0.8,0,Safe,Research & Development
14654,1.0,0,Safe,Research & Development
14785,4.1,0,Safe,Research & Development
14786,3.1,0,Safe,Research & Development
14790,5.5,0,Safe,Research & Development
14791,4.7,0,Safe,Research & Development
14793,5.5,0,Safe,Research & Development
14794,4.7,0,Safe,Research & Development
14798,5.5,0,Safe,Research & Development
14799,4.7,0,Safe,Research & Development
15306,1.8,0,Safe,Research & Development
15316,2.5,0,Safe,Research & Development
15320,1.6,0,Safe,Human Resources
15322,0.8,0,Safe,Human Resources
15323,1.6,0,Safe,Human Resources
15327,1.6,0,Safe,Human Resources
15329,0.6,0,Safe,Human Resources
15330,1.6,0,Safe,Human Resources
15666,4.3,0,Safe,Research & Development
15668,4.7,0,Safe,Research & Development
15671,2.4,0,Safe,Research & Development
15672,1.0,0,Safe,Research & Development
15674,4.3,0,Safe,Research & Development
15676,4.5,0,Safe,Research & Development
15679,2.4,0,Safe,Research & Development
15680,2.8,0,Safe,Research & Development
16141,3.1,0,Safe,Research & Development
16143,2.4,0,Safe,Research & Development
16147,2.5,0,Safe,Research & Development
16148,2.5,0,Safe,Research & Development
16150,1.9,0,Safe,Research & Development
16154,3.1,0,Safe,Research & Development
16476,1.2,0,Safe,Human Resources
16487,1.2,0,Safe,Human Resources
17052,1.4,0,Safe,Research & Development
17061,1.0,0,Safe,Research & Development
17220,1.0,0,Safe,Research & Development
17222,0.9,0,Safe,Research & Development
17226,0.4,0,Safe,Research & Development
17227,1.0,0,Safe,Research & Development
17229,0.9,0,Safe,Research & Development
17233,0.5,0,Safe,Research & Development
17717,4.2,0,Safe,Research & Development
17718,3.6,0,Safe,Research & Development
17722,4.2,0,Safe,Research & Development
17723,3.6,0,Safe,Research & Development
17725,4.4,0,Safe,Research & Development
17726,3.6,0,Safe,Research & Development
17730,4.2,0,Safe,Research & Development
17731,3.6,0,Safe,Research & Development
17857,0.9,0,Safe,Research & Development
17866,0.9,0,Safe,Research & Development
18066,0.7,0,Safe,Research & Development
18067,0.9,0,Safe,Research & Development
18071,0.9,0,Safe,Research & Development
18073,0.7,0,Safe,Research & Development
18074,0.9,0,Safe,Research & Development
18078,0.9,0,Safe,Research & Development
18615,3.0,0,Safe,Research & Development
18617,2.6,0,Safe,Research & Development
18620,3.0,0,Safe,Research & Development
18622,3.1,0,Safe,Research & Development
18624,2.6,0,Safe,Research & Development
18627,3.0,0,Safe,Research & Development
18935,3.2,0,Safe,Research & Development
18937,2.9,0,Safe,Research & Development
18941,1.1,0,Safe,Research & Development
18942,3.2,0,Safe,Research & Development
18944,2.9,0,Safe,Research & Development
18948,0.6,0,Safe,Research & Development
19083,0.8,0,Safe,Research & Development
19094,0.8,0,Safe,Research & Development
19301,0.8,0,Safe,Research & Development
19302,0.8,0,Safe,Research & Development
19304,1.0,0,Safe,Research & Development
19305,0.9,0,Safe,Research & Development
19308,1.0,0,Safe,Research & Development
19309,0.8,0,Safe,Research & Development
19311,1.0,0,Safe,Research & Development
19312,0.9,0,Safe,Research & Development
19747,1.1,0,Safe,Research & Development
19749,1.1,0,Safe,Research & Development
19752,1.1,0,Safe,Research & Development
19753,1.4,0,Safe,Research & Development
19755,1.1,0,Safe,Research & Development
19757,1.4,0,Safe,Research & Development
19760,1.1,0,Safe,Research & Development
19761,1.1,0,Safe,Research & Development
20859,0.5,0,Safe,Research & Development
20862,0.5,0,Safe,Research & Development
20865,0.8,0,Safe,Research & Development
20866,0.8,0,Safe,Research & Development
20867,0.8,0,Safe,Research & Development
20870,0.8,0,Safe,Research & Development
20873,0.8,0,Safe,Research & Development
20874,0.8,0,Safe,Research & Development
21465,0.7,0,Safe,Research & Development
21466,0.6,0,Safe,Research & Development
21470,0.9,0,Safe,Research & Development
21471,0.6,0,Safe,Research & Development
21473,0.7,0,Safe,Research & Development
21474,0.6,0,Safe,Research & Development
21478,0.7,0,Safe,Research & Development
21479,0.6,0,Safe,Research & Development
21743,1.0,0,Safe,Human Resources
21754,0.6,0,Safe,Human Resources
22341,0.3,0,Safe,Research & Development
22344,0.3,0,Safe,Research & Development
22345,0.3,0,Safe,Research & Development
22346,0.3,0,Safe,Research & Development
22349,0.3,0,Safe,Research & Development
22352,0.3,0,Safe,Research & Development
22353,0.3,0,Safe,Research & Development
22354,0.3,0,Safe,Research & Development
22405,0.2,0,Safe,Research & Development
22406,0.4,0,Safe,Research & Development
22409,0.4,0,Safe,Research & Development
22410,1.9,0,Safe,Research & Development
22414,0.5,0,Safe,Research & Development
22415,0.4,0,Safe,Research & Development
22418,0.4,0,Safe,Research & Development
22419,1.9,0,Safe,Research & Development
22485,1.0,0,Safe,Research & Development
22488,0.9,0,Safe,Research & Development
22491,0.8,0,Safe,Research & Development
22492,1.0,0,Safe,Research & Development
22495,0.6,0,Safe,Research & Development
22498,0.8,0,Safe,Research & Development
255,3.5,0,Safe,Research & Development
1631,16.0,0,Safe,Research & Development
1633,8.8,0,Safe,Research & Development
1635,16.0,0,Safe,Research & Development
1636,9.1,0,Safe,Research & Development
1638,16.0,0,Safe,Research & Development
1640,8.8,0,Safe,Research & Development
1642,16.5,0,Safe,Research & Development
1643,8.8,0,Safe,Research & Development
2688,7.2,0,Safe,Research & Development
2691,6.8,0,Safe,Research & Development
2694,8.9,0,Safe,Research & Development
2695,6.8,0,Safe,Research & Development
2696,7.2,0,Safe,Research & Development
2699,6.8,0,Safe,Research & Development
2702,7.2,0,Safe,Research & Development
2703,6.8,0,Safe,Research & Development
5828,1.5,0,Safe,Research & Development
5830,1.7,0,Safe,Research & Development
5834,1.2,0,Safe,Research & Development
5835,1.2,0,Safe,Research & Development
5836,1.5,0,Safe,Research & Development
5838,1.2,0,Safe,Research & Development
5842,1.5,0,Safe,Research & Development
5843,1.2,0,Safe,Research & Development
6836,6.8,0,Safe,Sales
6839,3.9,0,Safe,Sales
6842,6.8,0,Safe,Sales
6843,5.6,0,Safe,Sales
6846,5.6,0,Safe,Sales
6849,4.9,0,Safe,Sales
6850,5.6,0,Safe,Sales
7406,3.9,0,Safe,Research & Development
7408,10.2,0,Safe,Research & Development
7411,11.4,0,Safe,Research & Development
7412,10.2,0,Safe,Research & Development
7415,6.6,0,Safe,Research & Development
7418,11.4,0,Safe,Research & Development
7419,10.2,0,Safe,Research & Development
10940,1.5,0,Safe,Sales
10942,0.7,0,Safe,Sales
10945,1.5,0,Safe,Sales
10946,1.2,0,Safe,Sales
10948,1.5,0,Safe,Sales
10950,0.4,0,Safe,Sales
10953,1.5,0,Safe,Sales
10954,1.2,0,Safe,Sales
14658,12.8,0,Safe,Research & Development
14663,5.2,0,Safe,Research & Development
14664,6.6,0,Safe,Research & Development
14666,15.3,0,Safe,Research & Development
14667,15.3,0,Safe,Research & Development
14671,5.2,0,Safe,Research & Development
14672,5.2,0,Safe,Research & Development
16855,1.1,0,Safe,Research & Development
16857,2.3,0,Safe,Research & Development
16861,1.1,0,Safe,Research & Development
16862,1.0,0,Safe,Research & Development
16863,1.1,0,Safe,Research & Development
16865,2.3,0,Safe,Research & Development
16869,1.1,0,Safe,Research & Development
16870,1.0,0,Safe,Research & Development
14659,8.7,0,Safe,Research & Development
3189,1.4,0,Safe,Research & Development
3191,0.8,0,Safe,Research & Development
3194,0.7,0,Safe,Research & Development
3195,0.5,0,Safe,Research & Development
3197,1.7,0,Safe,Research & Development
3199,0.8,0,Safe,Research & Development
3202,0.7,0,Safe,Research & Development
3203,0.5,0,Safe,Research & Development
6641,0.6,0,Safe,Research & Development
6643,0.6,0,Safe,Research & Development
6647,1.3,0,Safe,Research & Development
6648,0.6,0,Safe,Research & Development
6650,0.6,0,Safe,Research & Development
6654,1.3,0,Safe,Research & Development
6655,0.6,0,Safe,Research & Development
6881,0.5,0,Safe,Sales
6884,0.4,0,Safe,Sales
6887,1.1,0,Safe,Sales
6888,0.6,0,Safe,Sales
6891,0.6,0,Safe,Sales
6894,1.1,0,Safe,Sales
6895,0.6,0,Safe,Sales
8602,3.2,0,Safe,Sales
8605,2.8,0,Safe,Sales
8608,1.2,0,Safe,Sales
8609,3.2,0,Safe,Sales
8610,2.4,0,Safe,Sales
8611,1.6,0,Safe,Sales
8612,4.2,0,Safe,Sales
8615,2.8,0,Safe,Sales
8617,1.5,0,Safe,Sales
8618,3.2,0,Safe,Sales
10956,0.5,0,Safe,Sales
10958,0.4,0,Safe,Sales
10961,1.1,0,Safe,Sales
10962,0.3,0,Safe,Sales
10964,0.5,0,Safe,Sales
10966,0.3,0,Safe,Sales
10969,1.1,0,Safe,Sales
10970,0.3,0,Safe,Sales
11179,3.5,0,Safe,Sales
11181,3.0,0,Safe,Sales
11184,1.3,0,Safe,Sales
11185,3.5,0,Safe,Sales
11187,3.5,0,Safe,Sales
11189,3.0,0,Safe,Sales
11192,1.1,0,Safe,Sales
11193,3.5,0,Safe,Sales
11727,1.2,0,Safe,Sales
11729,1.3,0,Safe,Sales
11732,1.2,0,Safe,Sales
11733,1.3,0,Safe,Sales
11734,1.2,0,Safe,Sales
11736,1.3,0,Safe,Sales
11739,1.2,0,Safe,Sales
11740,1.2,0,Safe,Sales
14087,1.5,0,Safe,Sales
14090,1.8,0,Safe,Sales
14093,1.3,0,Safe,Sales
14094,1.8,0,Safe,Sales
14095,1.5,0,Safe,Sales
14098,1.0,0,Safe,Sales
14101,1.3,0,Safe,Sales
14102,1.0,0,Safe,Sales
18808,0.3,0,Safe,Research & Development
18809,0.2,0,Safe,Research & Development
18813,0.5,0,Safe,Research & Development
18814,0.3,0,Safe,Research & Development
18816,0.3,0,Safe,Research & Development
18817,0.3,0,Safe,Research & Development
18821,0.5,0,Safe,Research & Development
18822,0.4,0,Safe,Research & Development
19330,2.4,0,Safe,Research & Development
19332,2.0,0,Safe,Research & Development
19336,0.4,0,Safe,Research & Development
19337,2.1,0,Safe,Research & Development
19338,2.4,0,Safe,Research & Development
19340,2.0,0,Safe,Research & Development
19344,0.6,0,Safe,Research & Development
19345,0.9,0,Safe,Research & Development
16794,8.1,0,Safe,Research & Development
1956,1.3,0,Safe,Research & Development
17587,9.8,0,Safe,Research & Development
